invoice_no,stock_code,description,quantity,invoice_date,unit_price,customer_id,country,revenue
C550650,22499,WOODEN UNION JACK BUNTING,-3,4/19/2011 16:39,5.95,18171,United Kingdom,-17.85
C551510,47566,PARTY BUNTING,-100,4/28/2011 19:43,4.15,16163,United Kingdom,-415
C575224,22385,JUMBO BAG SPACEBOY DESIGN,-100,11/9/2011 11:41,1.79,17511,United Kingdom,-179
C545740,POST,POSTAGE,-1,3/7/2011 11:47,8.65,18257,United Kingdom,-8.65
C571009,90160A,PURPLE BOUDICCA LARGE BRACELET,-7,10/13/2011 12:12,6.95,12612,Germany,-48.65
C558444,21314,SMALL GLASS HEART TRINKET POT,-5,6/29/2011 13:29,1.85,15311,United Kingdom,-9.25
C555361,71053,WHITE METAL LANTERN,-1,6/2/2011 14:12,3.75,13308,United Kingdom,-3.75
C553424,21238,RED RETROSPOT CUP,-1,5/17/2011 10:31,0.85,17811,United Kingdom,-0.85
C548356,22467,GUMBALL COAT RACK,-9,3/30/2011 15:12,2.55,12472,Germany,-22.95
C581178,23494,VINTAGE DOILY DELUXE SEWING KIT ,-1,12/7/2011 15:39,5.95,15525,United Kingdom,-5.95
C544057,22060,LARGE CAKE STAND HANGING HEARTS,-1,2/15/2011 12:55,9.95,13623,United Kingdom,-9.95
C547502,84755,COLOUR GLASS T-LIGHT HOLDER HANGING,-1,3/23/2011 12:42,0.65,14513,United Kingdom,-0.65
C548972,84279P,CHERRY BLOSSOM  DECORATIVE FLASK,-4,4/5/2011 11:42,3.75,15674,United Kingdom,-15
C551551,M,Manual,-1,5/3/2011 10:08,0.29,17841,United Kingdom,-0.29
C566012,23092,LARGE ANTIQUE WHITE PHOTO FRAME,-1,9/8/2011 12:15,6.65,17243,United Kingdom,-6.65
C552334,22925,BLUE GIANT GARDEN THERMOMETER,-1,5/9/2011 11:24,5.95,12853,United Kingdom,-5.95
C543706,22423,REGENCY CAKESTAND 3 TIER,-1,2/11/2011 11:44,12.75,15044,United Kingdom,-12.75
C571501,M,Manual,-1,10/17/2011 15:14,153.13,Guest,United Kingdom,-153.13
C558745,23182,TOILET SIGN OCCUPIED OR VACANT,-1,7/1/2011 17:02,0.83,14415,United Kingdom,-0.83
C547711,22692,DOORMAT WELCOME TO OUR HOME,-1,3/24/2011 19:31,7.95,13534,United Kingdom,-7.95
C554100,22858,EASTER TIN KEEPSAKE,-1,5/22/2011 13:27,1.65,15555,United Kingdom,-1.65
C537812,22423,REGENCY CAKESTAND 3 TIER,-10,12/8/2010 13:33,10.95,14299,United Kingdom,-109.5
C581468,22098,BOUDOIR SQUARE TISSUE BOX,-12,12/8/2011 19:26,0.39,13599,United Kingdom,-4.68
C544580,S,SAMPLES,-1,2/21/2011 14:25,7,Guest,United Kingdom,-7
C545739,M,Manual,-1,3/7/2011 11:46,45.57,12754,Japan,-45.57
C579886,23460,SWEETHEART WALL TIDY ,-2,11/30/2011 17:39,9.95,15676,United Kingdom,-19.9
C570867,47590B,PINK HAPPY BIRTHDAY BUNTING,-3,10/12/2011 16:17,5.45,12607,USA,-16.35
C544655,22061,LARGE CAKE STAND  HANGING STRAWBERY,-1,2/22/2011 12:57,8.5,13113,United Kingdom,-8.5
C570963,21531,RED RETROSPOT SUGAR JAM BOWL,-1,10/13/2011 11:49,2.55,13816,Germany,-2.55
C561586,23110,PARISIENNE KEY CABINET ,-2,7/28/2011 10:49,5.75,14243,United Kingdom,-11.5
565935,23064,Crushed,-8,9/8/2011 10:46,0,Guest,United Kingdom,0
554316,21195,Unknown,-1,5/23/2011 15:29,0,Guest,United Kingdom,0
541487,85118,Unknown,-35,1/18/2011 13:19,0,Guest,United Kingdom,0
C570958,23203,JUMBO BAG VINTAGE DOILY ,-2,10/13/2011 11:30,2.08,16873,United Kingdom,-4.16
C542426,20972,PINK CREAM FELT CRAFT TRINKET BOX ,-12,1/28/2011 9:32,1.25,14146,United Kingdom,-15
C567358,22699,ROSES REGENCY TEACUP AND SAUCER ,-1,9/19/2011 16:31,2.95,16428,United Kingdom,-2.95
C570867,23367,SET 12 COLOUR PENCILS SPACEBOY ,-16,10/12/2011 16:17,0.65,12607,USA,-10.4
C553910,21232,STRAWBERRY CERAMIC TRINKET BOX,-1,5/19/2011 19:02,1.25,18168,United Kingdom,-1.25
C568748,84949,SILVER HANGING T-LIGHT HOLDER,-12,9/28/2011 16:59,1.65,16389,United Kingdom,-19.8
C546210,22355,CHARLOTTE BAG SUKI DESIGN,-1,3/10/2011 11:31,0.85,14713,United Kingdom,-0.85
C552423,D,Discount,-1,5/9/2011 12:44,11.84,14527,United Kingdom,-11.84
580379,72225C,Unknown,-144,12/2/2011 17:57,0,Guest,United Kingdom,0
C559608,22601,CHRISTMAS RETROSPOT ANGEL WOOD,-1,7/11/2011 11:44,0.85,14690,United Kingdom,-0.85
C571699,85048,15CM CHRISTMAS GLASS BALL 20 LIGHTS,-1,10/18/2011 14:51,7.95,15106,United Kingdom,-7.95
549695,84751B,Unknown,-24,4/11/2011 13:50,0,Guest,United Kingdom,0
C557522,23240,SET OF 4 KNICK KNACK TINS DOILEY ,-2,6/20/2011 17:23,4.15,17193,United Kingdom,-8.3
C563609,22784,LANTERN CREAM GAZEBO ,-2,8/18/2011 6:34,4.95,18178,United Kingdom,-9.9
C572761,22960,JAM MAKING SET WITH JARS,-3,10/26/2011 9:38,4.25,12584,Italy,-12.75
C578371,21714,CITRONELLA CANDLE GARDEN POT,-5,11/24/2011 11:16,1.25,14410,United Kingdom,-6.25
C580641,71477,COLOURED GLASS STAR T-LIGHT HOLDER,-14,12/5/2011 12:52,3.95,15621,United Kingdom,-55.3
C546904,22766,PHOTO FRAME CORNICE,-4,3/17/2011 18:33,2.95,16150,United Kingdom,-11.8
C552805,22558,CLOTHES PEGS RETROSPOT PACK 24 ,-12,5/11/2011 12:34,1.65,14149,United Kingdom,-19.8
C570508,21626,VINTAGE UNION JACK PENNANT,-12,10/11/2011 10:14,1.95,15706,United Kingdom,-23.4
C581178,23079,TOADSTOOL BEDSIDE LIGHT ,-1,12/7/2011 15:39,8.95,15525,United Kingdom,-8.95
C572448,M,Manual,-1,10/24/2011 12:28,259.79,Guest,United Kingdom,-259.79
C553905,23064,CINDERELLA CHANDELIER ,-1,5/19/2011 18:11,49.95,15622,United Kingdom,-49.95
C552552,22090,PAPER BUNTING RETROSPOT,-40,5/10/2011 10:51,2.55,16525,United Kingdom,-102
C560902,22508,DOORSTOP RETROSPOT HEART,-4,7/21/2011 17:45,3.75,17593,United Kingdom,-15
C542139,22442,GROW YOUR OWN FLOWERS SET OF 3,-4,1/25/2011 17:24,7.95,17094,United Kingdom,-31.8
C555252,23110,PARISIENNE KEY CABINET ,-1,6/1/2011 15:13,5.75,12987,United Kingdom,-5.75
C571919,23354,6 GIFT TAGS 50'S CHRISTMAS ,-36,10/19/2011 16:08,0.83,17350,United Kingdom,-29.88
C560899,84978,HANGING HEART JAR T-LIGHT HOLDER,-24,7/21/2011 17:32,1.25,15260,United Kingdom,-30
C543347,22467,GUMBALL COAT RACK,-6,2/7/2011 12:44,2.55,12472,Germany,-15.3
C562221,20685,DOORMAT RED RETROSPOT,-10,8/3/2011 14:22,6.75,16525,United Kingdom,-67.5
C538189,M,Manual,-1,12/10/2010 10:35,133.08,Guest,United Kingdom,-133.08
C547241,85194L,HANGING SPRING FLOWER EGG LARGE,-8,3/21/2011 16:34,0.85,16817,United Kingdom,-6.8
576569,47504K,Unknown,-21,11/15/2011 13:45,0,Guest,United Kingdom,0
C579415,23169,CLASSIC GLASS COOKIE JAR,-4,11/29/2011 12:52,3.75,15311,United Kingdom,-15
C537383,21658,GLASS  BEURRE DISH,-1,12/6/2010 13:17,3.95,16550,United Kingdom,-3.95
C570867,23229,VINTAGE DONKEY TAIL GAME ,-6,10/12/2011 16:17,3.75,12607,USA,-22.5
C551508,23194,GYMKHANA TREASURE BOOK BOX,-6,4/28/2011 18:16,2.25,13102,United Kingdom,-13.5
C553910,21537,RED RETROSPOT PUDDING BOWL,-1,5/19/2011 19:02,4.25,18168,United Kingdom,-4.25
C563600,21218,RED SPOTTY BISCUIT TIN,-1,8/18/2011 6:24,3.75,14911,EIRE,-3.75
C538341,22988,SOLDIERS EGG CUP ,-12,12/10/2010 14:03,1.25,15514,United Kingdom,-15
C562375,23307,SET OF 60 PANTRY DESIGN CAKE CASES ,-24,8/4/2011 14:46,0.55,14911,EIRE,-13.2
C564964,22698,PINK REGENCY TEACUP AND SAUCER,-2,8/31/2011 15:00,2.95,17315,United Kingdom,-5.9
C569911,21534,DAIRY MAID LARGE MILK JUG,-1,10/6/2011 16:47,4.95,16653,United Kingdom,-4.95
537449,21054,Unknown,-30,12/7/2010 9:26,0,Guest,United Kingdom,0
C543052,22797,CHEST OF DRAWERS GINGHAM HEART ,-1,2/3/2011 10:20,16.95,14180,United Kingdom,-16.95
554299,20975,Unknown,-39,5/23/2011 14:28,0,Guest,United Kingdom,0
C552406,21658,GLASS  BEURRE DISH,-2,5/9/2011 12:39,3.39,12709,Germany,-6.78
542564,84526,Unknown,-1,1/28/2011 14:52,0,Guest,United Kingdom,0
568407,84660A,Unknown,-8,9/27/2011 10:38,0,Guest,United Kingdom,0
C545329,M,Manual,-1,3/1/2011 15:47,280.05,12352,Norway,-280.05
C565597,22625,RED KITCHEN SCALES,-1,9/5/2011 14:29,7.65,12709,Germany,-7.65
C560855,22261,FELT EGG COSY WHITE RABBIT ,-4,7/21/2011 13:00,0.85,14410,United Kingdom,-3.4
C537251,22748,POPPY'S PLAYHOUSE KITCHEN,-4,12/6/2010 10:45,2.1,Guest,United Kingdom,-8.4
C559486,23111,PARISIENNE SEWING BOX,-1,7/8/2011 13:51,12.5,13047,United Kingdom,-12.5
C558110,22969,HOMEMADE JAM SCENTED CANDLES,-12,6/26/2011 15:47,1.45,17731,United Kingdom,-17.4
C560540,23190,BUNDLE OF 3 SCHOOL EXERCISE BOOKS  ,-1,7/19/2011 12:26,1.65,12415,Australia,-1.65
C567978,21452,TOADSTOOL MONEY BOX,-1,9/23/2011 10:40,2.95,14546,United Kingdom,-2.95
C574291,21977,PACK OF 60 PINK PAISLEY CAKE CASES,-24,11/3/2011 15:19,0.55,15290,United Kingdom,-13.2
C580313,21232,STRAWBERRY CERAMIC TRINKET POT,-3,12/2/2011 15:10,1.25,12668,Germany,-3.75
C572471,22303,COFFEE MUG APPLES DESIGN,-1,10/24/2011 13:33,2.1,17090,United Kingdom,-2.1
C578276,23493,VINTAGE DOILY TRAVEL SEWING KIT,-1,11/23/2011 13:48,1.65,17511,United Kingdom,-1.65
C550482,22843,BISCUIT TIN VINTAGE GREEN,-2,4/18/2011 14:12,6.75,17204,United Kingdom,-13.5
C542910,85099B,JUMBO BAG RED RETROSPOT,-1,2/1/2011 15:38,1.65,17511,United Kingdom,-1.65
C559136,22197,POPCORN HOLDER,-2,7/6/2011 13:21,0.72,17511,United Kingdom,-1.44
C569655,22911,PAPER CHAIN KIT LONDON,-3,10/5/2011 12:58,2.95,14534,United Kingdom,-8.85
C575572,23485,BOTANICAL GARDENS WALL CLOCK ,-1,11/10/2011 11:33,20.8,17528,United Kingdom,-20.8
C578007,23234,BISCUIT TIN VINTAGE CHRISTMAS,-1,11/22/2011 12:40,2.89,16474,United Kingdom,-2.89
C551015,22637,PIGGY BANK RETROSPOT ,-3,4/26/2011 11:06,2.1,12753,Japan,-6.3
C560540,21210,SET OF 72 RETROSPOT PAPER  DOILIES,-1,7/19/2011 12:26,1.45,12415,Australia,-1.45
C552889,20725,LUNCH BAG RED RETROSPOT,-1,5/12/2011 10:29,1.65,14606,United Kingdom,-1.65
C577737,22863,SOAP DISH BROCANTE,-12,11/21/2011 13:25,2.95,15681,United Kingdom,-35.4
C557061,22360,GLASS JAR ENGLISH CONFECTIONERY,-5,6/16/2011 14:55,2.95,14895,United Kingdom,-14.75
551168,85068,Unknown,-4,4/26/2011 16:06,0,Guest,United Kingdom,0
C547853,20727,LUNCH BAG  BLACK SKULL.,-3,3/27/2011 12:11,1.65,15615,United Kingdom,-4.95
C559498,21931,JUMBO STORAGE BAG SUKI,-2,7/8/2011 14:06,2.08,15078,United Kingdom,-4.16
C550538,37495,FAIRY CAKE BIRTHDAY CANDLE SET,-2,4/19/2011 11:26,3.75,17746,United Kingdom,-7.5
C570221,22063,CERAMIC BOWL WITH STRAWBERRY DESIGN,-2,10/9/2011 12:56,2.95,13113,United Kingdom,-5.9
C580957,POST,POSTAGE,-1,12/6/2011 14:23,4.5,12839,United Kingdom,-4.5
C578003,37495,FAIRY CAKE BIRTHDAY CANDLE SET,-3,11/22/2011 12:31,3.75,13832,United Kingdom,-11.25
C569112,22357,KINGS CHOICE BISCUIT TIN,-2,9/30/2011 12:47,4.25,17405,United Kingdom,-8.5
C543347,22328,ROUND SNACK BOXES SET OF 4 FRUITS ,-2,2/7/2011 12:44,2.95,12472,Germany,-5.9
574173,35923,check,-42,11/3/2011 11:46,0,Guest,United Kingdom,0
C540948,22941,CHRISTMAS LIGHTS 10 REINDEER,-2,1/12/2011 12:47,8.5,13093,United Kingdom,-17
C540950,22960,JAM MAKING SET WITH JARS,-1,1/12/2011 12:51,4.25,18226,United Kingdom,-4.25
C579886,23491,VINTAGE JINGLE BELLS HEART,-1,11/30/2011 17:39,8.25,15676,United Kingdom,-8.25
C546519,84559B,3D SHEET OF CAT STICKERS,-4,3/14/2011 12:27,0.85,14350,United Kingdom,-3.4
C570290,23201,JUMBO BAG ALPHABET,-10,10/10/2011 11:54,2.08,14665,United Kingdom,-20.8
C576197,21642,ASSORTED TUTTI FRUTTI PEN,-23,11/14/2011 12:08,0.29,13755,United Kingdom,-6.67
C555881,21918,SET 12 KIDS COLOUR  CHALK STICKS,-3,6/7/2011 15:37,0.42,12473,Germany,-1.26
551323,21398,damages,-9,4/27/2011 15:31,0,Guest,United Kingdom,0
C539448,20803,SMALL PINK GLASS SUNDAE DISH,-36,12/17/2010 16:25,0.42,15157,United Kingdom,-15.12
C554781,21929,JUMBO BAG PINK VINTAGE PAISLEY,-1,5/26/2011 11:44,1.95,14245,United Kingdom,-1.95
C569107,22039,BOTANICAL LILY GIFT WRAP,-25,9/30/2011 12:40,0.42,15150,United Kingdom,-10.5
550760,84750B,Unknown,-4,4/20/2011 12:09,0,Guest,United Kingdom,0
556286,16052,Unknown,-16,6/10/2011 9:22,0,Guest,United Kingdom,0
568093,20773,Unknown,-9,9/23/2011 14:42,0,Guest,United Kingdom,0
C546507,22914,BLUE COAT RACK PARIS FASHION,-1,3/14/2011 11:47,4.95,12712,Germany,-4.95
549156,17013D,Unknown,-9,4/6/2011 17:11,0,Guest,United Kingdom,0
C567708,22998,TRAVEL CARD WALLET KEEP CALM,-24,9/22/2011 9:53,0.42,15201,United Kingdom,-10.08
C567891,82483,WOOD 2 DRAWER CABINET WHITE FINISH,-1,9/22/2011 15:50,6.95,15296,United Kingdom,-6.95
C537251,22454,MEASURING TAPE BABUSHKA RED,-8,12/6/2010 10:45,2.95,Guest,United Kingdom,-23.6
C570828,90168,2 DAISIES HAIR COMB,-6,10/12/2011 13:15,2.95,14911,EIRE,-17.7
C569975,23056,FLOWERS CHANDELIER T-LIGHT HOLDER,-1,10/6/2011 19:25,6.25,14333,United Kingdom,-6.25
C552858,22770,MIRROR CORNICE,-1,5/11/2011 15:46,14.95,14180,United Kingdom,-14.95
C554345,22729,ALARM CLOCK BAKELIKE ORANGE,-1,5/23/2011 17:47,3.75,13767,United Kingdom,-3.75
C556644,22699,ROSES REGENCY TEACUP AND SAUCER ,-1,6/13/2011 16:06,2.95,17115,United Kingdom,-2.95
C546930,22766,PHOTO FRAME CORNICE,-1,3/18/2011 10:37,2.95,14701,United Kingdom,-2.95
C578371,22949,SET OF 36 DOLLY GIRL PAPER DOILIES,-2,11/24/2011 11:16,1.45,14410,United Kingdom,-2.9
C572275,22423,REGENCY CAKESTAND 3 TIER,-1,10/23/2011 9:42,12.75,12572,Germany,-12.75
C551511,22424,ENAMEL BREAD BIN CREAM,-1,4/28/2011 19:49,12.75,14311,United Kingdom,-12.75
C543640,22504,CABIN BAG VINTAGE RETROSPOT,-1,2/10/2011 17:06,29.95,12967,United Kingdom,-29.95
C543475,84881,BLUE WIRE SPIRAL CANDLE HOLDER,-1,2/8/2011 15:15,6.35,14415,United Kingdom,-6.35
C547968,22859,EASTER TIN BUNNY BOUQUET,-1,3/28/2011 16:02,1.65,12471,Germany,-1.65
538247,79067,Unknown,-145,12/10/2010 12:09,0,Guest,United Kingdom,0
561536,84927E,Unknown,-2,7/28/2011 9:58,0,Guest,United Kingdom,0
C561725,82580,BATHROOM METAL SIGN,-2,7/29/2011 12:10,0.55,17841,United Kingdom,-1.1
C544828,22423,REGENCY CAKESTAND 3 TIER,-1,2/24/2011 9:49,12.75,17147,United Kingdom,-12.75
C544034,21743,STAR PORTABLE TABLE LIGHT ,-5,2/15/2011 11:28,2.95,14701,United Kingdom,-14.75
C549252,22667,RECIPE BOX RETROSPOT ,-5,4/7/2011 12:18,2.55,16584,United Kingdom,-12.75
C570828,90202A,PURPLE ENAMEL FLOWER HAIR TIE,-6,10/12/2011 13:15,2.95,14911,EIRE,-17.7
C559500,21735,TWO DOOR CURIO CABINET,-1,7/8/2011 14:27,12.75,14016,EIRE,-12.75
C571695,21703,BAG 125g SWIRLY MARBLES,-60,10/18/2011 14:46,0.42,14776,United Kingdom,-25.2
C571346,23295,SET OF 12 MINI LOAF BAKING CASES,-6,10/17/2011 11:46,0.83,16101,United Kingdom,-4.98
C540952,21531,RED RETROSPOT SUGAR JAM BOWL,-1,1/12/2011 13:12,2.55,14606,United Kingdom,-2.55
C539069,22634,CHILDS BREAKFAST SET SPACEBOY ,-1,12/15/2010 16:57,9.95,12947,United Kingdom,-9.95
551583,84482,Unknown,-5,5/3/2011 11:21,0,Guest,United Kingdom,0
C552700,22650,CERAMIC PIRATE CHEST MONEY BANK,-2,5/10/2011 15:56,1.45,14587,United Kingdom,-2.9
C569663,21381,MINI WOODEN HAPPY BIRTHDAY GARLAND,-1,10/5/2011 13:29,1.69,17841,United Kingdom,-1.69
C566384,22843,BISCUIT TIN VINTAGE GREEN,-1,9/12/2011 12:41,6.75,17811,United Kingdom,-6.75
C551465,22697,GREEN REGENCY TEACUP AND SAUCER,-1,4/28/2011 16:17,2.95,14640,United Kingdom,-2.95
C562952,23239,SET OF 4 KNICK KNACK TINS POPPIES,-3,8/11/2011 10:10,4.15,12749,United Kingdom,-12.45
C564435,POST,POSTAGE,-1,8/25/2011 12:05,4.41,17676,United Kingdom,-4.41
C558745,21314,SMALL GLASS HEART TRINKET POT,-1,7/1/2011 17:02,2.1,14415,United Kingdom,-2.1
C555873,22361,GLASS JAR DAISY FRESH COTTON WOOL,-1,6/7/2011 15:12,2.95,15498,United Kingdom,-2.95
C561613,22780,LIGHT GARLAND BUTTERFILES PINK,-4,7/28/2011 12:46,4.25,14194,United Kingdom,-17
572686,23118,Breakages,-30,10/25/2011 14:03,0,Guest,United Kingdom,0
C543469,85232B,SET OF 3 BABUSHKA STACKING TINS,-1,2/8/2011 14:55,4.25,12709,Germany,-4.25
571011,21078,Unknown,-207,10/13/2011 12:13,0,Guest,United Kingdom,0
C577081,82582,AREA PATROLLED METAL SIGN,-6,11/17/2011 15:24,2.1,18230,United Kingdom,-12.6
556320,22922,sold as set on dotcom,-42,6/10/2011 10:50,0,Guest,United Kingdom,0
C569549,20726,LUNCH BAG WOODLAND,-10,10/4/2011 17:32,1.65,15955,United Kingdom,-16.5
C543185,22333,RETROSPOT PARTY BAG + STICKER SET,-14,2/4/2011 11:22,1.65,Guest,United Kingdom,-23.1
C574493,23103,JINGLE BELL HEART DECORATION,-3,11/4/2011 13:09,1.65,14842,United Kingdom,-4.95
C579192,22357,KINGS CHOICE BISCUIT TIN,-4,11/28/2011 15:43,4.25,12657,France,-17
C555729,22768,FAMILY PHOTO FRAME CORNICE,-1,6/6/2011 16:50,9.95,13552,United Kingdom,-9.95
556316,22128,sold as set on dotcom,-24,6/10/2011 10:48,0,Guest,United Kingdom,0
C581145,23249,VINTAGE RED ENAMEL TRIM PLATE,-9,12/7/2011 13:48,1.49,17490,United Kingdom,-13.41
C540250,22941,CHRISTMAS LIGHTS 10 REINDEER,-1,1/5/2011 16:02,8.5,17511,United Kingdom,-8.5
C574010,22356,CHARLOTTE BAG PINK POLKADOT,-1,11/2/2011 11:51,0.85,17841,United Kingdom,-0.85
C578007,23197,SKETCHBOOK MAGNETIC SHOPPING LIST,-1,11/22/2011 12:40,1.45,16474,United Kingdom,-1.45
C568573,20725,LUNCH BAG RED RETROSPOT,-1,9/28/2011 9:09,1.65,13115,United Kingdom,-1.65
C569114,22487,WHITE WOOD GARDEN PLANT LADDER,-1,9/30/2011 12:50,9.95,14911,EIRE,-9.95
C537132,71279,PINK GLASS CANDLEHOLDER,-2,12/5/2010 12:29,2.95,15221,United Kingdom,-5.9
561493,84761,Unknown,-11,7/27/2011 13:59,0,Guest,United Kingdom,0
C572120,21430,SET/3 RED GINGHAM ROSE STORAGE BOX,-1,10/20/2011 19:29,3.75,14911,EIRE,-3.75
C573092,20728,LUNCH BAG CARS BLUE,-112,10/27/2011 14:38,1.45,13791,United Kingdom,-162.4
C544580,S,SAMPLES,-1,2/21/2011 14:25,9.74,Guest,United Kingdom,-9.74
C559253,22333,RETROSPOT PARTY BAG + STICKER SET,-1,7/7/2011 11:44,1.65,12472,Germany,-1.65
C572334,23204,CHARLOTTE BAG APPLES DESIGN,-100,10/24/2011 10:25,0.72,14607,United Kingdom,-72
C560540,21929,JUMBO BAG PINK VINTAGE PAISLEY,-1,7/19/2011 12:26,2.08,12415,Australia,-2.08
548206,22469,Unknown,-53,3/29/2011 16:56,0,Guest,United Kingdom,0
C574999,23133,LARGE IVORY HEART WALL ORGANISER,-1,11/8/2011 11:06,8.25,17289,United Kingdom,-8.25
C562793,M,Manual,-1,8/9/2011 14:18,57.6,16422,United Kingdom,-57.6
C545997,22367,CHILDRENS APRON SPACEBOY DESIGN,-8,3/8/2011 14:35,1.95,12679,France,-15.6
548989,72799F,Unknown,-46,4/5/2011 13:19,0,Guest,United Kingdom,0
C571029,22150,3 STRIPEY MICE FELTCRAFT,-3,10/13/2011 12:23,1.95,13035,United Kingdom,-5.85
549004,21274,Unknown,-3,4/5/2011 14:37,0,Guest,United Kingdom,0
C560409,48184,DOORMAT ENGLISH ROSE ,-2,7/18/2011 14:24,7.95,16717,United Kingdom,-15.9
C538712,22941,CHRISTMAS LIGHTS 10 REINDEER,-1,12/14/2010 10:51,8.5,17677,United Kingdom,-8.5
C559347,85159A,"BLACK TEA,COFFEE,SUGAR JARS",-24,7/7/2011 17:22,1.95,18072,United Kingdom,-46.8
C567978,23092,LARGE ANTIQUE WHITE PHOTO FRAME,-1,9/23/2011 10:40,7.9,14546,United Kingdom,-7.9
C540246,22632,HAND WARMER RED RETROSPOT,-1,1/5/2011 15:43,1.85,13081,United Kingdom,-1.85
C562280,23020,GLASS  SONGBIRD STORAGE JAR,-1,8/4/2011 10:31,12.5,16133,United Kingdom,-12.5
C559467,21464,DISCO BALL ROTATOR BATTERY OPERATED,-1,7/8/2011 13:33,4.25,13078,United Kingdom,-4.25
C573949,23012,GLASS APOTHECARY BOTTLE PERFUME,-4,11/2/2011 10:47,3.95,14511,United Kingdom,-15.8
561494,18097A,Unknown,-23,7/27/2011 14:04,0,Guest,United Kingdom,0
575287,84508A,check,-39,11/9/2011 12:15,0,Guest,United Kingdom,0
C546128,22842,BISCUIT TIN VINTAGE RED,-1,3/9/2011 15:05,6.75,15622,United Kingdom,-6.75
C555729,23111,PARISIENNE SEWING BOX,-8,6/6/2011 16:50,10.4,13552,United Kingdom,-83.2
C538059,22697,GREEN REGENCY TEACUP AND SAUCER,-6,12/9/2010 13:38,2.95,14205,United Kingdom,-17.7
C576199,22186,RED STAR CARD HOLDER,-1,11/14/2011 12:13,1.95,12610,Italy,-1.95
C560391,22698,PINK REGENCY TEACUP AND SAUCER,-1,7/18/2011 13:21,2.95,12930,United Kingdom,-2.95
C560420,M,Manual,-1,7/18/2011 15:11,1592.49,15369,United Kingdom,-1592.49
C574487,85099B,JUMBO BAG RED RETROSPOT,-1,11/4/2011 12:57,2.08,14112,United Kingdom,-2.08
C550808,22699,ROSES REGENCY TEACUP AND SAUCER ,-1,4/20/2011 15:57,2.95,14323,United Kingdom,-2.95
C560823,BANK CHARGES,Bank Charges,-1,7/21/2011 11:22,21.9,Guest,United Kingdom,-21.9
C569525,22457,NATURAL SLATE HEART CHALKBOARD ,-1,10/4/2011 14:48,2.95,16474,United Kingdom,-2.95
C578371,22414,DOORMAT NEIGHBOURHOOD WITCH ,-1,11/24/2011 11:16,8.25,14410,United Kingdom,-8.25
C546931,22301,COFFEE MUG CAT + BIRD DESIGN,-2,3/18/2011 10:40,2.1,12989,United Kingdom,-4.2
C563207,84279P,CHERRY BLOSSOM  DECORATIVE FLASK,-1,8/14/2011 12:10,3.75,17613,United Kingdom,-3.75
C570828,90185B,AMETHYST DIAMANTE EXPANDABLE RING,-6,10/12/2011 13:15,4.25,14911,EIRE,-25.5
C565582,20725,LUNCH BAG RED RETROSPOT,-100,9/5/2011 12:38,1.45,14156,EIRE,-145
C569949,22960,JAM MAKING SET WITH JARS,-1,10/6/2011 18:27,4.25,12584,Italy,-4.25
C567704,23287,RED VINTAGE SPOT BEAKER,-8,9/22/2011 9:41,0.85,17716,United Kingdom,-6.8
552733,23059,Thrown away-rusty,-2376,5/11/2011 10:48,0,Guest,United Kingdom,0
C540634,79323P,PINK CHERRY LIGHTS,-4,1/10/2011 12:02,6.75,13672,United Kingdom,-27
C563220,21289,LARGE STRIPES CHOCOLATE GIFT BAG,-4,8/14/2011 14:22,1.25,16150,United Kingdom,-5
C552876,M,Manual,-1,5/12/2011 9:48,929.9,13235,United Kingdom,-929.9
C573086,22065,CHRISTMAS PUDDING TRINKET POT ,-1,10/27/2011 14:27,0.39,13991,United Kingdom,-0.39
C570004,22371,AIRLINE BAG VINTAGE TOKYO 78,-1,10/7/2011 9:21,4.25,13198,United Kingdom,-4.25
549009,21474,Unknown,-8,4/5/2011 14:39,0,Guest,United Kingdom,0
C579895,23374,RED SPOT PAPER GIFT BAG,-5,12/1/2011 8:27,0.82,14329,United Kingdom,-4.1
C549960,22423,REGENCY CAKESTAND 3 TIER,-2,4/13/2011 13:49,12.75,16652,United Kingdom,-25.5
C558313,22629,SPACEBOY LUNCH BOX ,-1,6/28/2011 11:31,1.95,13870,United Kingdom,-1.95
C567690,23007, SPACEBOY BABY GIFT SET,-1,9/21/2011 17:01,16.95,15810,United Kingdom,-16.95
C568347,84660A,WHITE STITCHED WALL CLOCK,-1,9/26/2011 15:31,0.79,17997,United Kingdom,-0.79
C552556,23194,GYMKHANA TREASURE BOOK BOX,-8,5/10/2011 11:21,2.25,17504,United Kingdom,-18
C572334,23201,JUMBO BAG ALPHABET,-100,10/24/2011 10:25,1.79,14607,United Kingdom,-179
C544279,22617,BAKING SET SPACEBOY DESIGN,-1,2/17/2011 12:03,4.95,17954,United Kingdom,-4.95
563652,22461,Unknown,-36,8/18/2011 10:43,0,Guest,United Kingdom,0
551443,35920,Unknown,-4,4/28/2011 15:51,0,Guest,United Kingdom,0
C568879,23204,CHARLOTTE BAG APPLES DESIGN,-50,9/29/2011 12:38,0.72,14680,United Kingdom,-36
C567963,21218,RED SPOTTY BISCUIT TIN,-1,9/23/2011 9:19,3.75,14141,United Kingdom,-3.75
C558097,22796,PHOTO FRAME 3 CLASSIC HANGING,-1,6/26/2011 13:29,9.95,15532,United Kingdom,-9.95
557030,21446,Unknown,-50,6/16/2011 13:30,0,Guest,United Kingdom,0
C559012,23122,PARTY CHARMS 50 PIECES,-1,7/5/2011 12:50,0.83,17017,United Kingdom,-0.83
576764,16008,check,-1510,11/16/2011 13:10,0,Guest,United Kingdom,0
C544080,22423,REGENCY CAKESTAND 3 TIER,-4,2/15/2011 15:46,10.95,17819,United Kingdom,-43.8
C555935,23076,ICE CREAM SUNDAE LIP GLOSS,-24,6/8/2011 9:14,1.25,12567,France,-30
C572441,POST,POSTAGE,-1,10/24/2011 12:08,20.47,Guest,United Kingdom,-20.47
548682,72789,Unknown,-2,4/1/2011 16:44,0,Guest,United Kingdom,0
C538628,22461,SAVOY ART DECO CLOCK,-1,12/13/2010 13:09,12.75,17231,United Kingdom,-12.75
C544557,22914,BLUE COAT RACK PARIS FASHION,-2,2/21/2011 12:31,4.95,17422,United Kingdom,-9.9
C548460,21868,POTTING SHED TEA MUG,-12,3/31/2011 11:58,1.25,16801,United Kingdom,-15
C563483,22927,GREEN GIANT GARDEN THERMOMETER,-1,8/16/2011 15:59,5.95,14175,United Kingdom,-5.95
C564427,22041,"RECORD FRAME 7"" SINGLE SIZE ",-1,8/25/2011 11:18,2.55,17841,United Kingdom,-2.55
545552,22021,Unknown,-20,3/3/2011 15:11,0,Guest,United Kingdom,0
C580604,AMAZONFEE,AMAZON FEE,-1,12/5/2011 11:35,11586.5,Guest,United Kingdom,-11586.5
C566743,22606,WOODEN SKITTLES GARDEN SET,-1,9/14/2011 14:58,15.95,14299,United Kingdom,-15.95
C539270,85040A,S/4 PINK FLOWER CANDLES IN BOWL,-7,12/16/2010 15:27,1.65,14777,United Kingdom,-11.55
C564845,47503A,ASS FLORAL PRINT MULTI SCREWDRIVER,-24,8/30/2011 14:20,0.42,17416,United Kingdom,-10.08
C546783,22801,ANTIQUE GLASS PEDESTAL BOWL,-1,3/17/2011 9:32,3.75,12924,United Kingdom,-3.75
C547851,20727,LUNCH BAG  BLACK SKULL.,-1,3/27/2011 12:08,1.65,16782,United Kingdom,-1.65
C552556,21980,PACK OF 12 RED RETROSPOT TISSUES ,-72,5/10/2011 11:21,0.29,17504,United Kingdom,-20.88
C549786,22233,JIGSAW RABBIT AND BIRDHOUSE,-6,4/12/2011 11:58,1.65,14071,United Kingdom,-9.9
C536820,21843,RED RETROSPOT CAKE STAND,-1,12/2/2010 17:14,10.95,18168,United Kingdom,-10.95
C562961,22852,DOG BOWL VINTAGE CREAM,-1,8/11/2011 10:24,4.25,14305,United Kingdom,-4.25
549346,22033,Unknown,-50,4/8/2011 11:10,0,Guest,United Kingdom,0
C542642,22841,ROUND CAKE TIN VINTAGE GREEN,-2,1/31/2011 11:27,7.95,15827,United Kingdom,-15.9
C569938,22726,ALARM CLOCK BAKELIKE GREEN,-1,10/6/2011 17:55,3.75,14211,United Kingdom,-3.75
C544665,22697,GREEN REGENCY TEACUP AND SAUCER,-1,2/22/2011 14:56,2.95,12852,United Kingdom,-2.95
C570867,21124,SET/10 BLUE POLKADOT PARTY CANDLES,-24,10/12/2011 16:17,1.25,12607,USA,-30
C549666,37448,CERAMIC CAKE DESIGN SPOTTED MUG,-1,4/11/2011 12:17,1.49,13113,United Kingdom,-1.49
C556493,82486,WOOD S/3 CABINET ANT WHITE FINISH,-1,6/12/2011 14:56,8.95,17802,United Kingdom,-8.95
C579912,84949,SILVER HANGING T-LIGHT HOLDER,-11,12/1/2011 8:54,1.45,17044,United Kingdom,-15.95
C548174,22725,ALARM CLOCK BAKELIKE CHOCOLATE,-1,3/29/2011 14:17,3.75,13662,United Kingdom,-3.75
C580313,22303,COFFEE MUG APPLES DESIGN,-2,12/2/2011 15:10,2.55,12668,Germany,-5.1
C579896,23456,MEDIUM PARLOUR PICTURE FRAME ,-2,12/1/2011 8:27,4.15,13971,United Kingdom,-8.3
C540634,85232B,SET OF 3 BABUSHKA STACKING TINS,-3,1/10/2011 12:02,4.95,13672,United Kingdom,-14.85
C579892,23461,SWEETHEART BIRD HOUSE,-4,12/1/2011 8:23,4.15,13310,United Kingdom,-16.6
C552020,22359,GLASS JAR KINGS CHOICE,-1,5/5/2011 17:47,2.95,18183,United Kingdom,-2.95
540987,17011A,Unknown,-61,1/12/2011 16:15,0,Guest,United Kingdom,0
551429,10002,Unknown,-3,4/28/2011 15:05,0,Guest,United Kingdom,0
C559742,22956,36 FOIL HEART CAKE CASES,-6,7/12/2011 11:11,2.1,14267,United Kingdom,-12.6
C560654,23026,DRAWER KNOB VINTAGE GLASS STAR,-2,7/20/2011 11:40,2.08,16255,United Kingdom,-4.16
571037,20669,Unknown,-25,10/13/2011 12:58,0,Guest,United Kingdom,0
C539983,82483,WOOD 2 DRAWER CABINET WHITE FINISH,-6,12/23/2010 14:49,4.95,15856,United Kingdom,-29.7
C553854,22891,TEA FOR ONE POLKADOT,-1,5/19/2011 13:13,4.25,Guest,United Kingdom,-4.25
C564956,23292,SPACEBOY CHILDRENS CUP,-1,8/31/2011 13:41,1.25,16303,United Kingdom,-1.25
C570552,22207,FRYING PAN UNION FLAG,-72,10/11/2011 11:01,3.75,16029,United Kingdom,-270
C572334,20685,DOORMAT RED RETROSPOT,-10,10/24/2011 10:25,7.08,14607,United Kingdom,-70.8
C572989,23458,DOLLY CABINET 3 DRAWERS ,-1,10/27/2011 10:53,14.95,15786,United Kingdom,-14.95
C566970,22784,LANTERN CREAM GAZEBO ,-3,9/16/2011 8:51,4.95,13993,United Kingdom,-14.85
C576561,22681,FRENCH BLUE METAL DOOR SIGN 6,-1,11/15/2011 13:22,1.06,15311,United Kingdom,-1.06
C569989,23243,SET OF TEA COFFEE SUGAR TINS PANTRY,-18,10/6/2011 20:08,4.15,16839,United Kingdom,-74.7
571013,23306,Unknown,-104,10/13/2011 12:16,0,Guest,United Kingdom,0
C539114,22667,RECIPE BOX RETROSPOT ,-3,12/16/2010 11:24,2.95,12494,France,-8.85
C545848,22776,SWEETHEART CAKESTAND 3 TIER,-3,3/7/2011 13:41,8.5,17672,United Kingdom,-25.5
C566183,20979,36 PENCILS TUBE RED RETROSPOT,-4,9/9/2011 12:59,1.25,14837,United Kingdom,-5
C572445,M,Manual,-1,10/24/2011 12:20,186.21,Guest,United Kingdom,-186.21
C539606,20705,MRS ROBOT SOFT TOY,-1,12/20/2010 14:09,1.95,16145,United Kingdom,-1.95
C548464,22846,BREAD BIN DINER STYLE RED ,-3,3/31/2011 12:14,14.95,13043,United Kingdom,-44.85
576413,17012C,check,-22,11/15/2011 11:21,0,Guest,United Kingdom,0
C540417,22628,PICNIC BOXES SET OF 3 RETROSPOT ,-4,1/7/2011 10:56,4.95,13680,United Kingdom,-19.8
C577398,84978,HANGING HEART JAR T-LIGHT HOLDER,-7,11/18/2011 17:15,1.25,16839,United Kingdom,-8.75
C564903,21906,PHARMACIE FIRST AID TIN,-1,8/31/2011 12:05,6.75,16984,United Kingdom,-6.75
C543050,22637,PIGGY BANK RETROSPOT ,-2,2/3/2011 10:14,2.55,12625,Germany,-5.1
C568412,11001,ASSTD DESIGN RACING CAR PEN,-1,9/27/2011 10:54,1.69,14456,United Kingdom,-1.69
C540243,22316,200 BENDY SKULL STRAWS,-1,1/5/2011 15:32,1.25,12585,Germany,-1.25
542562,84499,Unknown,-1,1/28/2011 14:52,0,Guest,United Kingdom,0
550757,16202B,Unknown,-9,4/20/2011 12:08,0,Guest,United Kingdom,0
C546997,22399,MAGNETS PACK OF 4 CHILDHOOD MEMORY,-6,3/18/2011 13:32,1.25,12748,United Kingdom,-7.5
C570867,23165,LARGE CERAMIC TOP STORAGE JAR,-12,10/12/2011 16:17,1.65,12607,USA,-19.8
C537860,21066,VINTAGE RED MUG,-12,12/8/2010 16:15,1.25,16252,United Kingdom,-15
C547675,22263,FELT EGG COSY LADYBIRD ,-49,3/24/2011 14:07,0.66,17754,United Kingdom,-32.34
C550013,22892,SET OF SALT AND PEPPER TOADSTOOLS,-1,4/14/2011 10:49,1.25,12982,United Kingdom,-1.25
C578097,23358,HOT STUFF HOT WATER BOTTLE,-36,11/22/2011 17:31,3.29,Guest,United Kingdom,-118.44
C554266,22244,3 HOOK HANGER MAGIC GARDEN,-5,5/23/2011 12:48,1.95,12474,Germany,-9.75
C567690,23254,CHILDRENS CUTLERY DOLLY GIRL ,-1,9/21/2011 17:01,4.15,15810,United Kingdom,-4.15
C551861,22960,JAM MAKING SET WITH JARS,-1,5/4/2011 15:44,4.25,12840,United Kingdom,-4.25
C575161,22960,JAM MAKING SET WITH JARS,-5,11/8/2011 16:25,4.25,15271,United Kingdom,-21.25
554128,84563A,damaged,-4,5/23/2011 9:26,0,Guest,United Kingdom,0
C559743,22798,ANTIQUE GLASS DRESSING TABLE POT,-1,7/12/2011 11:12,2.95,13599,United Kingdom,-2.95
C536812,22588,CARD HOLDER GINGHAM HEART,-192,12/2/2010 16:58,2.1,16546,United Kingdom,-403.2
C542951,22856,ASSORTED EASTER DECORATIONS  BELLS,-2,2/2/2011 11:16,1.25,16985,United Kingdom,-2.5
561254,DCGS0067,ebay,-11,7/26/2011 11:52,0,Guest,United Kingdom,0
C581305,82484,WOOD BLACK BOARD ANT WHITE FINISH,-1,12/8/2011 11:42,7.95,16933,United Kingdom,-7.95
C573864,23168,CLASSIC CAFE SUGAR DISPENSER,-2,11/1/2011 11:55,1.04,15311,United Kingdom,-2.08
C536817,22187,GREEN CHRISTMAS TREE CARD HOLDER,-1,12/2/2010 17:08,4.25,14156,EIRE,-4.25
C560855,23193,BUFFALO BILL TREASURE BOOK BOX,-2,7/21/2011 13:00,2.25,14410,United Kingdom,-4.5
C541656,21528,DAIRY MAID TRADITIONAL TEAPOT ,-1,1/20/2011 12:07,6.95,17315,United Kingdom,-6.95
C566940,22698,PINK REGENCY TEACUP AND SAUCER,-1,9/15/2011 16:13,2.95,14105,United Kingdom,-2.95
C559347,20840,FRENCH FLORAL CUSHION COVER ,-12,7/7/2011 17:22,0.85,18072,United Kingdom,-10.2
C547198,22227,HANGING HEART MIRROR DECORATION ,-1,3/21/2011 12:50,0.65,14606,United Kingdom,-0.65
C553032,22631,CIRCUS PARADE LUNCH BOX ,-3,5/12/2011 19:44,1.95,13320,United Kingdom,-5.85
C550181,21243,PINK  POLKADOT PLATE ,-8,4/14/2011 17:43,1.69,13069,United Kingdom,-13.52
C553029,20821,GOLDIE LOOKING MIRROR,-6,5/12/2011 19:41,4.95,14201,United Kingdom,-29.7
C580805,85123A,WHITE HANGING HEART T-LIGHT HOLDER,-1,12/6/2011 11:23,2.95,16764,United Kingdom,-2.95
C569973,22328,ROUND SNACK BOXES SET OF 4 FRUITS ,-3,10/6/2011 19:23,2.95,12703,Germany,-8.85
C565085,23079,TOADSTOOL BEDSIDE LIGHT ,-2,9/1/2011 9:40,8.95,12474,Germany,-17.9
C557043,23148,MINIATURE ANTIQUE ROSE HOOK IVORY,-1,6/16/2011 14:33,0.83,14245,United Kingdom,-0.83
C539576,15056BL,EDWARDIAN PARASOL BLACK,-6,12/20/2010 12:25,5.95,14911,EIRE,-35.7
C574057,23028,DRAWER KNOB CRACKLE GLAZE BLUE,-1,11/2/2011 14:10,1.65,14102,United Kingdom,-1.65
C567355,22960,JAM MAKING SET WITH JARS,-1,9/19/2011 16:16,4.25,15764,United Kingdom,-4.25
C540783,84029E,RED WOOLLY HOTTIE WHITE HEART.,-8,1/11/2011 11:38,3.75,17629,United Kingdom,-30
C547858,23178,JAM CLOCK MAGNET,-1,3/27/2011 12:16,2.89,14911,EIRE,-2.89
551019,22467,wrong code?,-100,4/26/2011 11:19,0,Guest,United Kingdom,0
C575064,22212,FOUR HOOK  WHITE LOVEBIRDS,-1,11/8/2011 12:39,2.1,12472,Germany,-2.1
C549530,22231,JIGSAW TREE WITH BIRDHOUSE,-4,4/8/2011 17:03,1.45,13863,United Kingdom,-5.8
C566754,23273,HEART T-LIGHT HOLDER WILLIE WINKIE,-1,9/14/2011 15:49,1.65,18158,United Kingdom,-1.65
543266,82095,Unknown,-5,2/4/2011 17:24,0,Guest,United Kingdom,0
C544034,85035A,GARDENIA 3 WICK MORRIS BOXED CANDLE,-1,2/15/2011 11:28,4.25,14701,United Kingdom,-4.25
C569959,22197,POPCORN HOLDER,-3,10/6/2011 18:39,0.85,13983,United Kingdom,-2.55
C540555,21527,RED RETROSPOT TRADITIONAL TEAPOT ,-1,1/10/2011 9:56,7.95,16279,United Kingdom,-7.95
C573765,23494,VINTAGE DOILY DELUXE SEWING KIT ,-2,11/1/2011 9:57,5.95,18226,United Kingdom,-11.9
C579945,22197,POPCORN HOLDER,-1,12/1/2011 10:41,0.85,15993,United Kingdom,-0.85
C569891,22720,SET OF 3 CAKE TINS PANTRY DESIGN ,-2,10/6/2011 15:46,4.95,13924,United Kingdom,-9.9
C562116,21931,JUMBO STORAGE BAG SUKI,-1,8/2/2011 16:19,2.08,15810,United Kingdom,-2.08
C551015,21218,RED SPOTTY BISCUIT TIN,-10,4/26/2011 11:06,3.25,12753,Japan,-32.5
C570221,84992,72 SWEETHEART FAIRY CAKE CASES,-10,10/9/2011 12:56,0.55,13113,United Kingdom,-5.5
C568677,23290,SPACEBOY CHILDRENS BOWL,-2,9/28/2011 14:04,1.25,12619,Germany,-2.5
C560556,22364,GLASS JAR DIGESTIVE BISCUITS,-4,7/19/2011 13:04,2.95,13089,United Kingdom,-11.8
C573321,22178,VICTORIAN GLASS HANGING T-LIGHT,-1,10/30/2011 10:35,1.95,14546,United Kingdom,-1.95
C574922,23159,SET OF 5 PANCAKE DAY MAGNETS,-12,11/7/2011 16:39,2.08,15502,United Kingdom,-24.96
568089,22245,Unknown,-37,9/23/2011 14:41,0,Guest,United Kingdom,0
C571196,23222,CHRISTMAS TREE HANGING GOLD,-12,10/14/2011 12:02,0.83,Guest,United Kingdom,-9.96
C570867,22326,ROUND SNACK BOXES SET OF4 WOODLAND ,-6,10/12/2011 16:17,2.95,12607,USA,-17.7
C552704,20728,LUNCH BAG CARS BLUE,-2,5/10/2011 16:05,1.45,13098,United Kingdom,-2.9
558034,20658,Unknown,-78,6/24/2011 12:17,0,Guest,United Kingdom,0
C569995,22960,JAM MAKING SET WITH JARS,-12,10/6/2011 20:36,3.75,14557,United Kingdom,-45
C571543,23169,CLASSIC GLASS COOKIE JAR,-6,10/17/2011 16:53,4.15,17677,United Kingdom,-24.9
C540382,84949,SILVER HANGING T-LIGHT HOLDER,-1,1/6/2011 17:38,1.65,12957,United Kingdom,-1.65
C569655,22964,3 PIECE SPACEBOY COOKIE CUTTER SET,-1,10/5/2011 12:58,2.1,14534,United Kingdom,-2.1
C564711,21531,RED RETROSPOT SUGAR JAM BOWL,-1,8/28/2011 10:31,2.55,16768,United Kingdom,-2.55
C548995,22356,CHARLOTTE BAG PINK POLKADOT,-1,4/5/2011 14:08,0.85,17841,United Kingdom,-0.85
540369,47591D,Unknown,-201,1/6/2011 16:20,0,Guest,United Kingdom,0
C566467,23321,SMALL WHITE HEART OF WICKER,-5,9/12/2011 18:04,1.65,14688,United Kingdom,-8.25
548339,21827,Unknown,-42,3/30/2011 14:08,0,Guest,United Kingdom,0
C538362,21212,PACK OF 72 RETROSPOT CAKE CASES,-30,12/10/2010 17:05,0.55,15179,United Kingdom,-16.5
576419,85036B,check,-23,11/15/2011 11:23,0,Guest,United Kingdom,0
547700,21147,Unknown,-105,3/24/2011 16:39,0,Guest,United Kingdom,0
C554872,85099B,JUMBO BAG RED RETROSPOT,-1,5/27/2011 10:59,2.08,16341,United Kingdom,-2.08
C569114,23170,REGENCY TEA PLATE ROSES ,-1,9/30/2011 12:50,1.65,14911,EIRE,-1.65
548369,84683,Unknown,-6,3/30/2011 16:00,0,Guest,United Kingdom,0
C577149,23323,WHITE WICKER STAR ,-1,11/18/2011 9:44,2.1,17034,United Kingdom,-2.1
C545884,M,Manual,-1,3/7/2011 15:49,537.83,Guest,United Kingdom,-537.83
C542400,22183,CAKE STAND VICTORIAN FILIGREE MED,-1,1/27/2011 15:49,5.95,15189,United Kingdom,-5.95
C552546,22087,PAPER BUNTING WHITE LACE,-11,5/10/2011 10:33,2.95,13767,United Kingdom,-32.45
C580966,23103,JINGLE BELL HEART DECORATION,-24,12/6/2011 14:52,1.65,16554,United Kingdom,-39.6
C537024,20893,HANGING BAUBLE T-LIGHT HOLDER SMALL,-36,12/3/2010 16:21,2.1,13941,United Kingdom,-75.6
C537832,22073,RED RETROSPOT STORAGE JAR,-2,12/8/2010 14:52,3.75,16858,United Kingdom,-7.5
C551511,84818,DANISH ROSE PHOTO FRAME,-6,4/28/2011 19:49,2.55,14311,United Kingdom,-15.3
C575940,23265,SET OF 3 WOODEN TREE DECORATIONS,-14,11/13/2011 11:38,1.25,17838,United Kingdom,-17.5
C543551,22171,3 HOOK PHOTO SHELF ANTIQUE WHITE,-76,2/10/2011 10:00,7.65,16716,United Kingdom,-581.4
C569387,23284,DOORMAT KEEP CALM AND COME IN,-200,10/3/2011 16:49,7.08,14031,United Kingdom,-1416
C546886,84461,12 PINK HEN+CHICKS IN BASKET,-6,3/17/2011 18:13,2.55,12520,Germany,-15.3
C558712,21735,TWO DOOR CURIO CABINET,-1,7/1/2011 13:06,12.75,17338,United Kingdom,-12.75
C578991,20981,12 PENCILS TALL TUBE WOODLAND,-1,11/27/2011 15:31,0.85,15555,United Kingdom,-0.85
C540792,22725,ALARM CLOCK BAKELIKE CHOCOLATE,-1,1/11/2011 11:50,3.75,16203,United Kingdom,-3.75
C546901,22232,JIGSAW TOADSTOOLS 3 PIECE,-8,3/17/2011 18:29,1.65,14112,United Kingdom,-13.2
C575082,22720,SET OF 3 CAKE TINS PANTRY DESIGN ,-1,11/8/2011 13:30,4.95,12613,Germany,-4.95
C580313,22649,STRAWBERRY FAIRY CAKE TEAPOT,-3,12/2/2011 15:10,4.95,12668,Germany,-14.85
C544557,22912,YELLOW COAT RACK PARIS FASHION,-4,2/21/2011 12:31,4.95,17422,United Kingdom,-19.8
549167,84846A,Unknown,-8,4/6/2011 17:24,0,Guest,United Kingdom,0
C580954,22333,RETROSPOT PARTY BAG + STICKER SET,-32,12/6/2011 14:19,1.65,12967,United Kingdom,-52.8
C540841,22217,T-LIGHT HOLDER HANGING LACE,-40,1/11/2011 16:14,1.25,15602,United Kingdom,-50
C554790,22961,JAM MAKING SET PRINTED,-4,5/26/2011 12:10,1.45,14911,EIRE,-5.8
C544570,22625,RED KITCHEN SCALES,-2,2/21/2011 12:59,8.5,12471,Germany,-17
C540400,21260,FIRST AID TIN,-3,1/7/2011 9:25,3.25,16150,United Kingdom,-9.75
C558698,23205,CHARLOTTE BAG VINTAGE ALPHABET ,-1,7/1/2011 12:11,0.85,16746,United Kingdom,-0.85
563704,37342,Unknown,-66,8/18/2011 14:03,0,Guest,United Kingdom,0
C576231,22568,FELTCRAFT CUSHION OWL,-2,11/14/2011 13:24,3.75,14868,United Kingdom,-7.5
C578367,22759,SET OF 3 NOTEBOOKS IN PARCEL,-12,11/24/2011 11:00,1.65,14640,United Kingdom,-19.8
C580832,21731,RED TOADSTOOL LED NIGHT LIGHT,-2,12/6/2011 11:40,1.45,12753,Japan,-2.9
C561229,22784,LANTERN CREAM GAZEBO ,-1,7/26/2011 10:18,4.95,17096,United Kingdom,-4.95
C540781,22767,TRIPLE PHOTO FRAME CORNICE ,-1,1/11/2011 11:22,9.95,16875,United Kingdom,-9.95
C572449,23393,HOME SWEET HOME CUSHION COVER ,-2,10/24/2011 12:34,3.75,14428,United Kingdom,-7.5
C540007,21055,TOOL BOX SOFT TOY ,-6,1/4/2011 11:08,8.95,15379,United Kingdom,-53.7
C555879,15056BL,EDWARDIAN PARASOL BLACK,-1,6/7/2011 15:31,4.95,14292,United Kingdom,-4.95
C576561,21530,DAIRY MAID TOASTRACK,-1,11/15/2011 13:22,0.79,15311,United Kingdom,-0.79
C570853,22086,PAPER CHAIN KIT 50'S CHRISTMAS ,-40,10/12/2011 14:54,2.55,15473,United Kingdom,-102
C537860,79066K,RETRO MOD TRAY,-10,12/8/2010 16:15,0.85,16252,United Kingdom,-8.5
C549899,84949,SILVER HANGING T-LIGHT HOLDER,-7,4/12/2011 16:07,1.65,14961,United Kingdom,-11.55
C548356,21383,PACK OF 12 STICKY BUNNIES,-2,3/30/2011 15:12,0.65,12472,Germany,-1.3
C553880,21231,SWEETHEART CERAMIC TRINKET BOX,-24,5/19/2011 15:23,1.25,13762,United Kingdom,-30
C570658,82616C,MIDNIGHT GLAMOUR SCARF KNITTING KIT,-3,10/11/2011 14:14,1.25,16120,United Kingdom,-3.75
C539057,21906,PHARMACIE FIRST AID TIN,-11,12/15/2010 16:40,6.75,18230,United Kingdom,-74.25
537014,21040,Unknown,-20,12/3/2010 15:40,0,Guest,United Kingdom,0
C561232,22699,ROSES REGENCY TEACUP AND SAUCER ,-1,7/26/2011 10:21,2.95,16133,United Kingdom,-2.95
C572398,M,Manual,-1,10/24/2011 11:55,162.2,Guest,United Kingdom,-162.2
C543643,21642,ASSORTED TUTTI FRUTTI PEN,-5,2/10/2011 17:44,0.85,16161,United Kingdom,-4.25
562785,21033,Unknown,-455,8/9/2011 13:32,0,Guest,United Kingdom,0
C563605,22457,NATURAL SLATE HEART CHALKBOARD ,-1,8/18/2011 6:29,2.95,14112,United Kingdom,-2.95
C578377,22924,FRIDGE MAGNETS LA VIE EN ROSE,-120,11/24/2011 11:44,0.72,14277,France,-86.4
C553906,22342,HOME GARLAND PAINTED ZINC ,-12,5/19/2011 18:13,1.65,16554,United Kingdom,-19.8
C560643,22461,SAVOY ART DECO CLOCK,-1,7/20/2011 11:09,3.95,17866,United Kingdom,-3.95
C578832,22614,PACK OF 12 SPACEBOY TISSUES,-2,11/25/2011 15:18,0.39,13069,United Kingdom,-0.78
C576925,21670,BLUE SPOT CERAMIC DRAWER KNOB,-6,11/17/2011 10:54,1.45,14102,United Kingdom,-8.7
C555014,22501,PICNIC BASKET WICKER LARGE,-52,5/31/2011 10:45,8.5,13113,United Kingdom,-442
C548972,22457,NATURAL SLATE HEART CHALKBOARD ,-6,4/5/2011 11:42,2.95,15674,United Kingdom,-17.7
C570290,21175,GIN + TONIC DIET METAL SIGN,-12,10/10/2011 11:54,2.55,14665,United Kingdom,-30.6
C577381,22362,GLASS JAR PEACOCK BATH SALTS,-1,11/18/2011 16:24,2.95,15297,United Kingdom,-2.95
C546889,22258,FELT FARM ANIMAL RABBIT,-6,3/17/2011 18:16,1.25,13971,United Kingdom,-7.5
C562620,22801,ANTIQUE GLASS PEDESTAL BOWL,-1,8/8/2011 12:34,3.75,13089,United Kingdom,-3.75
C572022,22456,NATURAL SLATE CHALKBOARD LARGE ,-2,10/20/2011 10:58,4.95,16474,United Kingdom,-9.9
C538749,22776,SWEETHEART CAKESTAND 3 TIER,-1,12/14/2010 11:28,9.95,15713,United Kingdom,-9.95
C548460,48188,DOORMAT WELCOME PUPPIES,-2,3/31/2011 11:58,7.95,16801,United Kingdom,-15.9
C570556,22273,FELTCRAFT DOLL MOLLY,-720,10/11/2011 11:10,2.55,16029,United Kingdom,-1836
C538642,21658,GLASS  BEURRE DISH,-1,12/13/2010 14:37,3.95,12476,Germany,-3.95
C573148,23462,ROCOCO WALL MIRROR WHITE,-1,10/27/2011 19:16,19.95,15469,United Kingdom,-19.95
C556643,23146,TRIPLE HOOK ANTIQUE IVORY ROSE,-2,6/13/2011 15:48,3.29,17841,United Kingdom,-6.58
C568584,23071,MARIE ANTOINETTE TRINKET BOX GOLD,-1,9/28/2011 10:13,12.5,15706,United Kingdom,-12.5
C564183,POST,POSTAGE,-1,8/23/2011 15:04,14.95,Guest,United Kingdom,-14.95
578527,21819,check,-14,11/24/2011 14:24,0,Guest,United Kingdom,0
C555239,22722,SET OF 6 SPICE TINS PANTRY DESIGN,-1,6/1/2011 13:00,3.95,15039,United Kingdom,-3.95
C551512,23156,SET OF 5 MINI GROCERY MAGNETS,-12,4/28/2011 19:51,2.08,14032,United Kingdom,-24.96
C575980,22972,CHILDREN'S SPACEBOY MUG,-1,11/13/2011 13:39,1.65,12867,United Kingdom,-1.65
C552556,22722,SET OF 6 SPICE TINS PANTRY DESIGN,-4,5/10/2011 11:21,3.95,17504,United Kingdom,-15.8
C558095,23210,WHITE ROCKING HORSE HAND PAINTED,-144,6/26/2011 13:13,1.04,15046,United Kingdom,-149.76
C577513,22751,FELTCRAFT PRINCESS OLIVIA DOLL,-2,11/20/2011 12:59,3.75,18110,United Kingdom,-7.5
C557663,21984,PACK OF 12 PINK PAISLEY TISSUES ,-36,6/21/2011 17:59,0.29,Guest,EIRE,-10.44
C561596,22464,HANGING METAL HEART LANTERN,-1,7/28/2011 11:23,1.65,16558,United Kingdom,-1.65
C579929,72741,GRAND CHOCOLATECANDLE,-3,12/1/2011 9:34,1.45,17828,Malta,-4.35
C569909,22169,FAMILY ALBUM WHITE PICTURE FRAME,-1,10/6/2011 16:43,8.5,17611,United Kingdom,-8.5
C553558,21452,TOADSTOOL MONEY BOX,-6,5/17/2011 17:11,2.95,14112,United Kingdom,-17.7
C565848,47566,PARTY BUNTING,-1,9/7/2011 12:48,4.95,14606,United Kingdom,-4.95
C551167,82483,WOOD 2 DRAWER CABINET WHITE FINISH,-1,4/26/2011 16:02,6.95,14211,United Kingdom,-6.95
C547232,22424,ENAMEL BREAD BIN CREAM,-1,3/21/2011 16:15,12.75,12994,United Kingdom,-12.75
C556643,21452,TOADSTOOL MONEY BOX,-1,6/13/2011 15:48,2.95,17841,United Kingdom,-2.95
C565237,22720,SET OF 3 CAKE TINS PANTRY DESIGN ,-1,9/2/2011 9:47,4.95,14299,United Kingdom,-4.95
C570867,22974,CHILDRENS DOLLY GIRL MUG,-12,10/12/2011 16:17,1.65,12607,USA,-19.8
C570447,72802A,ROSE SCENT CANDLE IN JEWELLED BOX,-1,10/10/2011 14:50,4.25,16791,United Kingdom,-4.25
C540535,21232,STRAWBERRY CERAMIC TRINKET BOX,-2,1/9/2011 14:17,1.25,15005,United Kingdom,-2.5
556963,35965,found some more on shelf,-9,6/16/2011 9:40,0,Guest,United Kingdom,0
546025,85172,?sold as sets?,-600,3/8/2011 17:31,0,Guest,United Kingdom,0
C569994,22727,ALARM CLOCK BAKELIKE RED ,-20,10/6/2011 20:33,3.75,15606,United Kingdom,-75
C546997,22992,REVOLVER WOODEN RULER ,-6,3/18/2011 13:32,1.95,12748,United Kingdom,-11.7
C572343,22106,MIRROR MOSAIC HURRICANE LAMP ,-120,10/24/2011 10:40,1.25,14607,United Kingdom,-150
C536391,21484,CHICK GREY HOT WATER BOTTLE,-12,12/1/2010 10:24,3.45,17548,United Kingdom,-41.4
C548460,22413,METAL SIGN TAKE IT OR LEAVE IT ,-6,3/31/2011 11:58,2.95,16801,United Kingdom,-17.7
C566785,21232,STRAWBERRY CERAMIC TRINKET BOX,-2,9/15/2011 10:28,1.25,17071,United Kingdom,-2.5
C570556,20969,RED FLORAL FELTCRAFT SHOULDER BAG,-144,10/11/2011 11:10,3.39,16029,United Kingdom,-488.16
C572470,M,Manual,-1,10/24/2011 13:32,233.25,Guest,United Kingdom,-233.25
C578368,22866,HAND WARMER SCOTTY DOG DESIGN,-96,11/24/2011 11:05,1.85,16191,United Kingdom,-177.6
C560654,23147,SINGLE ANTIQUE ROSE HOOK IVORY,-1,7/20/2011 11:40,1.45,16255,United Kingdom,-1.45
C548857,21313,GLASS HEART T-LIGHT HOLDER ,-1,4/4/2011 13:28,0.64,15311,United Kingdom,-0.64
C540535,85023C,PINK LARGE JEWELED PHOTOFRAME,-1,1/9/2011 14:17,2.55,15005,United Kingdom,-2.55
C555054,84947,ANTIQUE SILVER TEA GLASS ENGRAVED,-2,5/31/2011 11:32,1.25,14903,United Kingdom,-2.5
C566751,20914,SET/5 RED RETROSPOT LID GLASS BOWLS,-1,9/14/2011 15:42,2.95,14911,EIRE,-2.95
C562281,22798,ANTIQUE GLASS DRESSING TABLE POT,-3,8/4/2011 10:36,2.95,12476,Germany,-8.85
C565425,23128,FELTCRAFT BOY JEAN-PAUL KIT,-3,9/4/2011 12:40,4.95,15561,United Kingdom,-14.85
C551540,22992,REVOLVER WOODEN RULER ,-12,5/3/2011 8:47,1.95,14735,United Kingdom,-23.4
542362,20699,Unknown,-16,1/27/2011 12:49,0,Guest,United Kingdom,0
C553687,22241,GARLAND WOODEN HAPPY EASTER,-1,5/18/2011 14:01,1.06,15311,United Kingdom,-1.06
C576871,23111,PARISIENNE SEWING BOX,-1,11/16/2011 16:23,12.5,14441,United Kingdom,-12.5
C567997,22776,SWEETHEART 3 TIER CAKE STAND ,-1,9/23/2011 11:31,9.95,13097,United Kingdom,-9.95
C546930,22268,EASTER DECORATION SITTING BUNNY,-1,3/18/2011 10:37,0.85,14701,United Kingdom,-0.85
C576072,22278,OVERNIGHT BAG VINTAGE ROSE PAISLEY,-2,11/13/2011 16:05,4.95,18069,United Kingdom,-9.9
C573864,22467,GUMBALL COAT RACK,-2,11/1/2011 11:55,2.1,15311,United Kingdom,-4.2
C536807,22501,PICNIC BASKET WICKER LARGE,-2,12/2/2010 16:45,9.95,15834,United Kingdom,-19.9
C580131,21108,FAIRY CAKE FLANNEL ASSORTED COLOUR,-18,12/1/2011 18:12,2.1,17576,United Kingdom,-37.8
C579886,22578,WOODEN STAR CHRISTMAS SCANDINAVIAN,-1,11/30/2011 17:39,0.29,15676,United Kingdom,-0.29
C556656,84978,HANGING HEART JAR T-LIGHT HOLDER,-4,6/13/2011 16:21,1.25,13148,United Kingdom,-5
C550536,22360,GLASS JAR ENGLISH CONFECTIONERY,-18,4/19/2011 11:20,2.95,16325,United Kingdom,-53.1
C559939,22318,FIVE HEART HANGING DECORATION,-6,7/14/2011 10:19,2.95,14426,United Kingdom,-17.7
C574291,22138,BAKING SET 9 PIECE RETROSPOT ,-1,11/3/2011 15:19,4.95,15290,United Kingdom,-4.95
575715,72802B,check,-36,11/10/2011 17:58,0,Guest,United Kingdom,0
C543791,21735,TWO DOOR CURIO CABINET,-2,2/11/2011 17:13,10.95,15270,United Kingdom,-21.9
C556647,21175,GIN + TONIC DIET METAL SIGN,-12,6/13/2011 16:14,2.55,13012,United Kingdom,-30.6
C556896,21900,"KEY FOB , SHED",-4,6/15/2011 12:51,0.65,12843,United Kingdom,-2.6
C579866,23485,BOTANICAL GARDENS WALL CLOCK ,-2,11/30/2011 16:39,20.5,17528,United Kingdom,-41
C538059,22699,ROSES REGENCY TEACUP AND SAUCER ,-6,12/9/2010 13:38,2.95,14205,United Kingdom,-17.7
C546903,20886,BOX OF 9 PEBBLE CANDLES,-6,3/17/2011 18:31,1.95,16217,United Kingdom,-11.7
C546203,POST,POSTAGE,-1,3/10/2011 11:13,4.5,16839,United Kingdom,-4.5
C569655,22990,COTTON APRON PANTRY DESIGN,-2,10/5/2011 12:58,4.95,14534,United Kingdom,-9.9
C546671,22423,REGENCY CAKESTAND 3 TIER,-1,3/15/2011 15:42,10.95,15215,United Kingdom,-10.95
C568445,23108,SET OF 10 LED DOLLY LIGHTS,-1,9/27/2011 11:31,6.25,16156,United Kingdom,-6.25
C559473,71477,COLOUR GLASS. STAR T-LIGHT HOLDER,-1,7/8/2011 13:40,2.75,13769,United Kingdom,-2.75
C576670,22629,SPACEBOY LUNCH BOX ,-1,11/16/2011 11:55,1.95,16393,United Kingdom,-1.95
C536391,21980,PACK OF 12 RED RETROSPOT TISSUES ,-24,12/1/2010 10:24,0.29,17548,United Kingdom,-6.96
C571127,35970,ZINC FOLKART SLEIGH BELLS,-36,10/14/2011 10:01,1.69,12583,France,-60.84
536764,84952C,Unknown,-38,12/2/2010 14:42,0,Guest,United Kingdom,0
C576360,23335,EGG FRYING PAN IVORY ,-6,11/14/2011 17:10,2.08,14910,United Kingdom,-12.48
C559347,85032D,YULETIDE IMAGES GIFT WRAP SET,-12,7/7/2011 17:22,0.65,18072,United Kingdom,-7.8
C580740,20979,36 PENCILS TUBE RED RETROSPOT,-12,12/6/2011 9:25,1.25,12479,Germany,-15
C543661,22752,SET 7 BABUSHKA NESTING BOXES,-1,2/11/2011 10:41,8.5,12471,Germany,-8.5
C579347,22163,HEART STRING MEMO HOLDER HANGING,-24,11/29/2011 11:47,0.79,17658,United Kingdom,-18.96
547593,20785,Unknown,-2,3/24/2011 11:18,0,Guest,United Kingdom,0
C569994,84031B,CHARLIE LOLA BLUE HOT WATER BOTTLE ,-21,10/6/2011 20:33,1.95,15606,United Kingdom,-40.95
C559149,21936,RED RETROSPOT PICNIC BAG,-5,7/6/2011 14:47,2.95,17469,United Kingdom,-14.75
C581409,82484,WOOD BLACK BOARD ANT WHITE FINISH,-1,12/8/2011 14:08,7.95,12476,Germany,-7.95
C554006,22284,HEN HOUSE DECORATION,-12,5/20/2011 12:25,1.65,13418,United Kingdom,-19.8
C579926,22355,CHARLOTTE BAG SUKI DESIGN,-1,12/1/2011 9:19,0.72,14389,United Kingdom,-0.72
C549973,82600,NO SINGING METAL SIGN,-24,4/13/2011 14:30,1.85,17873,United Kingdom,-44.4
C570867,22736,RIBBON REEL MAKING SNOWMEN ,-10,10/12/2011 16:17,1.65,12607,USA,-16.5
C557654,23236,DOILEY STORAGE TIN,-1,6/21/2011 17:34,2.89,14243,United Kingdom,-2.89
C562375,23163,REGENCY SUGAR TONGS,-48,8/4/2011 14:46,2.08,14911,EIRE,-99.84
C564214,82494L,WOODEN FRAME ANTIQUE WHITE ,-6,8/24/2011 9:20,2.95,16996,United Kingdom,-17.7
C549666,22960,JAM MAKING SET WITH JARS,-1,4/11/2011 12:17,4.25,13113,United Kingdom,-4.25
554907,40003,Unknown,-11,5/27/2011 11:45,0,Guest,United Kingdom,0
C578803,23494,VINTAGE DOILY DELUXE SEWING KIT ,-1,11/25/2011 12:55,5.95,16764,United Kingdom,-5.95
C556640,23147,SINGLE ANTIQUE ROSE HOOK IVORY,-2,6/13/2011 15:44,1.45,13148,United Kingdom,-2.9
581205,20893,damages,-55,12/7/2011 18:32,0,Guest,United Kingdom,0
C546208,22168,ORGANISER WOOD ANTIQUE WHITE ,-1,3/10/2011 11:19,8.5,12417,Belgium,-8.5
C562423,22720,SET OF 3 CAKE TINS PANTRY DESIGN ,-2,8/4/2011 17:06,4.95,12584,Italy,-9.9
C570221,85099B,JUMBO BAG RED RETROSPOT,-4,10/9/2011 12:56,2.08,13113,United Kingdom,-8.32
C578280,22339,CHRISTMAS TREE PAINTED ZINC ,-7,11/23/2011 13:53,0.19,17841,United Kingdom,-1.33
C581145,35970,ZINC FOLKART SLEIGH BELLS,-12,12/7/2011 13:48,1.69,17490,United Kingdom,-20.28
C569995,23319,BOX OF 6 MINI 50'S CRACKERS,-48,10/6/2011 20:36,2.08,14557,United Kingdom,-99.84
C553517,21713,CITRONELLA CANDLE FLOWERPOT,-3,5/17/2011 14:09,2.1,14209,United Kingdom,-6.3
C562910,23187,FRENCH STYLE STORAGE JAR BONBONS,-16,8/10/2011 13:03,0.29,15671,United Kingdom,-4.64
C572469,23199,JUMBO BAG APPLES,-1,10/24/2011 13:31,2.08,13534,United Kingdom,-2.08
C540156,21843,RED RETROSPOT CAKE STAND,-1,1/5/2011 11:36,10.95,12683,France,-10.95
561251,DCGS0070,Unknown,-8,7/26/2011 11:51,0,Guest,United Kingdom,0
546672,85206A,Unknown,-77,3/15/2011 15:47,0,Guest,United Kingdom,0
C550181,21238,RED RETROSPOT CUP,-20,4/14/2011 17:43,0.85,13069,United Kingdom,-17
C554361,21246,RED RETROSPOT BIG BOWL,-1,5/24/2011 10:15,4.95,17811,United Kingdom,-4.95
C569955,23110,PARISIENNE KEY CABINET ,-2,10/6/2011 18:35,5.75,17644,United Kingdom,-11.5
C579970,22326,ROUND SNACK BOXES SET OF4 WOODLAND ,-1,12/1/2011 11:13,2.95,14388,United Kingdom,-2.95
C560100,M,Manual,-1,7/14/2011 17:51,7.88,16422,United Kingdom,-7.88
C570902,22432,WATERING CAN PINK BUNNY,-2,10/13/2011 10:53,1.95,17724,United Kingdom,-3.9
C566745,22720,SET OF 3 CAKE TINS PANTRY DESIGN ,-1,9/14/2011 15:15,4.95,16150,United Kingdom,-4.95
C539110,22278,OVERNIGHT BAG VINTAGE ROSE PAISLEY,-1,12/16/2010 11:10,4.95,16470,United Kingdom,-4.95
C561604,22720,SET OF 3 CAKE TINS PANTRY DESIGN ,-3,7/28/2011 12:08,4.95,18223,United Kingdom,-14.85
C543643,22968,ROSE COTTAGE KEEPSAKE BOX ,-1,2/10/2011 17:44,9.95,16161,United Kingdom,-9.95
C555935,22382,LUNCH BAG SPACEBOY DESIGN ,-10,6/8/2011 9:14,1.65,12567,France,-16.5
C546864,22842,BISCUIT TIN VINTAGE RED,-2,3/17/2011 15:42,6.75,13319,United Kingdom,-13.5
542556,22143,Unknown,-1,1/28/2011 14:50,0,Guest,United Kingdom,0
C577345,23243,SET OF TEA COFFEE SUGAR TINS PANTRY,-8,11/18/2011 15:16,4.95,15563,United Kingdom,-39.6
C565848,84029G,KNITTED UNION FLAG HOT WATER BOTTLE,-1,9/7/2011 12:48,4.25,14606,United Kingdom,-4.25
C568879,84992,72 SWEETHEART FAIRY CAKE CASES,-72,9/29/2011 12:38,0.42,14680,United Kingdom,-30.24
C566467,20723,STRAWBERRY CHARLOTTE BAG,-20,9/12/2011 18:04,0.85,14688,United Kingdom,-17
C577075,22507,MEMO BOARD RETROSPOT  DESIGN,-1,11/17/2011 15:08,4.95,14456,United Kingdom,-4.95
C560910,21539,RED RETROSPOT BUTTER DISH,-1,7/21/2011 17:57,4.95,14733,United Kingdom,-4.95
C538341,21889,WOODEN BOX OF DOMINOES,-24,12/10/2010 14:03,1.25,15514,United Kingdom,-30
C574288,22178,VICTORIAN GLASS HANGING T-LIGHT,-1,11/3/2011 15:13,14.75,Guest,United Kingdom,-14.75
C571695,22380,TOY TIDY SPACEBOY  ,-10,10/18/2011 14:46,2.1,14776,United Kingdom,-21
C550127,37449,CERAMIC CAKE STAND + HANGING CAKES,-1,4/14/2011 13:12,9.95,15212,United Kingdom,-9.95
C573502,22550,HOLIDAY FUN LUDO,-7,10/31/2011 12:02,3.75,14808,United Kingdom,-26.25
C538341,22131,FOOD CONTAINER SET 3 LOVE HEART ,-1,12/10/2010 14:03,1.95,15514,United Kingdom,-1.95
C563595,23091,ZINC HERB GARDEN CONTAINER,-1,8/18/2011 6:15,6.25,13769,United Kingdom,-6.25
C551540,23126,FELTCRAFT GIRL AMELIE KIT,-8,5/3/2011 8:47,4.95,14735,United Kingdom,-39.6
C572114,23332,IVORY WICKER HEART LARGE,-2,10/20/2011 19:15,1.65,17169,United Kingdom,-3.3
554144,79030D,damages,-664,5/23/2011 10:42,0,Guest,United Kingdom,0
C558106,22427,ENAMEL FLOWER JUG CREAM,-1,6/26/2011 14:59,5.95,13668,United Kingdom,-5.95
C540164,84508B,STRIPES DESIGN TEDDY,-6,1/5/2011 12:02,2.55,14911,EIRE,-15.3
C573031,23508,MINI PLAYING CARDS DOLLY GIRL ,-2,10/27/2011 13:35,0.42,13004,United Kingdom,-0.84
C538723,21217,RED RETROSPOT ROUND CAKE TINS,-1,12/14/2010 11:12,9.95,12434,Australia,-9.95
C575224,21931,JUMBO STORAGE BAG SUKI,-100,11/9/2011 11:41,1.79,17511,United Kingdom,-179
C543773,21218,RED SPOTTY BISCUIT TIN,-1,2/11/2011 15:47,3.75,12410,Switzerland,-3.75
C560435,M,Manual,-1,7/18/2011 16:01,294.92,17603,United Kingdom,-294.92
C574524,22356,CHARLOTTE BAG PINK POLKADOT,-1,11/4/2011 13:53,0.85,17841,United Kingdom,-0.85
C566384,21588,RETROSPOT GIANT TUBE MATCHES,-1,9/12/2011 12:41,2.55,17811,United Kingdom,-2.55
C570203,20713,JUMBO BAG OWLS,-2,10/7/2011 16:49,1.79,15311,United Kingdom,-3.58
C542366,85174,S/4 CACTI CANDLES,-1,1/27/2011 12:54,4.25,13777,United Kingdom,-4.25
560113,21865,Unknown,-40,7/15/2011 9:52,0,Guest,United Kingdom,0
C570867,22046,TEA PARTY  WRAPPING PAPER ,-25,10/12/2011 16:17,0.42,12607,USA,-10.5
C543347,22077,6 RIBBONS RUSTIC CHARM,-5,2/7/2011 12:44,1.65,12472,Germany,-8.25
C560855,22811,SET OF 6 T-LIGHTS CACTI ,-1,7/21/2011 13:00,2.95,14410,United Kingdom,-2.95
C537805,22198,LARGE POPCORN HOLDER ,-1,12/8/2010 13:18,1.45,15311,United Kingdom,-1.45
C540535,85023B,EAU DE NILE JEWELLED PHOTOFRAME,-1,1/9/2011 14:17,2.55,15005,United Kingdom,-2.55
C557895,22656,VINTAGE BLUE KITCHEN CABINET,-1,6/23/2011 14:20,125,15834,United Kingdom,-125
C558898,22667,RECIPE BOX RETROSPOT ,-1,7/4/2011 15:59,2.95,14952,United Kingdom,-2.95
C553513,S,SAMPLES,-1,5/17/2011 13:58,103.58,Guest,United Kingdom,-103.58
C539568,82486,WOOD S/3 CABINET ANT WHITE FINISH,-6,12/20/2010 11:59,7.95,13267,United Kingdom,-47.7
547338,22245,Unknown,-110,3/22/2011 11:49,0,Guest,United Kingdom,0
C537203,37449,CERAMIC CAKE STAND + HANGING CAKES,-1,12/5/2010 14:44,9.95,14606,United Kingdom,-9.95
C548356,21731,RED TOADSTOOL LED NIGHT LIGHT,-2,3/30/2011 15:12,1.65,12472,Germany,-3.3
C570221,23206,LUNCH BAG APPLE DESIGN,-10,10/9/2011 12:56,1.65,13113,United Kingdom,-16.5
C569957,22666,RECIPE BOX PANTRY YELLOW DESIGN,-3,10/6/2011 18:37,2.95,15745,United Kingdom,-8.85
C579785,22666,RECIPE BOX PANTRY YELLOW DESIGN,-1,11/30/2011 15:29,2.95,12584,Italy,-2.95
C537652,AMAZONFEE,AMAZON FEE,-1,12/7/2010 15:51,6706.71,Guest,United Kingdom,-6706.71
C538372,84946,ANTIQUE SILVER TEA GLASS ETCHED,-2,12/12/2010 11:12,1.25,16923,United Kingdom,-2.5
C543431,22212,FOUR HOOK  WHITE LOVEBIRDS,-1,2/8/2011 11:37,2.1,12474,Germany,-2.1
C576195,21539,RED RETROSPOT BUTTER DISH,-1,11/14/2011 12:03,4.95,14606,United Kingdom,-4.95
C539756,22720,SET OF 3 CAKE TINS PANTRY DESIGN ,-1,12/21/2010 16:31,4.95,Guest,United Kingdom,-4.95
C564281,23185,FRENCH STYLE STORAGE JAR JAM,-1,8/24/2011 10:54,0.29,14796,United Kingdom,-0.29
C539949,22083,PAPER CHAIN KIT RETROSPOT,-6,12/23/2010 11:49,2.95,17581,United Kingdom,-17.7
C580770,23322,LARGE WHITE HEART OF WICKER,-3,12/6/2011 10:56,2.95,13255,United Kingdom,-8.85
C573761,22363,GLASS JAR MARMALADE ,-3,11/1/2011 9:55,2.95,15489,United Kingdom,-8.85
C551285,82483,WOOD 2 DRAWER CABINET WHITE FINISH,-1,4/27/2011 14:07,6.95,15005,United Kingdom,-6.95
571254,23427,damaged,-2,10/14/2011 17:07,0,Guest,United Kingdom,0
C576402,POST,POSTAGE,-1,11/15/2011 10:54,7.62,13026,United Kingdom,-7.62
C538085,82486,WOOD S/3 CABINET ANT WHITE FINISH,-1,12/9/2010 14:43,7.95,16350,United Kingdom,-7.95
C558361,21232,STRAWBERRY CERAMIC TRINKET BOX,-1,6/28/2011 15:13,1.25,15128,United Kingdom,-1.25
C562515,M,Manual,-1,8/5/2011 12:22,43.63,13408,United Kingdom,-43.63
C547208,22423,REGENCY CAKESTAND 3 TIER,-10,3/21/2011 14:39,10.95,15189,United Kingdom,-109.5
C569663,21925,UNION STRIPE CUSHION COVER ,-2,10/5/2011 13:29,1.25,17841,United Kingdom,-2.5
C572463,85066,CREAM SWEETHEART MINI CHEST,-3,10/24/2011 13:07,12.75,17652,United Kingdom,-38.25
C558899,22927,GREEN GIANT GARDEN THERMOMETER,-1,7/4/2011 16:00,5.95,14338,United Kingdom,-5.95
C547852,22045,SPACEBOY GIFT WRAP,-25,3/27/2011 12:11,0.42,15065,United Kingdom,-10.5
C559939,22025,RING OF ROSES BIRTHDAY CARD,-12,7/14/2011 10:19,0.42,14426,United Kingdom,-5.04
C548713,22087,PAPER BUNTING WHITE LACE,-12,4/3/2011 14:53,2.95,17337,United Kingdom,-35.4
C552705,22925,BLUE GIANT GARDEN THERMOMETER,-1,5/10/2011 16:06,5.95,15620,United Kingdom,-5.95
C577163,22900,SET 2 TEA TOWELS I LOVE LONDON ,-12,11/18/2011 10:27,3.25,16678,United Kingdom,-39
C543830,22328,ROUND SNACK BOXES SET OF 4 FRUITS ,-2,2/14/2011 9:54,2.95,12476,Germany,-5.9
C543611,71477,COLOUR GLASS. STAR T-LIGHT HOLDER,-2,2/10/2011 14:38,2.75,17850,United Kingdom,-5.5
C578363,23355,HOT WATER BOTTLE KEEP CALM,-24,11/24/2011 10:40,4.15,15482,United Kingdom,-99.6
C563600,21845,DAIRY MAID STRIPE MUG,-8,8/18/2011 6:24,0.79,14911,EIRE,-6.32
C570122,84946,ANTIQUE SILVER T-LIGHT GLASS,-1,10/7/2011 12:58,1.25,15874,United Kingdom,-1.25
C579878,22727,ALARM CLOCK BAKELIKE RED ,-2,11/30/2011 17:12,3.75,17340,United Kingdom,-7.5
C571695,21213,PACK OF 72 SKULL CAKE CASES,-48,10/18/2011 14:46,0.55,14776,United Kingdom,-26.4
537019,37474,Unknown,-15,12/3/2010 15:43,0,Guest,United Kingdom,0
C566090,21668,RED STRIPE CERAMIC DRAWER KNOB,-12,9/9/2011 10:32,1.45,12477,Germany,-17.4
C545476,D,Discount,-1,3/3/2011 11:05,30.38,14527,United Kingdom,-30.38
C569985,22139,RETROSPOT TEA SET CERAMIC 11 PC ,-3,10/6/2011 19:51,4.95,15365,United Kingdom,-14.85
C580749,22940,FELTCRAFT CHRISTMAS FAIRY,-12,12/6/2011 9:49,0.5,18167,United Kingdom,-6
547999,20860,Unknown,-7,3/29/2011 10:24,0,Guest,United Kingdom,0
C571051,22423,REGENCY CAKESTAND 3 TIER,-1,10/13/2011 13:49,12.75,14626,United Kingdom,-12.75
C556268,20723,STRAWBERRY CHARLOTTE BAG,-1,6/9/2011 19:34,0.85,13317,United Kingdom,-0.85
560939,84907,Unknown,-3,7/22/2011 11:20,0,Guest,United Kingdom,0
C542866,35004G,SET OF 3 GOLD FLYING DUCKS,-2,2/1/2011 12:14,1.95,15311,United Kingdom,-3.9
C543290,21579,LOLITA  DESIGN  COTTON TOTE BAG,-2,2/7/2011 10:44,2.25,16686,United Kingdom,-4.5
C544419,85232A,SET/3 POLKADOT STACKING TINS,-3,2/18/2011 15:16,4.95,12395,Belgium,-14.85
C566071,23171,REGENCY TEA PLATE GREEN ,-21,9/8/2011 17:56,1.45,17997,United Kingdom,-30.45
C567479,M,Manual,-1,9/20/2011 13:37,232.57,Guest,United Kingdom,-232.57
C555935,22628,PICNIC BOXES SET OF 3 RETROSPOT ,-4,6/8/2011 9:14,4.95,12567,France,-19.8
C564908,22729,ALARM CLOCK BAKELIKE ORANGE,-1,8/31/2011 12:26,3.75,17705,United Kingdom,-3.75
C550646,82482,WOODEN PICTURE FRAME WHITE FINISH,-1,4/19/2011 16:32,2.55,16873,United Kingdom,-2.55
C569682,23397,FOOT STOOL HOME SWEET HOME ,-1,10/5/2011 14:33,9.95,15351,United Kingdom,-9.95
C548713,22181,SNOWSTORM PHOTO FRAME FRIDGE MAGNET,-3,4/3/2011 14:53,0.85,17337,United Kingdom,-2.55
C571003,21015,DARK BIRD HOUSE TREE DECORATION,-4,10/13/2011 12:04,0.29,15801,United Kingdom,-1.16
C547594,22978,PANTRY ROLLING PIN,-4,3/24/2011 11:19,3.75,12693,Germany,-15
C562188,85099B,JUMBO BAG RED RETROSPOT,-100,8/3/2011 12:16,1.79,12748,United Kingdom,-179
C558712,M,Manual,-1,7/1/2011 13:06,2.95,17338,United Kingdom,-2.95
C579930,23251,VINTAGE RED ENAMEL TRIM MUG ,-1,12/1/2011 9:36,1.25,15563,United Kingdom,-1.25
565370,82494L,crushed ctn,-33,9/2/2011 15:04,0,Guest,United Kingdom,0
C541704,21519,GIN & TONIC DIET GREETING CARD ,-12,1/21/2011 10:25,0.42,13284,United Kingdom,-5.04
C578148,20728,LUNCH BAG CARS BLUE,-1,11/23/2011 11:11,1.65,15117,United Kingdom,-1.65
C564368,21194,PINK  HONEYCOMB PAPER FAN,-6,8/25/2011 9:29,0.65,16493,United Kingdom,-3.9
C573037,23245,SET OF 3 REGENCY CAKE TINS,-3,10/27/2011 13:45,4.95,12471,Germany,-14.85
C558357,M,Manual,-2,6/28/2011 15:04,3.56,15502,United Kingdom,-7.12
C580597,22197,POPCORN HOLDER,-1,12/5/2011 11:02,0.85,16360,United Kingdom,-0.85
C537860,20676,RED RETROSPOT BOWL,-8,12/8/2010 16:15,1.25,16252,United Kingdom,-10
C557224,75049L,LARGE CIRCULAR MIRROR MOBILE,-5,6/17/2011 13:22,0.85,15311,United Kingdom,-4.25
C574507,22699,ROSES REGENCY TEACUP AND SAUCER ,-1,11/4/2011 13:24,2.95,15345,United Kingdom,-2.95
C562687,22268,DECORATION SITTING BUNNY,-39,8/8/2011 13:53,0.19,15157,United Kingdom,-7.41
C550486,22488,NATURAL SLATE RECTANGLE CHALKBOARD,-2,4/18/2011 14:16,1.65,16735,United Kingdom,-3.3
C554012,22429,ENAMEL MEASURING JUG CREAM,-2,5/20/2011 12:56,4.25,15125,United Kingdom,-8.5
568090,20793,Unknown,-5,9/23/2011 14:41,0,Guest,United Kingdom,0
C546217,22995,TRAVEL CARD WALLET SUKI,-24,3/10/2011 12:04,0.42,14057,United Kingdom,-10.08
C539832,85123A,WHITE HANGING HEART T-LIGHT HOLDER,-1,12/22/2010 13:20,2.55,17239,United Kingdom,-2.55
C577096,22928,YELLOW GIANT GARDEN THERMOMETER,-3,11/17/2011 16:40,5.95,17095,United Kingdom,-17.85
C541826,22149,FELTCRAFT 6 FLOWER FRIENDS,-1,1/21/2011 17:04,2.1,18260,United Kingdom,-2.1
556311,37471,sold as set on dotcom,-12,6/10/2011 10:45,0,Guest,United Kingdom,0
C571707,23250,VINTAGE RED TRIM ENAMEL BOWL ,-1,10/18/2011 15:33,1.25,14056,United Kingdom,-1.25
578329,72807C,wet pallet,-408,11/23/2011 17:56,0,Guest,United Kingdom,0
C570274,22423,REGENCY CAKESTAND 3 TIER,-6,10/10/2011 10:52,10.95,13113,United Kingdom,-65.7
C538813,21845,DAIRY MAID STRIPE MUG,-2,12/14/2010 12:27,2.95,14606,United Kingdom,-5.9
557784,21421,damaged,-5,6/22/2011 15:49,0,Guest,United Kingdom,0
574906,85034A,damaged,-81,11/7/2011 15:30,0,Guest,United Kingdom,0
C560563,23173,REGENCY TEAPOT ROSES ,-1,7/19/2011 13:37,9.95,14911,EIRE,-9.95
C579782,23460,SWEETHEART WALL TIDY ,-1,11/30/2011 15:20,9.95,17451,United Kingdom,-9.95
C551139,22467,GUMBALL COAT RACK,-36,4/26/2011 13:10,2.1,17061,United Kingdom,-75.6
C550475,82583,HOT BATHS METAL SIGN,-2,4/18/2011 13:59,1.85,13798,United Kingdom,-3.7
C569969,23240,SET OF 4 KNICK KNACK TINS DOILY ,-1,10/6/2011 18:56,4.15,17159,United Kingdom,-4.15
C556633,84971S,SMALL HEART FLOWERS HOOK ,-1,6/13/2011 15:10,0.85,17696,United Kingdom,-0.85
C552841,22840,ROUND CAKE TIN VINTAGE RED,-1,5/11/2011 14:28,7.95,15827,United Kingdom,-7.95
C580072,22942,CHRISTMAS LIGHTS 10 SANTAS ,-1,12/1/2011 14:02,7.65,16240,United Kingdom,-7.65
540272,90096,Unknown,-54,1/6/2011 11:57,0,Guest,United Kingdom,0
C578097,22835,HOT WATER BOTTLE I AM SO POORLY,-48,11/22/2011 17:31,4.25,Guest,United Kingdom,-204
C579277,22470,HEART OF WICKER LARGE,-10,11/29/2011 10:16,3.2,17450,United Kingdom,-32
C541786,22423,REGENCY CAKESTAND 3 TIER,-3,1/21/2011 12:54,10.95,14441,United Kingdom,-32.85
C576788,22762,CUPBOARD 3 DRAWER MA CAMPAGNE,-2,11/16/2011 13:56,14.95,15344,United Kingdom,-29.9
C553031,22301,COFFEE MUG CAT + BIRD DESIGN,-1,5/12/2011 19:43,2.55,13908,United Kingdom,-2.55
C564138,21218,RED SPOTTY BISCUIT TIN,-3,8/23/2011 11:36,3.25,12753,Japan,-9.75
C556277,82001S,VINYL RECORD FRAME SILVER,-1,6/9/2011 19:52,3.39,12980,United Kingdom,-3.39
C560540,23201,JUMBO BAG ALPHABET,-1,7/19/2011 12:26,2.08,12415,Australia,-2.08
C542753,22649,STRAWBERRY FAIRY CAKE TEAPOT,-1,1/31/2011 16:57,4.95,15881,United Kingdom,-4.95
C547054,M,Manual,-1,3/20/2011 12:11,6.95,16444,United Kingdom,-6.95
C558360,21530,DAIRY MAID TOASTRACK,-12,6/28/2011 15:10,0.79,16701,United Kingdom,-9.48
549462,84910A,Unknown,-16,4/8/2011 14:21,0,Guest,United Kingdom,0
C540837,71477,COLOUR GLASS. STAR T-LIGHT HOLDER,-4,1/11/2011 15:02,2.75,14733,United Kingdom,-11
C576785,22792,FLUTED ANTIQUE CANDLE HOLDER,-12,11/16/2011 13:51,0.85,14109,United Kingdom,-10.2
548227,90099,Unknown,-19,3/30/2011 10:24,0,Guest,United Kingdom,0
C556270,21520,BOOZE & WOMEN GREETING CARD ,-2,6/9/2011 19:37,0.42,14232,United Kingdom,-0.84
C568557,20682,RED RETROSPOT CHILDRENS UMBRELLA,-1,9/27/2011 15:48,3.25,12681,France,-3.25
C555265,23084,RABBIT NIGHT LIGHT,-1,6/1/2011 16:06,2.08,13599,United Kingdom,-2.08
C546131,22072,RED RETROSPOT TEA CUP AND SAUCER ,-1,3/9/2011 15:08,3.75,16057,United Kingdom,-3.75
C578124,21559,STRAWBERRY LUNCH BOX WITH CUTLERY,-1,11/23/2011 10:30,2.55,14049,United Kingdom,-2.55
C569743,20713,JUMBO BAG OWLS,-30,10/6/2011 10:57,2.08,15769,United Kingdom,-62.4
C575042,20914,SET/5 RED RETROSPOT LID GLASS BOWLS,-1,11/8/2011 12:05,2.95,16764,United Kingdom,-2.95
C539596,20801,LARGE PINK GLASS SUNDAE DISH,-16,12/20/2010 13:51,0.75,13694,United Kingdom,-12
C561703,21658,GLASS  BEURRE DISH,-1,7/29/2011 11:07,3.39,12709,Germany,-3.39
C566463,22169,FAMILY ALBUM WHITE PICTURE FRAME,-1,9/12/2011 17:50,8.5,17449,United Kingdom,-8.5
C577819,23318,BOX OF 6 MINI VINTAGE CRACKERS,-8,11/22/2011 9:23,2.08,17313,United Kingdom,-16.64
C558106,21181,PLEASE ONE PERSON METAL SIGN,-1,6/26/2011 14:59,2.1,13668,United Kingdom,-2.1
542565,84664,Unknown,-1,1/28/2011 14:52,0,Guest,United Kingdom,0
C538876,22272,FELTCRAFT DOLL MARIA,-1,12/14/2010 15:20,2.95,16499,United Kingdom,-2.95
560112,21683,Unknown,-38,7/15/2011 9:52,0,Guest,United Kingdom,0
C575672,23565,EGG CUP MILKMAID HELGA ,-4,11/10/2011 15:03,1.25,13098,United Kingdom,-5
C544054,M,Manual,-1,2/15/2011 12:41,869.55,Guest,United Kingdom,-869.55
547336,21689,wrong barcode,-323,3/22/2011 11:45,0,Guest,United Kingdom,0
C551867,22666,RECIPE BOX PANTRY YELLOW DESIGN,-2,5/4/2011 16:27,2.95,16227,United Kingdom,-5.9
C566785,22112,CHOCOLATE HOT WATER BOTTLE,-1,9/15/2011 10:28,4.95,17071,United Kingdom,-4.95
C546207,22381,TOY TIDY PINK POLKADOT,-2,3/10/2011 11:17,2.1,14211,United Kingdom,-4.2
C546867,85194S,HANGING SPRING FLOWER EGG SMALL,-24,3/17/2011 15:48,0.65,18218,United Kingdom,-15.6
C572115,22996,TRAVEL CARD WALLET VINTAGE TICKET,-20,10/20/2011 19:16,0.42,16394,United Kingdom,-8.4
C543606,22963,JAM JAR WITH GREEN LID,-1,2/10/2011 14:13,0.85,14665,United Kingdom,-0.85
C570850,22910,PAPER CHAIN KIT VINTAGE CHRISTMAS,-40,10/12/2011 14:44,2.55,15473,United Kingdom,-102
C572120,21181,PLEASE ONE PERSON METAL SIGN,-6,10/20/2011 19:29,2.1,14911,EIRE,-12.6
C564108,21216,"SET 3 RETROSPOT TEA,COFFEE,SUGAR",-1,8/23/2011 10:42,4.95,12428,Finland,-4.95
C558898,22798,ANTIQUE GLASS DRESSING TABLE POT,-1,7/4/2011 15:59,2.95,14952,United Kingdom,-2.95
C539251,21485,RETROSPOT HEART HOT WATER BOTTLE,-2,12/16/2010 14:15,4.95,17213,United Kingdom,-9.9
551575,21412,Unknown,-6,5/3/2011 11:16,0,Guest,United Kingdom,0
C571507,22666,RECIPE BOX PANTRY YELLOW DESIGN,-2,10/17/2011 15:24,2.95,13919,Denmark,-5.9
C560987,72807C,SET/3 VANILLA SCENTED CANDLE IN BOX,-1,7/22/2011 13:09,4.25,16859,United Kingdom,-4.25
C564217,22666,RECIPE BOX PANTRY YELLOW DESIGN,-2,8/24/2011 9:24,2.95,12994,United Kingdom,-5.9
C567686,20728,LUNCH BAG CARS BLUE,-10,9/21/2011 16:42,1.65,17702,United Kingdom,-16.5
C536979,84685,BEACH HUT KEY CABINET,-1,12/3/2010 14:23,3.75,17841,United Kingdom,-3.75
C557249,84816,DANISH ROSE BEDSIDE CABINET,-2,6/17/2011 15:34,39.95,16817,United Kingdom,-79.9
C547725,22945,CHRISTMAS METAL TAGS ASSORTED ,-6,3/25/2011 10:43,0.85,Guest,United Kingdom,-5.1
C573010,22606,WOODEN SKITTLES GARDEN SET,-1,10/27/2011 12:29,15.95,13735,United Kingdom,-15.95
C553033,21216,"SET 3 RETROSPOT TEA,COFFEE,SUGAR",-1,5/12/2011 19:50,4.95,13883,United Kingdom,-4.95
C543811,22423,REGENCY CAKESTAND 3 TIER,-1,2/13/2011 14:28,12.75,15640,United Kingdom,-12.75
C557666,22846,BREAD BIN DINER STYLE RED ,-1,6/21/2011 18:03,16.95,12947,United Kingdom,-16.95
C539072,22394,PAPERWEIGHT KINGS CHOICE ,-6,12/15/2010 17:05,2.55,15664,United Kingdom,-15.3
C572119,84946,ANTIQUE SILVER T-LIGHT GLASS,-2,10/20/2011 19:23,1.25,15598,United Kingdom,-2.5
C568232,22634,CHILDS BREAKFAST SET SPACEBOY ,-2,9/26/2011 11:27,9.95,14808,United Kingdom,-19.9
C553665,D,Discount,-1,5/18/2011 12:16,15.96,14527,United Kingdom,-15.96
C540244,71459,HANGING JAM JAR T-LIGHT HOLDER,-1,1/5/2011 15:40,0.85,17213,United Kingdom,-0.85
C547838,84949,SILVER HANGING T-LIGHT HOLDER,-6,3/27/2011 10:47,1.65,12916,United Kingdom,-9.9
C546173,22488,NATURAL SLATE RECTANGLE CHALKBOARD,-1,3/10/2011 10:34,1.65,14227,United Kingdom,-1.65
549180,84522,Unknown,-30,4/6/2011 17:34,0,Guest,United Kingdom,0
C573771,23462,ROCOCO WALL MIRROR WHITE,-1,11/1/2011 10:13,19.95,16164,United Kingdom,-19.95
C540006,21306,SET/4 DAISY MIRROR MAGNETS,-1,1/4/2011 10:48,2.1,14606,United Kingdom,-2.1
C571639,M,Manual,-1,10/18/2011 12:01,120.58,15498,United Kingdom,-120.58
C540164,22939,APRON APPLE DELIGHT,-2,1/5/2011 12:02,4.95,14911,EIRE,-9.9
C552552,22494,EMERGENCY FIRST AID TIN ,-24,5/10/2011 10:51,1.25,16525,United Kingdom,-30
C556896,21901,"KEY FOB , BACK DOOR ",-9,6/15/2011 12:51,0.65,12843,United Kingdom,-5.85
C576925,21673,WHITE SPOT BLUE CERAMIC DRAWER KNOB,-3,11/17/2011 10:54,1.45,14102,United Kingdom,-4.35
C561619,23170,REGENCY TEA PLATE ROSES ,-2,7/28/2011 13:31,1.65,13408,United Kingdom,-3.3
C554874,22767,TRIPLE PHOTO FRAME CORNICE ,-1,5/27/2011 11:02,9.95,15615,United Kingdom,-9.95
C550353,51020A,SUMMER FUN DESIGN SHOWER CAP,-2,4/18/2011 10:29,0.29,17841,United Kingdom,-0.58
C573321,22169,FAMILY ALBUM WHITE PICTURE FRAME,-1,10/30/2011 10:35,8.5,14546,United Kingdom,-8.5
C567902,21874,GIN AND TONIC MUG,-1,9/22/2011 16:29,1.65,15555,United Kingdom,-1.65
C567534,22154,ANGEL DECORATION 3 BUTTONS ,-1,9/21/2011 9:49,0.42,16341,United Kingdom,-0.42
C567681,22382,LUNCH BAG SPACEBOY DESIGN ,-7,9/21/2011 16:24,1.65,15433,United Kingdom,-11.55
C575013,M,Manual,-96,11/8/2011 11:23,0.19,16253,United Kingdom,-18.24
C578371,22434,BALLOON PUMP WITH 10 BALLOONS,-2,11/24/2011 11:16,1.95,14410,United Kingdom,-3.9
C579878,22728,ALARM CLOCK BAKELIKE PINK,-2,11/30/2011 17:12,3.75,17340,United Kingdom,-7.5
C567690,22383,LUNCH BAG SUKI DESIGN ,-5,9/21/2011 17:01,1.65,15810,United Kingdom,-8.25
579742,85204,lost??,-1131,11/30/2011 14:34,0,Guest,United Kingdom,0
C549666,85064,CREAM SWEETHEART LETTER RACK,-1,4/11/2011 12:17,4.65,13113,United Kingdom,-4.65
C567708,22961,JAM MAKING SET PRINTED,-79,9/22/2011 9:53,1.25,15201,United Kingdom,-98.75
C577892,POST,POSTAGE,-1,11/22/2011 11:43,3.25,16191,United Kingdom,-3.25
569376,85106,Unknown,-9,10/3/2011 16:29,0,Guest,United Kingdom,0
C551196,71459,HANGING JAM JAR T-LIGHT HOLDER,-1,4/27/2011 11:26,0.85,17069,United Kingdom,-0.85
C540158,22728,ALARM CLOCK BAKELIKE PINK,-4,1/5/2011 11:42,3.75,12471,Germany,-15
C540786,22720,SET OF 3 CAKE TINS PANTRY DESIGN ,-1,1/11/2011 11:42,4.95,15194,United Kingdom,-4.95
C568587,85053,FRENCH ENAMEL CANDLEHOLDER,-2,9/28/2011 10:15,2.1,18225,United Kingdom,-4.2
C541831,22943,CHRISTMAS LIGHTS 10 VINTAGE BAUBLES,-1,1/21/2011 17:12,4.95,18223,United Kingdom,-4.95
C555268,23057,BEADED CHANDELIER T-LIGHT HOLDER,-1,6/1/2011 16:17,4.95,18257,United Kingdom,-4.95
C548532,22423,REGENCY CAKESTAND 3 TIER,-48,3/31/2011 17:16,10.95,14031,United Kingdom,-525.6
C567685,22902,TOTE BAG I LOVE LONDON,-12,9/21/2011 16:35,2.1,16394,United Kingdom,-25.2
C570279,M,Manual,-3,10/10/2011 11:06,8,13694,United Kingdom,-24
C547889,21124,SET/10 BLUE POLKADOT PARTY CANDLES,-1,3/28/2011 10:02,1.25,14410,United Kingdom,-1.25
548402,21040,Unknown,-5,3/31/2011 9:26,0,Guest,United Kingdom,0
C565050,23243,SET OF TEA COFFEE SUGAR TINS PANTRY,-2,8/31/2011 17:10,4.95,12381,Norway,-9.9
576835,21618,Unknown,-2,11/16/2011 15:10,0,Guest,United Kingdom,0
542879,22242,Unknown,-19,2/1/2011 12:52,0,Guest,United Kingdom,0
C542916,M,Manual,-1,2/1/2011 16:21,4,15940,United Kingdom,-4
C581460,22107,PIZZA PLATE IN BOX,-1,12/8/2011 18:48,1.25,13078,United Kingdom,-1.25
C561598,22139,RETROSPOT TEA SET CERAMIC 11 PC ,-1,7/28/2011 11:27,4.95,13109,United Kingdom,-4.95
C537597,D,Discount,-1,12/7/2010 12:34,281,15498,United Kingdom,-281
542391,84455,Unknown,-31,1/27/2011 14:54,0,Guest,United Kingdom,0
C549666,37446,MINI CAKE STAND WITH HANGING CAKES,-4,4/11/2011 12:17,1.45,13113,United Kingdom,-5.8
C573021,22891,TEA FOR ONE POLKADOT,-2,10/27/2011 12:39,4.25,14911,EIRE,-8.5
C581128,85099B,JUMBO BAG RED RETROSPOT,-3,12/7/2011 12:46,2.08,12785,Portugal,-6.24
C578259,72807C,SET/3 VANILLA SCENTED CANDLE IN BOX,-120,11/23/2011 13:02,3.81,16660,United Kingdom,-457.2
C571499,23072,MARIE ANTOINETTE TRINKET BOX SILVER,-48,10/17/2011 15:07,6.5,12454,Spain,-312
C566474,22960,JAM MAKING SET WITH JARS,-1,9/12/2011 18:26,4.25,15136,United Kingdom,-4.25
C543765,79191C,RETRO PLASTIC ELEPHANT TRAY,-12,2/11/2011 15:16,0.85,16265,United Kingdom,-10.2
C554100,16235,RECYCLED PENCIL WITH RABBIT ERASER,-1,5/22/2011 13:27,0.21,15555,United Kingdom,-0.21
C557654,23240,SET OF 4 KNICK KNACK TINS DOILEY ,-2,6/21/2011 17:34,4.15,14243,United Kingdom,-8.3
576367,23071,damages,-65,11/14/2011 18:31,0,Guest,United Kingdom,0
C546887,21389,IVORY HANGING DECORATION  BIRD,-1,3/17/2011 18:14,0.85,14329,United Kingdom,-0.85
C549900,37446,MINI CAKE STAND WITH HANGING CAKES,-1,4/12/2011 16:10,1.45,17180,United Kingdom,-1.45
C569944,22357,KINGS CHOICE BISCUIT TIN,-2,10/6/2011 18:12,4.25,17405,United Kingdom,-8.5
C559983,22921,HERB MARKER CHIVES ,-12,7/14/2011 11:41,0.65,14562,United Kingdom,-7.8
C551511,22829,SWEETHEART WIRE WALL TIDY,-2,4/28/2011 19:49,9.95,14311,United Kingdom,-19.9
C578276,21430,SET/3 RED GINGHAM ROSE STORAGE BOX,-1,11/23/2011 13:48,3.39,17511,United Kingdom,-3.39
546023,85175,wrongly sold sets,-975,3/8/2011 17:29,0,Guest,United Kingdom,0
C570012,22762,CUPBOARD 3 DRAWER MA CAMPAGNE,-2,10/7/2011 9:53,14.95,15344,United Kingdom,-29.9
C561235,21313,GLASS HEART T-LIGHT HOLDER ,-1,7/26/2011 10:27,0.85,13767,United Kingdom,-0.85
C563363,23155,KNICKERBOCKERGLORY MAGNET ASSORTED ,-1,8/15/2011 16:20,0.83,15342,United Kingdom,-0.83
C567690,22631,CIRCUS PARADE LUNCH BOX ,-10,9/21/2011 17:01,1.95,15810,United Kingdom,-19.5
C547763,21259,VICTORIAN SEWING BOX SMALL ,-1,3/25/2011 11:31,5.95,14194,United Kingdom,-5.95
C562142,23163,REGENCY SUGAR TONGS,-7,8/3/2011 10:37,2.08,15189,United Kingdom,-14.56
C570867,23291,DOLLY GIRL CHILDRENS CUP,-8,10/12/2011 16:17,1.25,12607,USA,-10
572759,37468,Unknown,-2,10/25/2011 18:45,0,Guest,United Kingdom,0
C561622,23243,SET OF TEA COFFEE SUGAR TINS PANTRY,-2,7/28/2011 13:42,4.95,16572,United Kingdom,-9.9
C538698,22952,60 CAKE CASES VINTAGE CHRISTMAS,-24,12/14/2010 10:21,0.55,13329,United Kingdom,-13.2
C548460,22692,DOORMAT WELCOME TO OUR HOME,-2,3/31/2011 11:58,7.95,16801,United Kingdom,-15.9
C571066,22960,JAM MAKING SET WITH JARS,-1,10/13/2011 15:05,3.75,12709,Germany,-3.75
C573756,21232,STRAWBERRY CERAMIC TRINKET POT,-9,11/1/2011 9:46,1.25,17865,United Kingdom,-11.25
C559347,21373,MIRRORED WALL ART SNOWFLAKES,-12,7/7/2011 17:22,0.75,18072,United Kingdom,-9
568080,44236,Unknown,-2,9/23/2011 14:35,0,Guest,United Kingdom,0
C570867,22922,FRIDGE MAGNETS US DINER ASSORTED,-12,10/12/2011 16:17,0.85,12607,USA,-10.2
553399,84789,Unknown,-2,5/16/2011 17:08,0,Guest,United Kingdom,0
581208,72801C,check,-10,12/7/2011 18:35,0,Guest,United Kingdom,0
C577394,23184,BULL DOG BOTTLE OPENER,-2,11/18/2011 17:09,4.95,14902,United Kingdom,-9.9
C543347,85049G,CHOCOLATE BOX RIBBONS ,-2,2/7/2011 12:44,1.25,12472,Germany,-2.5
C544442,22423,REGENCY CAKESTAND 3 TIER,-3,2/20/2011 10:30,10.95,15465,United Kingdom,-32.85
C562773,22374,AIRLINE BAG VINTAGE JET SET RED,-1,8/9/2011 12:18,4.25,17841,United Kingdom,-4.25
C552841,22843,BISCUIT TIN VINTAGE GREEN,-2,5/11/2011 14:28,6.75,15827,United Kingdom,-13.5
C563072,22805,BLUE DRAWER KNOB ACRYLIC EDWARDIAN,-1,8/11/2011 15:45,1.25,16928,United Kingdom,-1.25
C551511,21318,GLASS CHALICE BLUE SMALL ,-5,4/28/2011 19:49,0.39,14311,United Kingdom,-1.95
C552556,21524,DOORMAT SPOTTY HOME SWEET HOME,-2,5/10/2011 11:21,7.95,17504,United Kingdom,-15.9
C571327,M,Manual,-1,10/17/2011 11:12,283.02,12783,Portugal,-283.02
C572343,22101,MIRROR MOSAIC VOTIVE HOLDER,-324,10/24/2011 10:40,0.39,14607,United Kingdom,-126.36
C562889,22727,ALARM CLOCK BAKELIKE RED ,-2,8/10/2011 12:07,3.75,18172,United Kingdom,-7.5
C573764,23301,GARDENERS KNEELING PAD KEEP CALM ,-2,11/1/2011 9:56,1.65,13032,United Kingdom,-3.3
C564368,21208,PASTEL COLOUR HONEYCOMB FAN,-24,8/25/2011 9:29,0.39,16493,United Kingdom,-9.36
C547388,22701,PINK DOG BOWL,-6,3/22/2011 16:07,2.95,12352,Norway,-17.7
C572531,23122,PARTY CHARMS 50 PIECES,-2,10/24/2011 15:57,0.83,13269,United Kingdom,-1.66
549948,37488A,damaged,-1,4/13/2011 12:55,0,Guest,United Kingdom,0
C546865,79000,MOROCCAN TEA GLASS,-1,3/17/2011 15:46,0.65,14226,United Kingdom,-0.65
C546207,22423,REGENCY CAKESTAND 3 TIER,-1,3/10/2011 11:17,12.75,14211,United Kingdom,-12.75
549950,37487B,Damaged,-6,4/13/2011 12:57,0,Guest,United Kingdom,0
C544581,S,SAMPLES,-1,2/21/2011 14:32,107.99,Guest,United Kingdom,-107.99
C546987,AMAZONFEE,AMAZON FEE,-1,3/18/2011 12:56,5693.05,Guest,United Kingdom,-5693.05
C569117,23409,PHOTO FRAME LINEN AND LACE LARGE,-1,9/30/2011 12:54,3.75,17506,United Kingdom,-3.75
C542092,20727,LUNCH BAG  BLACK SKULL.,-1,1/25/2011 12:45,1.65,14389,United Kingdom,-1.65
C547806,22720,SET OF 3 CAKE TINS PANTRY DESIGN ,-1,3/25/2011 13:37,4.95,12528,Germany,-4.95
C580968,23581,JUMBO BAG PAISLEY PARK,-20,12/6/2011 14:57,2.08,15622,United Kingdom,-41.6
C576919,23239,SET OF 4 KNICK KNACK TINS POPPIES,-6,11/17/2011 10:44,4.15,15529,United Kingdom,-24.9
542379,35922,Unknown,-30,1/27/2011 13:58,0,Guest,United Kingdom,0
C545569,22840,ROUND CAKE TIN VINTAGE RED,-1,3/3/2011 16:26,7.95,14239,United Kingdom,-7.95
C548543,84949,SILVER HANGING T-LIGHT HOLDER,-2,3/31/2011 18:44,1.65,14525,United Kingdom,-3.3
C549987,22061,LARGE CAKE STAND  HANGING STRAWBERY,-1,4/13/2011 16:06,9.95,14367,United Kingdom,-9.95
C580886,21258,VICTORIAN SEWING BOX LARGE,-5,12/6/2011 12:25,10.95,15311,United Kingdom,-54.75
C536827,21527,RED RETROSPOT TRADITIONAL TEAPOT ,-3,12/2/2010 17:31,6.95,13408,United Kingdom,-20.85
C536622,22752,SET 7 BABUSHKA NESTING BOXES,-2,12/2/2010 10:37,8.5,12471,Germany,-17
C543442,84625A,PINK NEW BAROQUECANDLESTICK CANDLE,-3,2/8/2011 11:40,2.95,14911,EIRE,-8.85
546137,20893,damages/display,-197,3/9/2011 16:33,0,Guest,United Kingdom,0
C548454,M,Manual,-1,3/31/2011 11:42,7.88,16422,United Kingdom,-7.88
C579753,22434,BALLOON PUMP WITH 10 BALLOONS,-16,11/30/2011 14:48,1.95,15484,United Kingdom,-31.2
C579877,23113,PANTRY CHOPPING BOARD,-1,11/30/2011 17:07,4.95,16240,United Kingdom,-4.95
C558202,21673,WHITE SPOT BLUE CERAMIC DRAWER KNOB,-1,6/27/2011 13:24,1.25,17841,United Kingdom,-1.25
C559031,82580,BATHROOM METAL SIGN,-250,7/5/2011 14:53,0.42,15985,United Kingdom,-105
C578803,22191,IVORY DINER WALL CLOCK,-1,11/25/2011 12:55,8.5,16764,United Kingdom,-8.5
C568600,21931,JUMBO STORAGE BAG SUKI,-1,9/28/2011 11:21,2.08,18223,United Kingdom,-2.08
559365,22451,Unknown,-3,7/8/2011 8:53,0,Guest,United Kingdom,0
C565799,22624,IVORY KITCHEN SCALES,-1,9/7/2011 10:17,8.5,13999,United Kingdom,-8.5
C579886,23146,TRIPLE HOOK ANTIQUE IVORY ROSE,-1,11/30/2011 17:39,3.29,15676,United Kingdom,-3.29
C571707,22899,CHILDREN'S APRON DOLLY GIRL ,-3,10/18/2011 15:33,2.1,14056,United Kingdom,-6.3
C541863,85099B,JUMBO BAG RED RETROSPOT,-6,1/23/2011 16:08,1.65,13798,United Kingdom,-9.9
C549723,79191C,RETRO PLASTIC ELEPHANT TRAY,-12,4/11/2011 16:05,0.85,13995,United Kingdom,-10.2
C558110,23010,CIRCUS PARADE BABY GIFT SET,-2,6/26/2011 15:47,16.95,17731,United Kingdom,-33.9
C567543,23346,SPACEBOY BEAKER,-6,9/21/2011 10:19,1.25,13418,United Kingdom,-7.5
548693,22720,Unknown,-60,4/1/2011 17:25,0,Guest,United Kingdom,0
C571196,23311,VINTAGE CHRISTMAS STOCKING ,-6,10/14/2011 12:02,2.55,Guest,United Kingdom,-15.3
C537756,21275,ZINC TOP  2 DOOR WOODEN SHELF ,-4,12/8/2010 11:33,14.95,14952,United Kingdom,-59.8
C548748,21937,STRAWBERRY   PICNIC BAG,-5,4/4/2011 12:28,2.95,15223,United Kingdom,-14.75
C574261,22636,CHILDS BREAKFAST SET CIRCUS PARADE,-4,11/3/2011 14:00,8.5,12683,France,-34
C548015,82583,HOT BATHS METAL SIGN,-30,3/29/2011 11:30,1.69,13802,United Kingdom,-50.7
C576968,21670,BLUE SPOT CERAMIC DRAWER KNOB,-5,11/17/2011 11:51,1.45,13668,United Kingdom,-7.25
569394,21163,Unknown,-70,10/3/2011 17:16,0,Guest,United Kingdom,0
550133,85099F,Unknown,-1092,4/14/2011 13:49,0,Guest,United Kingdom,0
C562438,22698,PINK REGENCY TEACUP AND SAUCER,-2,8/4/2011 17:58,2.95,14621,United Kingdom,-5.9
C546131,21539,RED RETROSPOT BUTTER DISH,-1,3/9/2011 15:08,4.95,16057,United Kingdom,-4.95
C536391,22553,PLASTERS IN TIN SKULLS,-24,12/1/2010 10:24,1.65,17548,United Kingdom,-39.6
C539251,48116,DOORMAT MULTICOLOUR STRIPE,-2,12/16/2010 14:15,7.95,17213,United Kingdom,-15.9
C543119,84380,SET OF 3 BUTTERFLY COOKIE CUTTERS,-1,2/3/2011 13:31,1.25,14606,United Kingdom,-1.25
C559059,23444,Next Day Carriage,-1,7/6/2011 10:00,15,13338,United Kingdom,-15
C545829,84378,SET OF 3 HEART COOKIE CUTTERS,-24,3/7/2011 13:08,1.25,15290,United Kingdom,-30
C537431,21755,LOVE BUILDING BLOCK WORD,-1,12/6/2010 16:10,5.95,16782,United Kingdom,-5.95
C553372,POST,POSTAGE,-1,5/16/2011 14:37,35.65,Guest,United Kingdom,-35.65
C568501,22171,3 HOOK PHOTO SHELF ANTIQUE WHITE,-2,9/27/2011 12:13,8.5,16713,United Kingdom,-17
C564488,72807A,SET/3 ROSE CANDLE IN JEWELLED BOX,-4,8/25/2011 14:12,4.25,16859,United Kingdom,-17
C545439,37495,FAIRY CAKE BIRTHDAY CANDLE SET,-4,3/2/2011 15:58,3.75,14243,United Kingdom,-15
C553530,35004B,SET OF 3 BLACK FLYING DUCKS,-1,5/17/2011 15:08,4.65,13777,United Kingdom,-4.65
C547725,22398,MAGNETS PACK OF 4 SWALLOWS,-5,3/25/2011 10:43,1.25,Guest,United Kingdom,-6.25
C537251,22141,CHRISTMAS CRAFT TREE TOP ANGEL,-8,12/6/2010 10:45,2.1,Guest,United Kingdom,-16.8
C571499,23245,SET OF 3 REGENCY CAKE TINS,-16,10/17/2011 15:07,4.15,12454,Spain,-66.4
C542744,22701,PINK DOG BOWL,-2,1/31/2011 16:32,0.85,16191,United Kingdom,-1.7
554287,22700,smashed,-48,5/23/2011 14:17,0,Guest,United Kingdom,0
C575058,79321,CHILLI LIGHTS,-1,11/8/2011 12:25,4.95,16013,United Kingdom,-4.95
C558361,82001S,VINYL RECORD FRAME SILVER,-1,6/28/2011 15:13,3.75,15128,United Kingdom,-3.75
567150,35817P,thrown away,-44,9/16/2011 15:29,0,Guest,United Kingdom,0
C577196,21523,DOORMAT FANCY FONT HOME SWEET HOME,-1,11/18/2011 11:45,8.25,16924,United Kingdom,-8.25
C549731,21399,BLUE POLKADOT COFFEE MUG,-1,4/11/2011 16:36,0.39,13266,United Kingdom,-0.39
C575082,22352,LUNCH BOX WITH CUTLERY RETROSPOT ,-1,11/8/2011 13:30,2.55,12613,Germany,-2.55
C565016,22147,FELTCRAFT BUTTERFLY HEARTS,-6,8/31/2011 16:28,1.45,15764,United Kingdom,-8.7
C559486,23245,SET OF 3 REGENCY CAKE TINS,-2,7/8/2011 13:51,4.95,13047,United Kingdom,-9.9
C576338,CRUK,CRUK Commission,-1,11/14/2011 15:27,1038.75,14096,United Kingdom,-1038.75
C571855,22429,ENAMEL MEASURING JUG CREAM,-3,10/19/2011 13:36,4.25,17462,United Kingdom,-12.75
C567361,23318,BOX OF 6 MINI VINTAGE CRACKERS,-3,9/19/2011 16:47,2.49,13599,United Kingdom,-7.47
C570867,22989,SET 2 PANTRY DESIGN TEA TOWELS,-6,10/12/2011 16:17,3.25,12607,USA,-19.5
549457,47344B,Unknown,-16,4/8/2011 14:19,0,Guest,United Kingdom,0
C556640,22283,6 EGG HOUSE PAINTED WOOD,-2,6/13/2011 15:44,7.95,13148,United Kingdom,-15.9
C553780,21871,SAVE THE PLANET MUG,-2,5/19/2011 10:53,1.25,15730,United Kingdom,-2.5
C546997,22396,MAGNETS PACK OF 4 RETRO PHOTO,-6,3/18/2011 13:32,1.25,12748,United Kingdom,-7.5
C554532,23146,TRIPLE HOOK ANTIQUE IVORY ROSE,-1,5/24/2011 17:32,3.29,14194,United Kingdom,-3.29
C556818,22456,NATURAL SLATE CHALKBOARD LARGE ,-1,6/15/2011 10:01,4.95,17284,United Kingdom,-4.95
C564941,22193,RED DINER WALL CLOCK,-2,8/31/2011 13:18,8.5,13709,United Kingdom,-17
C541863,35924,HANGING FAIRY CAKE DECORATION,-2,1/23/2011 16:08,1.69,13798,United Kingdom,-3.38
C558444,84978,HANGING HEART JAR T-LIGHT HOLDER,-1,6/29/2011 13:29,1.06,15311,United Kingdom,-1.06
C539602,37495,FAIRY CAKE BIRTHDAY CANDLE SET,-4,12/20/2010 14:02,3.75,13369,United Kingdom,-15
C537234,22653,BUTTON BOX ,-20,12/6/2010 9:40,1.95,16161,United Kingdom,-39
C539276,21559,STRAWBERRY LUNCH BOX WITH CUTLERY,-1,12/16/2010 15:36,2.55,16503,United Kingdom,-2.55
C580954,21238,RED RETROSPOT CUP,-16,12/6/2011 14:19,0.85,12967,United Kingdom,-13.6
C541231,22059,CERAMIC STRAWBERRY DESIGN MUG,-1,1/14/2011 16:55,1.49,13455,United Kingdom,-1.49
C560540,23241,TREASURE TIN GYMKHANA DESIGN,-1,7/19/2011 12:26,2.08,12415,Australia,-2.08
549244,79331,Unknown,-3,4/7/2011 11:53,0,Guest,United Kingdom,0
C580605,AMAZONFEE,AMAZON FEE,-1,12/5/2011 11:36,17836.46,Guest,United Kingdom,-17836.46
C574057,22938,CUPCAKE LACE PAPER SET 6,-12,11/2/2011 14:10,1.95,14102,United Kingdom,-23.4
C565077,23196,VINTAGE LEAF MAGNETIC NOTEPAD,-3,8/31/2011 17:31,1.45,17451,United Kingdom,-4.35
C568386,22667,RECIPE BOX RETROSPOT ,-3,9/27/2011 9:56,2.95,12720,Germany,-8.85
548684,72798C,Unknown,-2,4/1/2011 16:46,0,Guest,United Kingdom,0
C537805,20829,GLITTER HANGING BUTTERFLY STRING,-1,12/8/2010 13:18,2.1,15311,United Kingdom,-2.1
C555935,20726,LUNCH BAG WOODLAND,-10,6/8/2011 9:14,1.65,12567,France,-16.5
C554330,23174,REGENCY SUGAR BOWL GREEN,-1,5/23/2011 17:08,4.15,12749,United Kingdom,-4.15
C570221,22961,JAM MAKING SET PRINTED,-2,10/9/2011 12:56,1.45,13113,United Kingdom,-2.9
C558329,46000S,POLYESTER FILLER PAD 40x40cm,-12,6/28/2011 12:09,1.45,17900,United Kingdom,-17.4
C580179,22972,CHILDREN'S SPACEBOY MUG,-1,12/2/2011 11:58,1.65,13352,United Kingdom,-1.65
C570290,21231,SWEETHEART CERAMIC TRINKET BOX,-12,10/10/2011 11:54,1.25,14665,United Kingdom,-15
C542424,22156,HEART DECORATION WITH PEARLS ,-5,1/28/2011 9:18,0.85,18075,United Kingdom,-4.25
C570654,M,Manual,-1,10/11/2011 13:55,58.29,Guest,United Kingdom,-58.29
C544609,85170D,SET/6 PINK BIRD T-LIGHT CANDLES,-3,2/22/2011 10:03,2.1,12494,France,-6.3
C554010,POST,POSTAGE,-1,5/20/2011 12:44,75,17940,United Kingdom,-75
C562709,85123A,WHITE HANGING HEART T-LIGHT HOLDER,-1,8/8/2011 14:32,2.55,17511,United Kingdom,-2.55
C573034,22690,DOORMAT HOME SWEET HOME BLUE ,-1,10/27/2011 13:41,8.25,14227,United Kingdom,-8.25
543271,21087,Unknown,-6,2/4/2011 17:26,0,Guest,United Kingdom,0
C555595,22652,TRAVEL SEWING KIT,-1,6/6/2011 10:14,1.65,17652,United Kingdom,-1.65
C554540,23165,LARGE CERAMIC TOP STORAGE JAR,-1,5/24/2011 17:49,1.45,15125,United Kingdom,-1.45
C552585,82483,WOOD 2 DRAWER CABINET WHITE FINISH,-1,5/10/2011 12:35,6.95,17841,United Kingdom,-6.95
C545452,47590B,PINK HAPPY BIRTHDAY BUNTING,-2,3/2/2011 16:56,4.65,16422,United Kingdom,-9.3
C560561,22171,3 HOOK PHOTO SHELF ANTIQUE WHITE,-1,7/19/2011 13:28,8.5,17651,United Kingdom,-8.5
C548748,22666,RECIPE BOX PANTRY YELLOW DESIGN,-6,4/4/2011 12:28,2.95,15223,United Kingdom,-17.7
C538734,84352,SILVER CHRISTMAS TREE BAUBLE STAND ,-2,12/14/2010 11:24,16.95,16810,United Kingdom,-33.9
C564940,23201,JUMBO BAG ALPHABET,-140,8/31/2011 13:10,1.79,12931,United Kingdom,-250.6
576250,71279,damages,-74,11/14/2011 13:50,0,Guest,United Kingdom,0
C543632,22655,VINTAGE RED KITCHEN CABINET,-1,2/10/2011 16:22,295,14842,United Kingdom,-295
C550168,23155,KNICKERBOCKERGLORY MAGNET ASSORTED ,-1,4/14/2011 16:41,0.83,14339,United Kingdom,-0.83
C551541,22839,3 TIER CAKE TIN GREEN AND CREAM,-1,5/3/2011 8:49,14.95,13692,United Kingdom,-14.95
C545831,22666,RECIPE BOX PANTRY YELLOW DESIGN,-2,3/7/2011 13:10,2.95,15194,United Kingdom,-5.9
568543,84920,Unknown,-21,9/27/2011 14:33,0,Guest,United Kingdom,0
C569112,22362,GLASS JAR PEACOCK BATH SALTS,-3,9/30/2011 12:47,2.95,17405,United Kingdom,-8.85
C548411,D,Discount,-1,3/31/2011 10:36,162.24,13316,United Kingdom,-162.24
C580966,22469,HEART OF WICKER SMALL,-4,12/6/2011 14:52,1.65,16554,United Kingdom,-6.6
C559019,23212,HEART WREATH DECORATION WITH BELL,-36,7/5/2011 13:10,1.25,14034,United Kingdom,-45
C574339,23243,SET OF TEA COFFEE SUGAR TINS PANTRY,-4,11/4/2011 10:07,4.95,14629,United Kingdom,-19.8
C562582,21452,TOADSTOOL MONEY BOX,-1,8/7/2011 13:53,2.95,15640,United Kingdom,-2.95
C578136,23325,RUSTIC STRAWBERRY JAM POT SMALL,-5,11/23/2011 10:57,1.65,14156,EIRE,-8.25
C578363,82494L,WOODEN FRAME ANTIQUE WHITE ,-48,11/24/2011 10:40,2.55,15482,United Kingdom,-122.4
C563599,22842,BISCUIT TIN VINTAGE RED,-1,8/18/2011 6:22,6.75,15152,United Kingdom,-6.75
C539711,22940,FELTCRAFT CHRISTMAS FAIRY,-4,12/21/2010 12:38,4.25,13319,United Kingdom,-17
C567961,22557,PLASTERS IN TIN VINTAGE PAISLEY ,-2,9/23/2011 9:16,1.65,13430,United Kingdom,-3.3
C554338,20914,SET/5 RED RETROSPOT LID GLASS BOWLS,-2,5/23/2011 17:29,2.95,14038,United Kingdom,-5.9
C559880,71038,WHITE HANGING BEADS CANDLE HOLDER,-4,7/13/2011 11:32,5.45,15493,United Kingdom,-21.8
C539640,20829,GLITTER HANGING BUTTERFLY STRING,-2,12/20/2010 15:27,2.1,15311,United Kingdom,-4.2
C557655,21533,RETROSPOT LARGE MILK JUG,-1,6/21/2011 17:36,4.25,15125,United Kingdom,-4.25
C541824,22456,NATURAL SLATE CHALKBOARD LARGE ,-3,1/21/2011 16:58,4.25,15939,United Kingdom,-12.75
C542537,22892,SET OF SALT AND PEPPER TOADSTOOLS,-3,1/28/2011 13:54,1.25,12501,Germany,-3.75
C563207,21933,PINK VINTAGE PAISLEY PICNIC BAG,-1,8/14/2011 12:10,1.65,17613,United Kingdom,-1.65
C542413,22952,60 CAKE CASES VINTAGE CHRISTMAS,-24,1/27/2011 17:11,0.55,16923,United Kingdom,-13.2
C548454,M,Manual,-1,3/31/2011 11:42,57.6,16422,United Kingdom,-57.6
574094,22147,check,-80,11/3/2011 9:46,0,Guest,United Kingdom,0
C545728,22423,REGENCY CAKESTAND 3 TIER,-2,3/7/2011 11:41,12.75,12484,Spain,-25.5
C559348,75049L,LARGE CIRCULAR MIRROR MOBILE,-2,7/7/2011 17:25,0.85,16550,United Kingdom,-1.7
C539605,21868,POTTING SHED TEA MUG,-4,12/20/2010 14:07,1.25,13050,United Kingdom,-5
549161,21518,Unknown,-31,4/6/2011 17:15,0,Guest,United Kingdom,0
C570828,90059B,DIAMANTE HAIR GRIP PACK/2 BLACK DIA,-6,10/12/2011 13:15,1.65,14911,EIRE,-9.9
C570867,23311,VINTAGE CHRISTMAS STOCKING ,-6,10/12/2011 16:17,2.55,12607,USA,-15.3
C571220,M,Manual,-1,10/14/2011 13:35,599.5,13810,Germany,-599.5
C552301,21424,WOODLAND STORAGE BOX LARGE ,-1,5/8/2011 14:50,2.95,17323,United Kingdom,-2.95
C579897,22470,HEART OF WICKER LARGE,-2,12/1/2011 8:29,2.95,17636,United Kingdom,-5.9
C543776,22962,JAM JAR WITH PINK LID,-3,2/11/2011 16:12,0.85,14133,United Kingdom,-2.55
C536543,22355,CHARLOTTE BAG SUKI DESIGN,-2,12/1/2010 14:30,0.85,17841,United Kingdom,-1.7
C541498,22776,SWEETHEART CAKESTAND 3 TIER,-1,1/18/2011 15:21,9.95,13693,United Kingdom,-9.95
C575940,21820,GLITTER HEART GARLAND WITH BELLS ,-18,11/13/2011 11:38,3.75,17838,United Kingdom,-67.5
C566671,22628,PICNIC BOXES SET OF 3 RETROSPOT ,-1,9/14/2011 11:39,4.95,17841,United Kingdom,-4.95
C574955,23110,PARISIENNE KEY CABINET ,-2,11/8/2011 9:56,5.75,15066,United Kingdom,-11.5
571027,72816,Unknown,-36,10/13/2011 12:19,0,Guest,United Kingdom,0
C570708,M,Manual,-600,10/12/2011 10:11,0.19,12908,United Kingdom,-114
C572398,POST,POSTAGE,-1,10/24/2011 11:55,11.85,Guest,United Kingdom,-11.85
C573228,22666,RECIPE BOX PANTRY YELLOW DESIGN,-1,10/28/2011 11:54,2.95,16764,United Kingdom,-2.95
C555271,23172,REGENCY TEA PLATE PINK,-2,6/1/2011 16:26,1.65,14338,United Kingdom,-3.3
C573750,22109,FULL ENGLISH BREAKFAST PLATE,-2,11/1/2011 9:29,3.75,16150,United Kingdom,-7.5
C580919,23452,HEART MINI PORTRAIT FRAME,-1,12/6/2011 14:07,1.95,16571,United Kingdom,-1.95
C540307,21644,ASSORTED TUTTI FRUTTI HEART BOX,-24,1/6/2011 12:58,1.25,15823,United Kingdom,-30
C564281,22890,NOVELTY BISCUITS CAKE STAND 3 TIER,-1,8/24/2011 10:54,9.95,14796,United Kingdom,-9.95
C548460,21908,CHOCOLATE THIS WAY METAL SIGN,-12,3/31/2011 11:58,2.1,16801,United Kingdom,-25.2
C551333,22320,BIRDS MOBILE VINTAGE DESIGN,-2,4/27/2011 16:28,5.95,12681,France,-11.9
C565026,85023B,EAU DE NILE JEWELLED PHOTOFRAME,-72,8/31/2011 16:34,2.1,13694,United Kingdom,-151.2
C579347,22585,PACK OF 6 BIRDY GIFT TAGS,-20,11/29/2011 11:47,1.25,17658,United Kingdom,-25
C551892,21459,YELLOW EASTER EGG HUNT START POST,-7,5/5/2011 9:58,1.95,16265,United Kingdom,-13.65
C552237,22550,HOLIDAY FUN LUDO,-1,5/6/2011 16:44,3.75,14056,United Kingdom,-3.75
577304,20956,check,-152,11/18/2011 13:04,0,Guest,United Kingdom,0
C538798,22114,HOT WATER BOTTLE TEA AND SYMPATHY,-4,12/14/2010 11:45,3.95,17041,United Kingdom,-15.8
C537251,22466,FAIRY TALE COTTAGE NIGHTLIGHT,-3,12/6/2010 10:45,1.95,Guest,United Kingdom,-5.85
C560550,85103,SILVER T-LIGHT SETTING,-37,7/19/2011 12:47,5.95,12971,United Kingdom,-220.15
C574254,M,Manual,-1,11/3/2011 13:44,64.11,15527,United Kingdom,-64.11
C554715,22061,LARGE CAKE STAND  HANGING STRAWBERY,-1,5/26/2011 11:02,9.95,13658,United Kingdom,-9.95
C572538,22456,NATURAL SLATE CHALKBOARD LARGE ,-3,10/24/2011 16:10,4.95,14121,United Kingdom,-14.85
C547725,22945,CHRISTMAS METAL TAGS ASSORTED ,-72,3/25/2011 10:43,0.85,Guest,United Kingdom,-61.2
554676,71143,Unknown,-31,5/25/2011 16:03,0,Guest,United Kingdom,0
C547908,M,Manual,-1,3/28/2011 12:18,646.46,Guest,United Kingdom,-646.46
C560409,22776,SWEETHEART CAKESTAND 3 TIER,-2,7/18/2011 14:24,9.95,16717,United Kingdom,-19.9
C580966,23108,SET OF 10 LED DOLLY LIGHTS,-2,12/6/2011 14:52,6.25,16554,United Kingdom,-12.5
547345,22838,Unknown,-10,3/22/2011 11:55,0,Guest,United Kingdom,0
C571893,22180,RETROSPOT LAMP,-2,10/19/2011 14:13,9.95,13314,United Kingdom,-19.9
C576785,37495,FAIRY CAKE BIRTHDAY CANDLE SET,-4,11/16/2011 13:51,3.75,14109,United Kingdom,-15
C575572,21754,HOME BUILDING BLOCK WORD,-1,11/10/2011 11:33,6.25,17528,United Kingdom,-6.25
C579926,23207,LUNCH BAG ALPHABET DESIGN,-2,12/1/2011 9:19,1.65,14389,United Kingdom,-3.3
C548460,48111,DOORMAT 3 SMILEY CATS,-2,3/31/2011 11:58,7.95,16801,United Kingdom,-15.9
C555272,22384,LUNCH BAG PINK POLKADOT,-10,6/1/2011 16:29,1.65,16496,United Kingdom,-16.5
C568244,23169,CLASSIC GLASS COOKIE JAR,-1,9/26/2011 12:21,4.15,12583,France,-4.15
C567357,22960,JAM MAKING SET WITH JARS,-1,9/19/2011 16:23,4.25,16211,United Kingdom,-4.25
C559417,22617,BAKING SET SPACEBOY DESIGN,-1,7/8/2011 11:08,4.95,13115,United Kingdom,-4.95
C545432,22220,CAKE STAND LOVEBIRD 2 TIER WHITE,-1,3/2/2011 15:15,9.95,14657,United Kingdom,-9.95
C571893,22666,RECIPE BOX PANTRY YELLOW DESIGN,-2,10/19/2011 14:13,2.95,13314,United Kingdom,-5.9
C575150,23245,SET OF 3 REGENCY CAKE TINS,-6,11/8/2011 16:05,4.15,12471,Germany,-24.9
C548389,22423,REGENCY CAKESTAND 3 TIER,-1,3/30/2011 16:54,12.75,16713,United Kingdom,-12.75
C568232,20723,STRAWBERRY CHARLOTTE BAG,-7,9/26/2011 11:27,0.85,14808,United Kingdom,-5.95
C555636,23108,SET OF 10 LED DOLLY LIGHTS,-12,6/6/2011 12:33,5.39,15073,United Kingdom,-64.68
577836,21888,check,-57,11/22/2011 10:26,0,Guest,United Kingdom,0
C537251,22943,CHRISTMAS LIGHTS 10 VINTAGE BAUBLES,-6,12/6/2010 10:45,4.95,Guest,United Kingdom,-29.7
C555636,22677,FRENCH BLUE METAL DOOR SIGN 2,-10,6/6/2011 12:33,1.25,15073,United Kingdom,-12.5
548890,84876C,Unknown,-19,4/4/2011 15:26,0,Guest,United Kingdom,0
C553025,22547,MINI JIGSAW DINOSAUR ,-2,5/12/2011 19:33,0.42,13971,United Kingdom,-0.84
C570483,22728,ALARM CLOCK BAKELIKE PINK,-2,10/10/2011 17:01,3.75,13078,United Kingdom,-7.5
C566467,23204,CHARLOTTE BAG APPLES DESIGN,-19,9/12/2011 18:04,0.85,14688,United Kingdom,-16.15
C544561,22220,CAKE STAND LOVEBIRD 2 TIER WHITE,-1,2/21/2011 12:44,9.95,15687,United Kingdom,-9.95
575625,35972,check,-3,11/10/2011 13:20,0,Guest,United Kingdom,0
C539287,85175,CACTI T-LIGHT CANDLES,-80,12/16/2010 16:24,0.42,17655,United Kingdom,-33.6
C566183,23301,GARDENERS KNEELING PAD KEEP CALM ,-2,9/9/2011 12:59,1.65,14837,United Kingdom,-3.3
C538834,85123A,WHITE HANGING HEART T-LIGHT HOLDER,-1,12/14/2010 13:06,2.95,14415,United Kingdom,-2.95
C564748,22978,PANTRY ROLLING PIN,-5,8/30/2011 8:00,3.75,14911,EIRE,-18.75
C576850,21428,SET3 BOOK BOX GREEN GINGHAM FLOWER ,-2,11/16/2011 15:40,4.25,13924,United Kingdom,-8.5
577999,21018,damaged,-63,11/22/2011 12:29,0,Guest,United Kingdom,0
C575616,23469,CARD HOLDER LOVE BIRD SMALL,-2,11/10/2011 12:51,4.15,15805,United Kingdom,-8.3
C554100,71477,COLOUR GLASS. STAR T-LIGHT HOLDER,-1,5/22/2011 13:27,3.25,15555,United Kingdom,-3.25
C564138,23229,VINTAGE DONKEY TAIL GAME ,-1,8/23/2011 11:36,3.39,12753,Japan,-3.39
C567627,21933,PINK VINTAGE PAISLEY PICNIC BAG,-1,9/21/2011 13:01,1.65,17511,United Kingdom,-1.65
C538119,21777,RECIPE BOX WITH METAL HEART,-2,12/9/2010 15:34,7.95,13136,United Kingdom,-15.9
C555595,23168,CLASSIC CAFE SUGAR DISPENSER,-1,6/6/2011 10:14,1.25,17652,United Kingdom,-1.25
C574886,23169,CLASSIC GLASS COOKIE JAR,-1,11/7/2011 14:07,3.75,14606,United Kingdom,-3.75
C571637,23348,CHILDRENS TOY COOKING UTENSIL SET,-2,10/18/2011 11:55,2.08,14688,United Kingdom,-4.16
C544436,22865,HAND WARMER OWL DESIGN,-2,2/18/2011 16:52,2.1,18172,United Kingdom,-4.2
561505,84925D,Unknown,-12,7/27/2011 14:16,0,Guest,United Kingdom,0
C562798,22605,WOODEN CROQUET GARDEN SET,-1,8/9/2011 14:30,12.75,12929,United Kingdom,-12.75
C563593,D,Discount,-1,8/18/2011 6:13,206.4,14646,Netherlands,-206.4
C572916,22360,GLASS JAR ENGLISH CONFECTIONERY,-12,10/26/2011 16:29,2.55,16325,United Kingdom,-30.6
C564362,23112,PARISIENNE CURIO CABINET,-2,8/24/2011 16:20,7.5,13148,United Kingdom,-15
C555935,22456,NATURAL SLATE CHALKBOARD LARGE ,-6,6/8/2011 9:14,4.95,12567,France,-29.7
C548355,22561,WOODEN SCHOOL COLOURING SET,-12,3/30/2011 15:06,1.65,12921,United Kingdom,-19.8
C542593,22073,RED RETROSPOT STORAGE JAR,-10,1/28/2011 16:50,3.75,15549,United Kingdom,-37.5
C580710,20802,SMALL GLASS SUNDAE DISH CLEAR,-3,12/5/2011 16:34,1.65,14198,United Kingdom,-4.95
552763,21137,Unknown,-25,5/11/2011 11:33,0,Guest,United Kingdom,0
C554536,22467,GUMBALL COAT RACK,-1,5/24/2011 17:38,2.1,16705,United Kingdom,-2.1
C549050,21314,SMALL GLASS HEART TRINKET POT,-3,4/6/2011 10:17,2.1,13767,United Kingdom,-6.3
C571059,23152,IVORY SWEETHEART WIRE LETTER RACK ,-1,10/13/2011 14:27,3.75,17813,United Kingdom,-3.75
C558444,22778,GLASS CLOCHE SMALL,-1,6/29/2011 13:29,3.39,15311,United Kingdom,-3.39
C579948,21822,GLITTER CHRISTMAS TREE WITH BELLS,-1,12/1/2011 10:56,0.79,16376,United Kingdom,-0.79
C580741,23084,RABBIT NIGHT LIGHT,-2,12/6/2011 9:29,2.08,17659,United Kingdom,-4.16
C537832,21531,RED RETROSPOT SUGAR JAM BOWL,-4,12/8/2010 14:52,2.1,16858,United Kingdom,-8.4
C559952,37448,CERAMIC CAKE DESIGN SPOTTED MUG,-1,7/14/2011 10:57,1.49,17696,United Kingdom,-1.49
C570867,23353,6 GIFT TAGS VINTAGE CHRISTMAS ,-12,10/12/2011 16:17,0.83,12607,USA,-9.96
C547847,20726,LUNCH BAG WOODLAND,-1,3/27/2011 12:04,1.65,14232,United Kingdom,-1.65
C550475,85099B,JUMBO BAG RED RETROSPOT,-4,4/18/2011 13:59,1.79,13798,United Kingdom,-7.16
C577327,23065,LARGE DECO JEWELLERY STAND,-1,11/18/2011 14:13,12.5,17779,United Kingdom,-12.5
C564362,23118,PARISIENNE JEWELLERY DRAWER ,-1,8/24/2011 16:20,7.5,13148,United Kingdom,-7.5
C555074,23175,REGENCY MILK JUG PINK ,-1,5/31/2011 11:44,3.25,16837,United Kingdom,-3.25
C570203,85099B,JUMBO BAG RED RETROSPOT,-1,10/7/2011 16:49,1.79,15311,United Kingdom,-1.79
C553669,POST,POSTAGE,-1,5/18/2011 12:24,3.71,15128,United Kingdom,-3.71
536998,85067,Unknown,-6,12/3/2010 15:30,0,Guest,United Kingdom,0
C560653,M,Manual,-1,7/20/2011 11:40,451.42,15802,United Kingdom,-451.42
551554,22720,Unknown,-4,5/3/2011 10:19,0,Guest,United Kingdom,0
C550475,21232,STRAWBERRY CERAMIC TRINKET BOX,-14,4/18/2011 13:59,1.06,13798,United Kingdom,-14.84
562463,85152,Unknown,-6,8/5/2011 11:30,0,Guest,United Kingdom,0
551572,37424,Unknown,-6,5/3/2011 11:15,0,Guest,United Kingdom,0
C547408,22627,MINT KITCHEN SCALES,-1,3/23/2011 8:55,8.5,15658,United Kingdom,-8.5
544346,22114,Unknown,-21,2/18/2011 9:50,0,Guest,United Kingdom,0
C559663,22072,RED RETROSPOT TEA CUP AND SAUCER ,-2,7/11/2011 13:33,3.75,17706,United Kingdom,-7.5
C539944,22776,SWEETHEART CAKESTAND 3 TIER,-1,12/23/2010 11:38,9.95,14560,United Kingdom,-9.95
C546081,85116,BLACK CANDELABRA T-LIGHT HOLDER,-6,3/9/2011 11:23,2.1,15974,United Kingdom,-12.6
572534,35597D,Unknown,-2,10/24/2011 16:07,0,Guest,United Kingdom,0
C538833,22383,LUNCH BAG SUKI  DESIGN ,-1,12/14/2010 13:05,1.45,14680,United Kingdom,-1.45
C547857,85062,PEARL CRYSTAL PUMPKIN T-LIGHT HLDR,-3,3/27/2011 12:14,1.65,13050,United Kingdom,-4.95
C545829,84380,SET OF 3 BUTTERFLY COOKIE CUTTERS,-12,3/7/2011 13:08,1.25,15290,United Kingdom,-15
C570099,21928,JUMBO BAG SCANDINAVIAN BLUE PAISLEY,-1,10/7/2011 12:11,1.65,13798,United Kingdom,-1.65
C575224,23202,JUMBO BAG VINTAGE LEAF,-100,11/9/2011 11:41,1.79,17511,United Kingdom,-179
C575616,23470,CARD HOLDER LOVE BIRD LARGE ,-4,11/10/2011 12:51,5.39,15805,United Kingdom,-21.56
C558716,22374,AIRLINE BAG VINTAGE JET SET RED,-2,7/1/2011 13:22,4.25,17888,United Kingdom,-8.5
C562097,75049L,LARGE CIRCULAR MIRROR MOBILE,-3,8/2/2011 13:19,0.85,15311,United Kingdom,-2.55
C538713,22179,SET 10 LIGHTS NIGHT OWL,-1,12/14/2010 10:53,6.75,16570,United Kingdom,-6.75
C570301,M,Manual,-1,10/10/2011 12:04,682.05,16900,United Kingdom,-682.05
C570221,22470,HEART OF WICKER LARGE,-33,10/9/2011 12:56,2.55,13113,United Kingdom,-84.15
C567330,23111,PARISIENNE SEWING BOX,-2,9/19/2011 14:46,12.5,13552,United Kingdom,-25
C576194,22960,JAM MAKING SET WITH JARS,-3,11/14/2011 12:03,4.25,16790,United Kingdom,-12.75
C564427,21669,BLUE STRIPE CERAMIC DRAWER KNOB,-1,8/25/2011 11:18,1.25,17841,United Kingdom,-1.25
C579864,22120,WELCOME  WOODEN BLOCK LETTERS,-9,11/30/2011 16:37,9.95,12584,Italy,-89.55
C572554,21068,VINTAGE BILLBOARD LOVE/HATE MUG,-36,10/24/2011 17:16,1.06,17317,United Kingdom,-38.16
C567956,85034C,3 ROSE MORRIS BOXED CANDLES,-4,9/23/2011 8:54,4.25,12895,United Kingdom,-17
C560855,85188A,GREEN METAL SWINGING BUNNY,-3,7/21/2011 13:00,0.85,14410,United Kingdom,-2.55
C553533,22770,MIRROR CORNICE,-1,5/17/2011 15:13,14.95,17612,United Kingdom,-14.95
C557411,22960,JAM MAKING SET WITH JARS,-6,6/20/2011 11:37,4.25,13343,United Kingdom,-25.5
C558110,47599A,PINK PARTY BAGS,-6,6/26/2011 15:47,2.1,17731,United Kingdom,-12.6
C544580,S,SAMPLES,-1,2/21/2011 14:25,29.99,Guest,United Kingdom,-29.99
C580703,22725,ALARM CLOCK BAKELIKE CHOCOLATE,-1,12/5/2011 16:26,3.75,16705,United Kingdom,-3.75
C564218,79191C,RETRO PLASTIC ELEPHANT TRAY,-24,8/24/2011 9:25,0.85,16302,United Kingdom,-20.4
C567717,23110,PARISIENNE KEY CABINET ,-2,9/22/2011 10:20,5.75,15601,United Kingdom,-11.5
573493,21619,check,-94,10/31/2011 11:57,0,Guest,United Kingdom,0
C551175,22325,MOBILE VINTAGE HEARTS ,-1,4/26/2011 17:17,4.95,14329,United Kingdom,-4.95
C537398,22430,ENAMEL WATERING CAN CREAM,-1,12/6/2010 14:22,4.95,15426,United Kingdom,-4.95
C566313,20724,RED RETROSPOT CHARLOTTE BAG,-10,9/12/2011 9:43,0.85,13577,United Kingdom,-8.5
C557224,85099B,JUMBO BAG RED RETROSPOT,-5,6/17/2011 13:22,1.79,15311,United Kingdom,-8.95
C564913,22960,JAM MAKING SET WITH JARS,-1,8/31/2011 12:39,4.25,12560,Germany,-4.25
C547915,POST,POSTAGE,-1,3/28/2011 12:37,29.7,Guest,United Kingdom,-29.7
C567352,M,Manual,-1,9/19/2011 16:13,2653.95,Guest,Hong Kong,-2653.95
C538628,21452,TOADSTOOL MONEY BOX,-1,12/13/2010 13:09,2.95,17231,United Kingdom,-2.95
C541603,22838,3 TIER CAKE TIN RED AND CREAM,-1,1/19/2011 17:21,14.95,14572,United Kingdom,-14.95
C575052,20727,LUNCH BAG  BLACK SKULL.,-1,11/8/2011 12:17,1.65,14232,United Kingdom,-1.65
C566745,23424,GINGHAM RECIPE BOOK BOX,-1,9/14/2011 15:15,4.95,16150,United Kingdom,-4.95
551574,21692,Unknown,-6,5/3/2011 11:16,0,Guest,United Kingdom,0
C578276,22197,POPCORN HOLDER,-1,11/23/2011 13:48,0.85,17511,United Kingdom,-0.85
C577815,22505,MEMO BOARD COTTAGE DESIGN,-1,11/22/2011 9:16,4.95,17071,United Kingdom,-4.95
C573575,CRUK,CRUK Commission,-1,10/31/2011 14:09,606,14096,United Kingdom,-606
C550966,22841,ROUND CAKE TIN VINTAGE GREEN,-1,4/21/2011 16:57,7.95,17663,United Kingdom,-7.95
C573021,72807B,SET/3 OCEAN SCENT CANDLE JEWEL BOX,-3,10/27/2011 12:39,4.25,14911,EIRE,-12.75
C537383,22197,SMALL POPCORN HOLDER,-1,12/6/2010 13:17,0.85,16550,United Kingdom,-0.85
C566165,20914,SET/5 RED RETROSPOT LID GLASS BOWLS,-4,9/9/2011 11:57,2.95,14911,EIRE,-11.8
C555605,22320,BIRDS MOBILE VINTAGE DESIGN,-3,6/6/2011 11:38,5.95,15281,United Kingdom,-17.85
C539035,22461,SAVOY ART DECO CLOCK,-1,12/15/2010 14:33,12.75,15535,United Kingdom,-12.75
C560866,35921,EASTER BUNNY HANGING GARLAND,-1,7/21/2011 14:04,1.25,14410,United Kingdom,-1.25
545567,37444B,Unknown,-3,3/3/2011 16:14,0,Guest,United Kingdom,0
C543175,POST,POSTAGE,-1,2/4/2011 9:46,18,12712,Germany,-18
C568879,47566,PARTY BUNTING,-3,9/29/2011 12:38,4.15,14680,United Kingdom,-12.45
558728,20826,Unknown,-1,7/1/2011 14:50,0,Guest,United Kingdom,0
C569552,15034,PAPER POCKET TRAVELING FAN ,-1200,10/4/2011 17:44,0.07,14533,United Kingdom,-84
C569743,23199,JUMBO BAG APPLES,-120,10/6/2011 10:57,1.79,15769,United Kingdom,-214.8
C566941,23206,LUNCH BAG APPLE DESIGN,-1,9/15/2011 16:14,1.65,13136,United Kingdom,-1.65
C579878,21326,AGED GLASS SILVER T-LIGHT HOLDER,-6,11/30/2011 17:12,0.65,17340,United Kingdom,-3.9
C573030,23466,TUSCAN VILLA DOVECOTE BIRD FEEDER,-1,10/27/2011 13:34,8.25,15468,United Kingdom,-8.25
C580522,23075,PARLOUR CERAMIC WALL HOOK,-1,12/4/2011 14:59,4.15,13435,United Kingdom,-4.15
547329,20681,Unknown,-1,3/22/2011 11:38,0,Guest,United Kingdom,0
C572754,23072,MARIE ANTOINETTE TRINKET BOX SILVER,-24,10/25/2011 17:29,3,15482,United Kingdom,-72
C564299,23110,PARISIENNE KEY CABINET ,-4,8/24/2011 11:00,5.75,12853,United Kingdom,-23
C576375,21034,REX CASH+CARRY JUMBO SHOPPER,-10,11/15/2011 8:52,0.95,16878,United Kingdom,-9.5
C538531,21430,SET/3 RED GINGHAM ROSE STORAGE BOX,-2,12/13/2010 10:31,3.75,13715,United Kingdom,-7.5
540678,21667,Unknown,-1,1/10/2011 16:21,0,Guest,United Kingdom,0
C568884,47566,PARTY BUNTING,-50,9/29/2011 12:49,4.15,14680,United Kingdom,-207.5
C566084,22697,GREEN REGENCY TEACUP AND SAUCER,-6,9/9/2011 10:11,2.95,12621,Germany,-17.7
C551948,22722,SET OF 6 SPICE TINS PANTRY DESIGN,-1,5/5/2011 11:21,3.45,17511,United Kingdom,-3.45
C545440,22303,COFFEE MUG APPLES DESIGN,-5,3/2/2011 16:03,2.55,16843,United Kingdom,-12.75
C552552,22169,FAMILY ALBUM WHITE PICTURE FRAME,-8,5/10/2011 10:51,7.65,16525,United Kingdom,-61.2
C544584,BANK CHARGES,Bank Charges,-1,2/21/2011 14:52,109.84,Guest,United Kingdom,-109.84
C550356,20794,BLUE  TILE HOOK,-1,4/18/2011 10:34,2.55,13458,United Kingdom,-2.55
C557512,21390,FILIGRIS HEART WITH BUTTERFLY,-3,6/20/2011 16:52,1.25,15700,United Kingdom,-3.75
C542366,22095,LADS ONLY TISSUE BOX,-8,1/27/2011 12:54,1.25,13777,United Kingdom,-10
C559939,22570,FELTCRAFT CUSHION RABBIT,-4,7/14/2011 10:19,3.75,14426,United Kingdom,-15
C548748,22149,FELTCRAFT 6 FLOWER FRIENDS,-6,4/4/2011 12:28,2.1,15223,United Kingdom,-12.6
C548495,21528,DAIRY MAID TRADITIONAL TEAPOT ,-1,3/31/2011 13:34,6.95,17075,United Kingdom,-6.95
554320,16053,Unknown,-102,5/23/2011 15:32,0,Guest,United Kingdom,0
C558112,82486,WOOD S/3 CABINET ANT WHITE FINISH,-1,6/26/2011 16:08,8.95,17114,United Kingdom,-8.95
C565402,20725,LUNCH BAG RED RETROSPOT,-2,9/2/2011 17:51,1.65,16401,United Kingdom,-3.3
C567534,23344,JUMBO BAG 50'S CHRISTMAS ,-1,9/21/2011 9:49,2.08,16341,United Kingdom,-2.08
C563226,23253,16 PIECE CUTLERY SET PANTRY DESIGN,-1,8/14/2011 14:36,15.95,13116,United Kingdom,-15.95
C577350,22301,COFFEE MUG CAT + BIRD DESIGN,-3,11/18/2011 15:35,2.55,14315,United Kingdom,-7.65
C536828,22832,BROCANTE SHELF WITH HOOKS,-1,12/2/2010 17:35,10.75,14264,United Kingdom,-10.75
C550961,84978,HANGING HEART JAR T-LIGHT HOLDER,-4,4/21/2011 16:40,1.06,14428,United Kingdom,-4.24
C556278,23181,BULL DOG BOTTLE TOP WALL CLOCK,-1,6/9/2011 19:53,8.25,13462,United Kingdom,-8.25
C539719,82613B,"METAL SIGN,CUPCAKE SINGLE HOOK",-20,12/21/2010 13:15,0.42,14643,United Kingdom,-8.4
C549973,85152,HAND OVER THE CHOCOLATE   SIGN ,-24,4/13/2011 14:30,2.1,17873,United Kingdom,-50.4
C566468,22423,REGENCY CAKESTAND 3 TIER,-1,9/12/2011 18:14,10.95,13319,United Kingdom,-10.95
C546865,22697,GREEN REGENCY TEACUP AND SAUCER,-1,3/17/2011 15:46,2.95,14226,United Kingdom,-2.95
547989,21621,re dotcom quick fix.,-100,3/29/2011 9:36,0,Guest,United Kingdom,0
578095,23397,damaged,-9,11/22/2011 17:25,0,Guest,United Kingdom,0
C554685,20682,RED RETROSPOT CHILDRENS UMBRELLA,-1,5/25/2011 16:30,3.25,16161,United Kingdom,-3.25
C543750,22845,VINTAGE CREAM CAT FOOD CONTAINER,-1,2/11/2011 13:59,6.35,18250,United Kingdom,-6.35
C545446,20724,RED RETROSPOT CHARLOTTE BAG,-1,3/2/2011 16:33,0.72,12753,Japan,-0.72
C572226,23237,SET OF 4 KNICK KNACK TINS LEAF,-2,10/21/2011 13:58,4.15,15321,United Kingdom,-8.3
C559030,21915,RED  HARMONICA IN BOX ,-1,7/5/2011 14:51,1.25,16571,United Kingdom,-1.25
C539576,15056N,EDWARDIAN PARASOL NATURAL,-6,12/20/2010 12:25,5.95,14911,EIRE,-35.7
551456,22795,Unknown,-3,4/28/2011 16:03,0,Guest,United Kingdom,0
C553531,S,SAMPLES,-1,5/17/2011 15:09,87.01,Guest,United Kingdom,-87.01
C574027,84380,SET OF 3 BUTTERFLY COOKIE CUTTERS,-24,11/2/2011 12:32,1.45,13394,United Kingdom,-34.8
C564956,20977,36 PENCILS TUBE WOODLAND,-16,8/31/2011 13:41,1.25,16303,United Kingdom,-20
C569320,22635,CHILDS BREAKFAST SET DOLLY GIRL ,-2,10/3/2011 12:19,9.95,15301,United Kingdom,-19.9
552224,84766,Unknown,-37,5/6/2011 15:25,0,Guest,United Kingdom,0
C555100,22848,BREAD BIN DINER STYLE PINK,-1,5/31/2011 13:45,16.95,12493,France,-16.95
C538341,22727,ALARM CLOCK BAKELIKE RED ,-2,12/10/2010 14:03,3.75,15514,United Kingdom,-7.5
C550181,22087,PAPER BUNTING WHITE LACE,-10,4/14/2011 17:43,2.95,13069,United Kingdom,-29.5
C541828,84945,MULTI COLOUR SILVER T-LIGHT HOLDER,-2,1/21/2011 17:06,0.85,13769,United Kingdom,-1.7
C543771,22423,REGENCY CAKESTAND 3 TIER,-1,2/11/2011 15:43,12.75,15658,United Kingdom,-12.75
C557665,23237,SET OF 4 KNICK KNACK TINS LEAVES ,-1,6/21/2011 18:02,4.15,13384,United Kingdom,-4.15
C575921,20974,12 PENCILS SMALL TUBE SKULL,-184,11/11/2011 17:01,0.65,12931,United Kingdom,-119.6
C574500,84946,ANTIQUE SILVER T-LIGHT GLASS,-2,11/4/2011 13:14,1.25,15598,United Kingdom,-2.5
C574505,85099B,JUMBO BAG RED RETROSPOT,-1,11/4/2011 13:22,2.08,13534,United Kingdom,-2.08
545547,85061W,Unknown,-391,3/3/2011 15:07,0,Guest,United Kingdom,0
C541415,85123A,WHITE HANGING HEART T-LIGHT HOLDER,-1,1/17/2011 16:20,2.55,14292,United Kingdom,-2.55
C540097,22179,SET 10 LIGHTS NIGHT OWL,-4,1/4/2011 15:46,6.75,15373,United Kingdom,-27
C547992,22891,TEA FOR ONE POLKADOT,-3,3/29/2011 9:58,4.25,18225,United Kingdom,-12.75
C564964,23301,GARDENERS KNEELING PAD KEEP CALM ,-1,8/31/2011 15:00,1.65,17315,United Kingdom,-1.65
C558112,22796,PHOTO FRAME 3 CLASSIC HANGING,-1,6/26/2011 16:08,9.95,17114,United Kingdom,-9.95
C548722,22960,JAM MAKING SET WITH JARS,-2,4/4/2011 9:00,4.25,13481,United Kingdom,-8.5
C544427,84663A,GRASS HOPPER WOODEN WALL CLOCK ,-1,2/18/2011 15:42,5.95,17612,United Kingdom,-5.95
C580726,CRUK,CRUK Commission,-1,12/5/2011 17:17,1100.44,14096,United Kingdom,-1100.44
567695,22688,Unknown,-42,9/21/2011 17:31,0,Guest,United Kingdom,0
C544557,85150,LADIES & GENTLEMEN METAL SIGN,-1,2/21/2011 12:31,2.55,17422,United Kingdom,-2.55
C542589,22456,NATURAL SLATE CHALKBOARD LARGE ,-2,1/28/2011 15:58,4.95,14709,United Kingdom,-9.9
C577351,22776,SWEETHEART 3 TIER CAKE STAND ,-1,11/18/2011 15:37,9.95,17728,United Kingdom,-9.95
546661,22777,Unknown,-25,3/15/2011 14:33,0,Guest,United Kingdom,0
C553532,90076,MONTANA DIAMOND CLUSTER EARRINGS,-1,5/17/2011 15:13,2.55,14911,EIRE,-2.55
C537406,22847,BREAD BIN DINER STYLE IVORY,-4,12/6/2010 14:53,14.95,15502,United Kingdom,-59.8
C540118,AMAZONFEE,AMAZON FEE,-1,1/5/2011 9:57,16453.71,Guest,United Kingdom,-16453.71
C579496,22666,RECIPE BOX PANTRY YELLOW DESIGN,-2,11/29/2011 15:38,2.95,18161,United Kingdom,-5.9
C542092,20725,LUNCH BAG RED RETROSPOT,-1,1/25/2011 12:45,1.65,14389,United Kingdom,-1.65
C544655,22501,PICNIC BASKET WICKER LARGE,-3,2/22/2011 12:57,8.5,13113,United Kingdom,-25.5
C560855,21156,RETROSPOT CHILDRENS APRON,-1,7/21/2011 13:00,1.95,14410,United Kingdom,-1.95
C551511,22697,GREEN REGENCY TEACUP AND SAUCER,-1,4/28/2011 19:49,2.95,14311,United Kingdom,-2.95
C551178,22666,RECIPE BOX PANTRY YELLOW DESIGN,-4,4/26/2011 17:26,2.95,15805,United Kingdom,-11.8
C555244,22796,PHOTO FRAME 3 CLASSIC HANGING,-4,6/1/2011 14:11,9.95,12779,Poland,-39.8
557599,23116,Damaged,-1440,6/21/2011 11:34,0,Guest,United Kingdom,0
C570867,21058,PARTY INVITES WOODLAND,-12,10/12/2011 16:17,0.85,12607,USA,-10.2
C537602,21622,VINTAGE UNION JACK CUSHION COVER,-1,12/7/2010 12:45,4.95,17511,United Kingdom,-4.95
C569985,22961,JAM MAKING SET PRINTED,-12,10/6/2011 19:51,1.45,15365,United Kingdom,-17.4
C576561,21314,SMALL GLASS HEART TRINKET POT,-2,11/15/2011 13:22,1.85,15311,United Kingdom,-3.7
C541710,21733,RED HANGING HEART T-LIGHT HOLDER,-2,1/21/2011 11:17,2.95,14320,United Kingdom,-5.9
C560647,M,Manual,-1,7/20/2011 11:31,3060.6,18102,United Kingdom,-3060.6
C560044,22776,SWEETHEART CAKESTAND 3 TIER,-2,7/14/2011 14:47,9.95,14258,United Kingdom,-19.9
567364,22925,Unknown,-20,9/19/2011 16:58,0,Guest,United Kingdom,0
C574095,22726,ALARM CLOCK BAKELIKE GREEN,-1,11/3/2011 9:54,3.75,12674,France,-3.75
C579192,22959,WRAP CHRISTMAS VILLAGE,-250,11/28/2011 15:43,0.42,12657,France,-105
549373,85008,Unknown,-2,4/8/2011 11:28,0,Guest,United Kingdom,0
C541701,22359,GLASS JAR KINGS CHOICE,-2,1/21/2011 9:26,2.95,14895,United Kingdom,-5.9
C561594,21090,SET/6 COLLAGE PAPER PLATES,-12,7/28/2011 11:22,0.39,17671,United Kingdom,-4.68
C570867,22138,BAKING SET 9 PIECE RETROSPOT ,-3,10/12/2011 16:17,4.95,12607,USA,-14.85
C557876,23245,SET OF 3 REGENCY CAKE TINS,-1,6/23/2011 13:10,4.95,18223,United Kingdom,-4.95
C566084,22699,ROSES REGENCY TEACUP AND SAUCER ,-6,9/9/2011 10:11,2.95,12621,Germany,-17.7
C557566,84945,MULTI COLOUR SILVER T-LIGHT HOLDER,-1,6/21/2011 10:39,0.85,15998,United Kingdom,-0.85
C542714,21843,RED RETROSPOT CAKE STAND,-5,1/31/2011 13:28,10.95,12437,France,-54.75
C567536,22158,3 HEARTS HANGING DECORATION RUSTIC,-3,9/21/2011 9:52,2.95,14284,United Kingdom,-8.85
C568884,85099B,JUMBO BAG RED RETROSPOT,-100,9/29/2011 12:49,1.79,14680,United Kingdom,-179
C542092,21931,JUMBO STORAGE BAG SUKI,-1,1/25/2011 12:45,1.95,14389,United Kingdom,-1.95
563700,85106,Unknown,-553,8/18/2011 13:55,0,Guest,United Kingdom,0
C541735,22617,BAKING SET SPACEBOY DESIGN,-3,1/21/2011 11:35,4.95,12626,Germany,-14.85
C537043,22575,METAL MERRY CHRISTMAS WREATH,-6,12/5/2010 10:48,1.95,15351,United Kingdom,-11.7
C545516,22840,ROUND CAKE TIN VINTAGE RED,-2,3/3/2011 12:11,7.95,14276,United Kingdom,-15.9
561484,77081,Unknown,-39,7/27/2011 13:41,0,Guest,United Kingdom,0
C575670,15044D,RED PAPER PARASOL,-1,11/10/2011 15:02,2.55,13081,United Kingdom,-2.55
C580954,21242,RED RETROSPOT PLATE ,-5,12/6/2011 14:19,1.69,12967,United Kingdom,-8.45
C540307,22113,GREY HEART HOT WATER BOTTLE,-12,1/6/2011 12:58,3.75,15823,United Kingdom,-45
C570005,22722,SET OF 6 SPICE TINS PANTRY DESIGN,-1,10/7/2011 9:22,3.95,14462,United Kingdom,-3.95
C581470,23084,RABBIT NIGHT LIGHT,-4,12/8/2011 19:28,2.08,17924,United Kingdom,-8.32
C576324,22596,CHRISTMAS STAR WISH LIST CHALKBOARD,-6,11/14/2011 15:10,1.25,16161,United Kingdom,-7.5
C559983,22919,HERB MARKER MINT,-12,7/14/2011 11:41,0.65,14562,United Kingdom,-7.8
C546641,22180,RETROSPOT LAMP,-6,3/15/2011 13:01,9.95,13451,United Kingdom,-59.7
C573079,M,Manual,-2,10/27/2011 14:15,4161.06,12536,France,-8322.12
C552849,85123A,WHITE HANGING HEART T-LIGHT HOLDER,-12,5/11/2011 14:52,2.95,14367,United Kingdom,-35.4
C542740,22934,BAKING MOULD EASTER EGG WHITE CHOC,-3,1/31/2011 15:59,2.95,12853,United Kingdom,-8.85
C557512,21428,SET3 BOOK BOX GREEN GINGHAM FLOWER ,-2,6/20/2011 16:52,4.25,15700,United Kingdom,-8.5
C538536,22834,HAND WARMER BABUSHKA DESIGN,-48,12/13/2010 10:40,0.85,15881,United Kingdom,-40.8
538241,21431,Unknown,-21,12/10/2010 12:00,0,Guest,United Kingdom,0
C557165,85087,CANDY SPOT CUSHION COVER,-1,6/17/2011 11:10,2.95,15238,United Kingdom,-2.95
C567521,22486,PLASMATRONIC LAMP,-1,9/20/2011 16:33,12.75,12540,Spain,-12.75
C571925,23494,VINTAGE DOILY DELUXE SEWING KIT ,-5,10/19/2011 16:31,5.95,13115,United Kingdom,-29.75
C537581,S,SAMPLES,-1,12/7/2010 12:03,52,Guest,United Kingdom,-52
C545033,22699,ROSES REGENCY TEACUP AND SAUCER ,-120,2/25/2011 16:26,2.55,14156,EIRE,-306
C575035,22066,LOVE HEART TRINKET POT,-1,11/8/2011 11:38,0.39,15005,United Kingdom,-0.39
C575150,23368,SET 12 COLOUR PENCILS DOLLY GIRL ,-3,11/8/2011 16:05,0.65,12471,Germany,-1.95
C540400,22469,HEART OF WICKER SMALL,-1,1/7/2011 9:25,1.65,16150,United Kingdom,-1.65
C575064,22467,GUMBALL COAT RACK,-8,11/8/2011 12:39,2.55,12472,Germany,-20.4
C560564,22326,ROUND SNACK BOXES SET OF4 WOODLAND ,-1,7/19/2011 13:42,2.95,12468,Germany,-2.95
C564368,21209,MULTICOLOUR HONEYCOMB FAN,-10,8/25/2011 9:29,0.39,16493,United Kingdom,-3.9
C546204,23006,TRAVEL CARD WALLET FLOWER MEADOW,-24,3/10/2011 11:13,0.42,13599,United Kingdom,-10.08
C558468,22607,WOODEN ROUNDERS GARDEN SET ,-1,6/29/2011 15:23,8.5,17389,United Kingdom,-8.5
C549532,POST,POSTAGE,-1,4/8/2011 17:07,7.06,16217,United Kingdom,-7.06
C567964,22307,GOLD MUG BONE CHINA TREE OF LIFE,-7,9/23/2011 9:20,1.06,12995,United Kingdom,-7.42
C574828,21535,RED RETROSPOT SMALL MILK JUG,-3,11/7/2011 11:12,2.55,16232,United Kingdom,-7.65
C573021,21843,RED RETROSPOT CAKE STAND,-7,10/27/2011 12:39,10.95,14911,EIRE,-76.65
C540780,22865,HAND WARMER OWL DESIGN,-24,1/11/2011 11:19,2.1,14299,United Kingdom,-50.4
C569971,23000,TRAVEL CARD WALLET TRANSPORT,-2,10/6/2011 19:20,0.42,16875,United Kingdom,-0.84
C559950,M,Manual,-3,7/14/2011 10:47,2.1,14562,United Kingdom,-6.3
542518,22184,Unknown,-13,1/28/2011 12:17,0,Guest,United Kingdom,0
C547763,85150,LADIES & GENTLEMEN METAL SIGN,-1,3/25/2011 11:31,2.55,14194,United Kingdom,-2.55
C578991,35961,FOLKART ZINC HEART CHRISTMAS DEC,-1,11/27/2011 15:31,0.85,15555,United Kingdom,-0.85
C561590,84968A,SET OF 16 VINTAGE ROSE CUTLERY,-2,7/28/2011 11:16,12.75,18268,United Kingdom,-25.5
540009,22158,Unknown,-120,1/4/2011 11:10,0,Guest,United Kingdom,0
563715,90120D,Unknown,-18,8/18/2011 16:08,0,Guest,United Kingdom,0
C544831,22249,DECORATION WHITE CHICK MAGIC GARDEN,-4,2/24/2011 10:01,0.85,15146,United Kingdom,-3.4
C577343,BANK CHARGES,Bank Charges,-1,11/18/2011 15:13,27.21,Guest,United Kingdom,-27.21
C552019,21749,LARGE RED RETROSPOT WINDMILL,-1,5/5/2011 17:46,2.1,14227,United Kingdom,-2.1
C568911,21801,CHRISTMAS TREE DECORATION WITH BELL,-36,9/29/2011 13:44,0.42,15050,United Kingdom,-15.12
C560330,22981,PANTRY APPLE CORER,-1,7/18/2011 11:10,1.45,17841,United Kingdom,-1.45
C559474,22726,ALARM CLOCK BAKELIKE GREEN,-1,7/8/2011 13:41,3.75,13078,United Kingdom,-3.75
C569395,22945,CHRISTMAS METAL TAGS ASSORTED ,-6,10/3/2011 17:18,0.85,14188,United Kingdom,-5.1
C557638,POST,POSTAGE,-1,6/21/2011 16:01,545.58,17450,United Kingdom,-545.58
C579883,23254,CHILDRENS CUTLERY DOLLY GIRL ,-4,11/30/2011 17:32,4.15,14194,United Kingdom,-16.6
C580832,23084,RABBIT NIGHT LIGHT,-7,12/6/2011 11:40,1.79,12753,Japan,-12.53
C574259,23084,RABBIT NIGHT LIGHT,-45,11/3/2011 13:52,1.79,15521,United Kingdom,-80.55
C566205,22356,CHARLOTTE BAG PINK POLKADOT,-4,9/9/2011 14:58,0.85,16362,United Kingdom,-3.4
C563577,21069,VINTAGE BILLBOARD TEA MUG,-701,8/17/2011 15:06,1.06,17949,United Kingdom,-743.06
C568232,22635,CHILDS BREAKFAST SET DOLLY GIRL ,-1,9/26/2011 11:27,9.95,14808,United Kingdom,-9.95
C538891,21258,VICTORIAN SEWING BOX LARGE,-3,12/14/2010 16:39,10.95,16233,United Kingdom,-32.85
C554336,22431,WATERING CAN BLUE ELEPHANT,-1,5/23/2011 17:20,1.95,12474,Germany,-1.95
C566280,71477,COLOUR GLASS. STAR T-LIGHT HOLDER,-2,9/11/2011 14:12,3.95,12748,United Kingdom,-7.9
C573502,23390,DOLLY GIRL MINI BACKPACK,-1,10/31/2011 12:02,4.15,14808,United Kingdom,-4.15
C554686,23110,PARISIENNE KEY CABINET ,-4,5/25/2011 16:43,5.75,15729,United Kingdom,-23
C546975,M,Manual,-1,3/18/2011 12:08,19.05,Guest,United Kingdom,-19.05
C568596,21194,PINK  HONEYCOMB PAPER FAN,-2,9/28/2011 11:13,0.65,16493,United Kingdom,-1.3
C542263,22699,ROSES REGENCY TEACUP AND SAUCER ,-1,1/26/2011 17:16,2.95,14849,United Kingdom,-2.95
551461,21806,Unknown,-3,4/28/2011 16:05,0,Guest,United Kingdom,0
C542424,21733,RED HANGING HEART T-LIGHT HOLDER,-1,1/28/2011 9:18,2.95,18075,United Kingdom,-2.95
C545677,21258,VICTORIAN SEWING BOX LARGE,-4,3/6/2011 10:48,12.75,14543,United Kingdom,-51
C560540,23244,ROUND STORAGE TIN VINTAGE LEAF,-1,7/19/2011 12:26,1.95,12415,Australia,-1.95
C548193,22628,PICNIC BOXES SET OF 3 RETROSPOT ,-1,3/29/2011 15:27,4.95,14680,United Kingdom,-4.95
C544429,22637,PIGGY BANK RETROSPOT ,-2,2/18/2011 15:45,2.55,16306,United Kingdom,-5.1
C559253,21669,BLUE STRIPE CERAMIC DRAWER KNOB,-1,7/7/2011 11:44,1.25,12472,Germany,-1.25
C546131,22720,SET OF 3 CAKE TINS PANTRY DESIGN ,-1,3/9/2011 15:08,4.95,16057,United Kingdom,-4.95
C554330,21735,TWO DOOR CURIO CABINET,-1,5/23/2011 17:08,12.75,12749,United Kingdom,-12.75
C551683,22362,GLASS JAR PEACOCK BATH SALTS,-14,5/3/2011 12:47,2.95,13209,United Kingdom,-41.3
C553378,M,Manual,-1,5/16/2011 15:02,269.7,Guest,United Kingdom,-269.7
C545456,21527,RED RETROSPOT TRADITIONAL TEAPOT ,-1,3/2/2011 17:15,7.95,17865,United Kingdom,-7.95
C537893,22630,DOLLY GIRL LUNCH BOX,-2,12/9/2010 10:14,1.95,12721,France,-3.9
C545478,D,Discount,-720,3/3/2011 11:08,0.01,16422,United Kingdom,-7.2
C575839,22551,PLASTERS IN TIN SPACEBOY,-11,11/11/2011 11:40,1.65,12517,Germany,-18.15
C566472,47566,PARTY BUNTING,-8,9/12/2011 18:19,4.95,16187,United Kingdom,-39.6
C554793,84077,WORLD WAR 2 GLIDERS ASSTD DESIGNS,-96,5/26/2011 12:41,0.11,12901,United Kingdom,-10.56
C537039,85175,CACTI T-LIGHT CANDLES,-1,12/5/2010 10:25,0.42,15708,United Kingdom,-0.42
C558716,51014L,"FEATHER PEN,LIGHT PINK",-12,7/1/2011 13:22,0.39,17888,United Kingdom,-4.68
567719,20980,Unknown,-7,9/22/2011 10:32,0,Guest,United Kingdom,0
C559742,21164,HOME SWEET HOME METAL SIGN ,-6,7/12/2011 11:11,2.95,14267,United Kingdom,-17.7
C568570,22558,CLOTHES PEGS RETROSPOT PACK 24 ,-2,9/28/2011 9:04,1.65,15358,United Kingdom,-3.3
C540417,20726,LUNCH BAG WOODLAND,-40,1/7/2011 10:56,1.65,13680,United Kingdom,-66
C545850,21528,DAIRY MAID TRADITIONAL TEAPOT ,-3,3/7/2011 13:45,6.95,15811,United Kingdom,-20.85
C540535,82494L,WOODEN FRAME ANTIQUE WHITE ,-1,1/9/2011 14:17,2.95,15005,United Kingdom,-2.95
C541492,85169D,PINK LOVE BIRD CANDLE,-1,1/18/2011 14:24,1.25,Guest,United Kingdom,-1.25
C558327,46000S,POLYESTER FILLER PAD 40x40cm,-24,6/28/2011 12:04,1.45,17900,United Kingdom,-34.8
C563433,22666,RECIPE BOX PANTRY YELLOW DESIGN,-1,8/16/2011 12:14,2.95,16033,United Kingdom,-2.95
C570556,22149,FELTCRAFT 6 FLOWER FRIENDS,-600,10/11/2011 11:10,1.85,16029,United Kingdom,-1110
C568445,22890,NOVELTY BISCUITS CAKE STAND 3 TIER,-1,9/27/2011 11:31,9.95,16156,United Kingdom,-9.95
551664,20933,Unknown,-3,5/3/2011 12:34,0,Guest,United Kingdom,0
C576348,22591,CARDHOLDER GINGHAM CHRISTMAS TREE,-1,11/14/2011 15:40,3.25,13267,United Kingdom,-3.25
C547808,37450,CERAMIC CAKE BOWL + HANGING CAKES,-4,3/25/2011 13:42,2.95,13014,United Kingdom,-11.8
C537807,84949,SILVER HANGING T-LIGHT HOLDER,-5,12/8/2010 13:23,1.65,13495,United Kingdom,-8.25
C559882,POST,POSTAGE,-1,7/13/2011 11:34,7.62,16156,United Kingdom,-7.62
C577799,23130,MISTLETOE HEART WREATH GREEN,-8,11/21/2011 16:55,4.15,13458,United Kingdom,-33.2
C550494,22171,3 HOOK PHOTO SHELF ANTIQUE WHITE,-1,4/18/2011 14:54,7.65,15311,United Kingdom,-7.65
C548995,22788,BROCANTE COAT RACK,-2,4/5/2011 14:08,9.95,17841,United Kingdom,-19.9
C552043,22467,GUMBALL COAT RACK,-2,5/6/2011 9:07,2.55,12476,Germany,-5.1
C538802,22198,LARGE POPCORN HOLDER ,-4,12/14/2010 11:54,1.45,17017,United Kingdom,-5.8
C562119,22699,ROSES REGENCY TEACUP AND SAUCER ,-6,8/2/2011 16:26,2.95,13505,Switzerland,-17.7
C537157,35953,FOLKART STAR CHRISTMAS DECORATIONS,-24,12/5/2010 13:09,1.25,15880,United Kingdom,-30
C558048,M,Manual,-1,6/24/2011 13:52,542.2,Guest,EIRE,-542.2
C554872,20981,12 PENCILS TALL TUBE WOODLAND,-2,5/27/2011 10:59,0.85,16341,United Kingdom,-1.7
541687,46000S,Dotcom,-300,1/20/2011 15:42,0,Guest,United Kingdom,0
565071,84754,Unknown,-242,8/31/2011 17:21,0,Guest,United Kingdom,0
C568370,90199C,5 STRAND GLASS NECKLACE CRYSTAL,-1,9/26/2011 16:43,6.35,15154,United Kingdom,-6.35
C560124,21326,AGED GLASS SILVER T-LIGHT HOLDER,-6,7/15/2011 10:36,0.65,17440,United Kingdom,-3.9
C568664,85048,15CM CHRISTMAS GLASS BALL 20 LIGHTS,-2,9/28/2011 12:50,7.95,14911,EIRE,-15.9
C571196,23225,CHERUB HEART DECORATION SILVER ,-12,10/14/2011 12:02,0.83,Guest,United Kingdom,-9.96
C557059,22781,GUMBALL MAGAZINE RACK,-1,6/16/2011 14:51,6.75,16672,United Kingdom,-6.75
C544557,22913,RED COAT RACK PARIS FASHION,-3,2/21/2011 12:31,4.95,17422,United Kingdom,-14.85
C543771,22627,MINT KITCHEN SCALES,-1,2/11/2011 15:43,8.5,15658,United Kingdom,-8.5
546148,85049D,?,-100,3/9/2011 16:43,0,Guest,United Kingdom,0
C557175,23084,RABBIT NIGHT LIGHT,-1,6/17/2011 11:13,2.08,16170,United Kingdom,-2.08
C543633,22776,SWEETHEART CAKESTAND 3 TIER,-5,2/10/2011 16:24,9.95,17188,United Kingdom,-49.75
C545450,21527,RED RETROSPOT TRADITIONAL TEAPOT ,-2,3/2/2011 16:46,7.95,16839,United Kingdom,-15.9
C576898,POST,POSTAGE,-2,11/17/2011 8:47,65,17828,Malta,-130
C538115,22251,BIRDHOUSE DECORATION MAGIC GARDEN,-9,12/9/2010 15:30,1.25,16817,United Kingdom,-11.25
C539603,22769,CHALKBOARD KITCHEN ORGANISER,-2,12/20/2010 14:05,24.95,14911,EIRE,-49.9
548328,21527,Unknown,-21,3/30/2011 13:11,0,Guest,United Kingdom,0
547505,22198,Unknown,-9,3/23/2011 13:36,0,Guest,United Kingdom,0
C569985,23338,EGG FRYING PAN RED ,-6,10/6/2011 19:51,2.08,15365,United Kingdom,-12.48
C547054,35400,WOODEN BOX ADVENT CALENDAR ,-1,3/20/2011 12:11,8.95,16444,United Kingdom,-8.95
C552765,22180,RETROSPOT LAMP,-1,5/11/2011 11:40,9.95,16554,United Kingdom,-9.95
C546313,22791,T-LIGHT GLASS FLUTED ANTIQUE,-3,3/10/2011 18:18,1.06,13094,United Kingdom,-3.18
C577397,22220,CAKE STAND LOVEBIRD 2 TIER WHITE,-1,11/18/2011 17:12,9.95,12504,Germany,-9.95
551705,22655,damages/showroom etc,-11,5/3/2011 14:35,0,Guest,United Kingdom,0
C572530,23485,BOTANICAL GARDENS WALL CLOCK ,-1,10/24/2011 15:55,20.8,15782,United Kingdom,-20.8
537687,84840,Unknown,-9,12/8/2010 10:26,0,Guest,United Kingdom,0
C575940,21811,HANGING HEART WITH BELL,-48,11/13/2011 11:38,0.39,17838,United Kingdom,-18.72
C574658,22383,LUNCH BAG SUKI DESIGN ,-1,11/6/2011 11:44,1.65,15426,United Kingdom,-1.65
C546901,21844,RED RETROSPOT MUG,-1,3/17/2011 18:29,2.95,14112,United Kingdom,-2.95
C557282,21428,SET3 BOOK BOX GREEN GINGHAM FLOWER ,-1,6/19/2011 12:25,4.25,13632,United Kingdom,-4.25
C564138,22637,PIGGY BANK RETROSPOT ,-2,8/23/2011 11:36,2.1,12753,Japan,-4.2
C578832,23286,BLUE VINTAGE SPOT BEAKER,-8,11/25/2011 15:18,0.85,13069,United Kingdom,-6.8
C547855,22843,BISCUIT TIN VINTAGE GREEN,-1,3/27/2011 12:13,6.75,14194,United Kingdom,-6.75
551701,84683,Unknown,-2,5/3/2011 14:15,0,Guest,United Kingdom,0
C543475,22244,3 HOOK HANGER MAGIC GARDEN,-1,2/8/2011 15:15,1.95,14415,United Kingdom,-1.95
C542413,22142,CHRISTMAS CRAFT WHITE FAIRY ,-10,1/27/2011 17:11,1.45,16923,United Kingdom,-14.5
C540949,21209,MULTICOLOUR HONEYCOMB FAN,-2,1/12/2011 12:49,0.85,13093,United Kingdom,-1.7
C576230,22890,NOVELTY BISCUITS CAKE STAND 3 TIER,-2,11/14/2011 13:15,9.95,17602,United Kingdom,-19.9
C581117,21931,JUMBO STORAGE BAG SUKI,-1,12/7/2011 12:24,2.08,16393,United Kingdom,-2.08
549849,84531B,Unknown,-23,4/12/2011 14:51,0,Guest,United Kingdom,0
572557,22427,damages,-29,10/24/2011 17:44,0,Guest,United Kingdom,0
C542082,20725,LUNCH BAG RED RETROSPOT,-2,1/25/2011 12:25,1.65,15213,United Kingdom,-3.3
C553564,22826,LOVE SEAT ANTIQUE WHITE METAL,-1,5/17/2011 17:43,195,17581,United Kingdom,-195
572480,22049,damaged,-100,10/24/2011 13:44,0,Guest,United Kingdom,0
C544901,22670,FRENCH WC SIGN BLUE METAL,-4,2/24/2011 13:02,1.25,15078,United Kingdom,-5
554020,22518,Unknown,-30,5/20/2011 13:17,0,Guest,United Kingdom,0
C559253,22430,ENAMEL WATERING CAN CREAM,-1,7/7/2011 11:44,4.95,12472,Germany,-4.95
C553667,84816,DANISH ROSE BEDSIDE CABINET,-1,5/18/2011 12:21,39.95,14755,United Kingdom,-39.95
C569985,23041,PAPER LANTERN 9 POINT SNOW STAR,-24,10/6/2011 19:51,4.15,15365,United Kingdom,-99.6
C566961,84879,ASSORTED COLOUR BIRD ORNAMENT,-1,9/15/2011 17:04,1.69,13319,United Kingdom,-1.69
C540246,21232,STRAWBERRY CERAMIC TRINKET BOX,-1,1/5/2011 15:43,1.25,13081,United Kingdom,-1.25
C552704,20914,SET/5 RED RETROSPOT LID GLASS BOWLS,-2,5/10/2011 16:05,2.55,13098,United Kingdom,-5.1
C541222,22423,REGENCY CAKESTAND 3 TIER,-9,1/14/2011 14:33,10.95,14299,United Kingdom,-98.55
C569944,22362,GLASS JAR PEACOCK BATH SALTS,-3,10/6/2011 18:12,2.95,17405,United Kingdom,-8.85
540978,84050,counted,-310,1/12/2011 15:04,0,Guest,United Kingdom,0
C541790,82581,TOILET METAL SIGN,-12,1/21/2011 13:07,0.55,14175,United Kingdom,-6.6
C548972,84832,ZINC WILLIE WINKIE  CANDLE STICK,-12,4/5/2011 11:42,0.85,15674,United Kingdom,-10.2
C567681,22384,LUNCH BAG PINK POLKADOT,-7,9/21/2011 16:24,1.65,15433,United Kingdom,-11.55
C561703,22504,CABIN BAG VINTAGE RETROSPOT,-2,7/29/2011 11:07,29.95,12709,Germany,-59.9
C545833,22158,3 HEARTS HANGING DECORATION RUSTIC,-5,3/7/2011 13:14,2.55,16013,United Kingdom,-12.75
571126,72802A,?,-50,10/14/2011 9:53,0,Guest,United Kingdom,0
C562149,21930,JUMBO STORAGE BAG SKULLS,-1,8/3/2011 10:49,2.08,13534,United Kingdom,-2.08
537999,22034,Unknown,-223,12/9/2010 11:44,0,Guest,United Kingdom,0
C540837,84978,HANGING HEART JAR T-LIGHT HOLDER,-2,1/11/2011 15:02,1.06,14733,United Kingdom,-2.12
C553373,M,Manual,-1,5/16/2011 14:48,233.37,Guest,United Kingdom,-233.37
C569114,22197,POPCORN HOLDER,-1,9/30/2011 12:50,0.85,14911,EIRE,-0.85
C552027,22801,ANTIQUE GLASS PEDESTAL BOWL,-1,5/5/2011 18:09,3.39,16705,United Kingdom,-3.39
565385,22435,?missing,-434,9/2/2011 15:46,0,Guest,United Kingdom,0
C548389,22442,GROW YOUR OWN FLOWERS SET OF 3,-2,3/30/2011 16:54,7.95,16713,United Kingdom,-15.9
C574954,22734,SET OF 6 RIBBONS VINTAGE CHRISTMAS,-6,11/8/2011 9:52,2.89,18223,United Kingdom,-17.34
C539569,21781,MA CAMPAGNE CUTLERY BOX,-1,12/20/2010 12:01,14.95,17204,United Kingdom,-14.95
C542366,35004C,SET OF 3 COLOURED  FLYING DUCKS,-10,1/27/2011 12:54,4.65,13777,United Kingdom,-46.5
C560588,22699,ROSES REGENCY TEACUP AND SAUCER ,-1,7/19/2011 15:49,2.95,13767,United Kingdom,-2.95
C550475,37449,CERAMIC CAKE STAND + HANGING CAKES,-7,4/18/2011 13:59,8.5,13798,United Kingdom,-59.5
569880,90012A,stock check,-18,10/6/2011 15:14,0,Guest,United Kingdom,0
565297,84877D,?,-203,9/2/2011 12:06,0,Guest,United Kingdom,0
C566464,85053,FRENCH ENAMEL CANDLEHOLDER,-1,9/12/2011 17:54,2.1,15764,United Kingdom,-2.1
C551522,22834,HAND WARMER BABUSHKA DESIGN,-1,5/1/2011 11:59,2.1,14800,United Kingdom,-2.1
C574922,22867,HAND WARMER BIRD DESIGN,-12,11/7/2011 16:39,2.1,15502,United Kingdom,-25.2
556012,15044B,Unknown,-27,6/8/2011 11:45,0,Guest,United Kingdom,0
C554477,85099B,JUMBO BAG RED RETROSPOT,-1,5/24/2011 12:44,2.08,16086,United Kingdom,-2.08
556301,22968,water damage,-50,6/10/2011 10:18,0,Guest,United Kingdom,0
C560540,23245,SET OF 3 REGENCY CAKE TINS,-1,7/19/2011 12:26,4.95,12415,Australia,-4.95
C579766,23486,ANTIQUE HEART SHELF UNIT,-1,11/30/2011 15:08,16.65,15793,United Kingdom,-16.65
C564212,22728,ALARM CLOCK BAKELIKE PINK,-1,8/24/2011 9:13,3.75,13209,United Kingdom,-3.75
578840,22142,check,-70,11/25/2011 15:54,0,Guest,United Kingdom,0
C574955,22960,JAM MAKING SET WITH JARS,-2,11/8/2011 9:56,4.25,15066,United Kingdom,-8.5
C554531,72741,GRAND CHOCOLATECANDLE,-2,5/24/2011 17:30,1.45,12463,Belgium,-2.9
C560206,23202,JUMBO BAG VINTAGE LEAF,-10,7/15/2011 13:56,2.08,17068,United Kingdom,-20.8
C545823,21314,SMALL GLASS HEART TRINKET POT,-3,3/7/2011 12:54,2.1,13884,United Kingdom,-6.3
C543606,22847,BREAD BIN DINER STYLE IVORY,-1,2/10/2011 14:13,16.95,14665,United Kingdom,-16.95
C578097,22114,HOT WATER BOTTLE TEA AND SYMPATHY,-48,11/22/2011 17:31,3.75,Guest,United Kingdom,-180
574905,85017B,Unknown,-22,11/7/2011 15:28,0,Guest,United Kingdom,0
C572529,23348,CHILDRENS TOY COOKING UTENSIL SET,-6,10/24/2011 15:52,2.08,17675,United Kingdom,-12.48
C569655,20728,LUNCH BAG CARS BLUE,-1,10/5/2011 12:58,1.65,14534,United Kingdom,-1.65
C580597,23302,KNEELING MAT HOUSEWORK  DESIGN,-6,12/5/2011 11:02,0.79,16360,United Kingdom,-4.74
C560589,85132C,CHARLIE AND LOLA FIGURES TINS,-2,7/19/2011 15:50,1.95,15249,United Kingdom,-3.9
C537602,22654,DELUXE SEWING KIT ,-1,12/7/2010 12:45,4.95,17511,United Kingdom,-4.95
C555595,47013C,WINE BOTTLE DRESSING DARK BLUE,-12,6/6/2011 10:14,0.12,17652,United Kingdom,-1.44
C558444,21313,GLASS HEART T-LIGHT HOLDER ,-1,6/29/2011 13:29,0.64,15311,United Kingdom,-0.64
C559149,23146,TRIPLE HOOK ANTIQUE IVORY ROSE,-4,7/6/2011 14:47,3.29,17469,United Kingdom,-13.16
C540814,20914,SET/5 RED RETROSPOT LID GLASS BOWLS,-1,1/11/2011 12:50,2.95,15518,United Kingdom,-2.95
C575224,85099B,JUMBO BAG RED RETROSPOT,-100,11/9/2011 11:41,1.79,17511,United Kingdom,-179
C579878,23169,CLASSIC GLASS COOKIE JAR,-4,11/30/2011 17:12,4.15,17340,United Kingdom,-16.6
C543624,M,Manual,-200,2/10/2011 15:33,0.41,12931,United Kingdom,-82
C541707,85099C,JUMBO  BAG BAROQUE BLACK WHITE,-10,1/21/2011 11:07,1.95,18223,United Kingdom,-19.5
C570283,23355,HOT WATER BOTTLE KEEP CALM,-1,10/10/2011 11:20,4.95,12708,Germany,-4.95
C567627,22383,LUNCH BAG SUKI DESIGN ,-1,9/21/2011 13:01,1.65,17511,United Kingdom,-1.65
578327,72807A,wet pallet,-504,11/23/2011 17:55,0,Guest,United Kingdom,0
C570122,82486,3 DRAWER ANTIQUE WHITE WOOD CABINET,-2,10/7/2011 12:58,7.95,15874,United Kingdom,-15.9
C556880,84946,ANTIQUE SILVER T-LIGHT GLASS,-8,6/15/2011 12:12,1.06,18073,United Kingdom,-8.48
C581462,21642,ASSORTED TUTTI FRUTTI PEN,-72,12/8/2011 18:51,0.29,12985,United Kingdom,-20.88
C544775,21326,AGED GLASS SILVER T-LIGHT HOLDER,-4,2/23/2011 11:35,0.65,14211,United Kingdom,-2.6
565072,21820,Unknown,-210,8/31/2011 17:22,0,Guest,United Kingdom,0
C536855,21527,RED RETROSPOT TRADITIONAL TEAPOT ,-4,12/3/2010 10:11,7.95,18225,United Kingdom,-31.8
C540158,22923,FRIDGE MAGNETS LES ENFANTS ASSORTED,-5,1/5/2011 11:42,0.85,12471,Germany,-4.25
568052,90209C,Unknown,-3,9/23/2011 12:42,0,Guest,United Kingdom,0
C569989,47566,PARTY BUNTING,-29,10/6/2011 20:08,4.15,16839,United Kingdom,-120.35
C549049,22087,PAPER BUNTING WHITE LACE,-1,4/6/2011 10:15,2.55,17677,United Kingdom,-2.55
C540158,22968,ROSE COTTAGE KEEPSAKE BOX ,-2,1/5/2011 11:42,9.95,12471,Germany,-19.9
C542537,21121,SET/10 RED POLKADOT PARTY CANDLES,-24,1/28/2011 13:54,1.25,12501,Germany,-30
C580507,72351B,SET/6 PINK  BUTTERFLY T-LIGHTS,-1,12/4/2011 13:37,2.1,15867,United Kingdom,-2.1
C557647,22423,REGENCY CAKESTAND 3 TIER,-1,6/21/2011 17:13,12.75,17139,United Kingdom,-12.75
C559136,22383,LUNCH BAG SUKI DESIGN ,-1,7/6/2011 13:21,1.45,17511,United Kingdom,-1.45
C569636,23299,FOOD COVER WITH BEADS SET 2 ,-2,10/5/2011 12:14,3.75,12841,United Kingdom,-7.5
C543603,22776,SWEETHEART CAKESTAND 3 TIER,-1,2/10/2011 13:40,9.95,15570,United Kingdom,-9.95
C572463,22427,ENAMEL FLOWER JUG CREAM,-2,10/24/2011 13:07,5.95,17652,United Kingdom,-11.9
C571499,72802B,OCEAN SCENT CANDLE IN JEWELLED BOX,-200,10/17/2011 15:07,1.25,12454,Spain,-250
C540246,22423,REGENCY CAKESTAND 3 TIER,-1,1/5/2011 15:43,12.75,13081,United Kingdom,-12.75
C557663,22965,3 TRADITIONAl BISCUIT CUTTERS  SET,-12,6/21/2011 17:59,2.1,Guest,EIRE,-25.2
C570122,21231,SWEETHEART CERAMIC TRINKET BOX,-1,10/7/2011 12:58,1.25,15874,United Kingdom,-1.25
C568377,20724,RED RETROSPOT CHARLOTTE BAG,-1,9/27/2011 8:53,0.85,14911,EIRE,-0.85
572536,21294,Unknown,-8,10/24/2011 16:08,0,Guest,United Kingdom,0
C573271,21264,WHITE GOOSE FEATHER TREE 60CM ,-2,10/28/2011 13:00,1.95,14606,United Kingdom,-3.9
C551587,21843,RED RETROSPOT CAKE STAND,-3,5/3/2011 11:27,10.95,13505,Switzerland,-32.85
C545847,23005,TRAVEL CARD WALLET I LOVE LONDON,-1,3/7/2011 13:40,0.42,15903,United Kingdom,-0.42
C554539,23111,PARISIENNE SEWING BOX,-1,5/24/2011 17:47,12.5,14911,EIRE,-12.5
C562267,21888,BINGO SET,-1,8/3/2011 16:33,3.75,14056,United Kingdom,-3.75
C545516,22957,SET 3 PAPER VINTAGE CHICK PAPER EGG,-1,3/3/2011 12:11,2.95,14276,United Kingdom,-2.95
C568184,84247E,PACK OF 12 CHRISTMAS FUN CARDS,-11,9/25/2011 13:55,2.95,15429,United Kingdom,-32.45
C572228,22113,GREY HEART HOT WATER BOTTLE,-5,10/21/2011 14:03,3.75,15728,United Kingdom,-18.75
C540503,22184,CAKE STAND VICTORIAN FILIGREE LARGE,-1,1/9/2011 10:59,8.5,13668,United Kingdom,-8.5
C571186,21464,DISCO BALL ROTATOR BATTERY OPERATED,-2,10/14/2011 11:28,4.25,14390,United Kingdom,-8.5
C571893,21530,DAIRY MAID TOASTRACK,-18,10/19/2011 14:13,0.79,13314,United Kingdom,-14.22
578145,22579,dotcom,-40,11/23/2011 11:07,0,Guest,United Kingdom,0
C556293,22791,T-LIGHT GLASS FLUTED ANTIQUE,-72,6/10/2011 9:30,1.06,13094,United Kingdom,-76.32
C578832,22866,HAND WARMER SCOTTY DOG DESIGN,-1,11/25/2011 15:18,2.1,13069,United Kingdom,-2.1
C558097,22167, OVAL WALL MIRROR DIAMANTE ,-1,6/26/2011 13:29,9.95,15532,United Kingdom,-9.95
C561211,20728,LUNCH BAG CARS BLUE,-1,7/25/2011 16:58,1.65,15544,United Kingdom,-1.65
C569456,22767,TRIPLE PHOTO FRAME CORNICE ,-2,10/4/2011 11:22,9.95,17675,United Kingdom,-19.9
575720,21817,check,-8,11/10/2011 18:09,0,Guest,United Kingdom,0
C538804,84945,MULTI COLOUR SILVER T-LIGHT HOLDER,-2,12/14/2010 11:56,0.85,13769,United Kingdom,-1.7
C540307,85014A,BLACK/BLUE POLKADOT UMBRELLA,-6,1/6/2011 12:58,5.95,15823,United Kingdom,-35.7
581206,21693,mixed up,-87,12/7/2011 18:34,0,Guest,United Kingdom,0
C544580,S,SAMPLES,-1,2/21/2011 14:25,5.44,Guest,United Kingdom,-5.44
C555605,22971,QUEENS GUARD COFFEE MUG,-2,6/6/2011 11:38,2.55,15281,United Kingdom,-5.1
C553880,22055,MINI CAKE STAND  HANGING STRAWBERY,-8,5/19/2011 15:23,1.65,13762,United Kingdom,-13.2
C563594,21314,SMALL GLASS HEART TRINKET POT,-5,8/18/2011 6:14,2.1,18248,United Kingdom,-10.5
C579992,23169,CLASSIC GLASS COOKIE JAR,-5,12/1/2011 11:21,3.75,13408,United Kingdom,-18.75
C558712,82482,WOODEN PICTURE FRAME WHITE FINISH,-2,7/1/2011 13:06,2.55,17338,United Kingdom,-5.1
570193,22449,can't find,-125,10/7/2011 15:32,0,Guest,United Kingdom,0
C548576,84632,DECORATIVE HANGING SHELVING UNIT,-1,4/1/2011 10:46,59.95,15696,United Kingdom,-59.95
552216,21363,Unknown,-19,5/6/2011 15:12,0,Guest,United Kingdom,0
548889,84875A,Unknown,-17,4/4/2011 15:26,0,Guest,United Kingdom,0
C551180,84077,WORLD WAR 2 GLIDERS ASSTD DESIGNS,-48,4/26/2011 17:32,0.29,14586,United Kingdom,-13.92
C556633,21216,"SET 3 RETROSPOT TEA,COFFEE,SUGAR",-2,6/13/2011 15:10,4.95,17696,United Kingdom,-9.9
C544580,S,SAMPLES,-1,2/21/2011 14:25,5.79,Guest,United Kingdom,-5.79
C550646,22457,NATURAL SLATE HEART CHALKBOARD ,-1,4/19/2011 16:32,2.95,16873,United Kingdom,-2.95
C551180,21212,PACK OF 72 RETROSPOT CAKE CASES,-24,4/26/2011 17:32,0.55,14586,United Kingdom,-13.2
C558463,22464,HANGING METAL HEART LANTERN,-1,6/29/2011 15:14,1.65,13982,United Kingdom,-1.65
C553478,23172,REGENCY TEA PLATE PINK,-1,5/17/2011 11:47,1.65,17677,United Kingdom,-1.65
C555338,22413,METAL SIGN TAKE IT OR LEAVE IT ,-6,6/2/2011 11:22,2.95,14323,United Kingdom,-17.7
C580968,23525,WALL ART BUFFALO BILL ,-6,12/6/2011 14:57,3.75,15622,United Kingdom,-22.5
C565284,23245,SET OF 3 REGENCY CAKE TINS,-2,9/2/2011 11:31,4.95,12471,Germany,-9.9
C560409,21523,DOORMAT FANCY FONT HOME SWEET HOME,-2,7/18/2011 14:24,7.95,16717,United Kingdom,-15.9
C566471,85123A,WHITE HANGING HEART T-LIGHT HOLDER,-1,9/12/2011 18:18,2.95,16670,United Kingdom,-2.95
C562803,21704,BAG 250g SWIRLY MARBLES,-2,8/9/2011 14:43,0.85,15628,United Kingdom,-1.7
C542413,22112,CHOCOLATE HOT WATER BOTTLE,-6,1/27/2011 17:11,4.95,16923,United Kingdom,-29.7
C568138,21820,GLITTER HEART GARLAND WITH BELLS ,-6,9/25/2011 10:43,3.75,16689,United Kingdom,-22.5
C552049,22079,RIBBON REEL HEARTS DESIGN ,-10,5/6/2011 10:00,1.65,17548,United Kingdom,-16.5
C569911,22720,SET OF 3 CAKE TINS PANTRY DESIGN ,-3,10/6/2011 16:47,4.95,16653,United Kingdom,-14.85
C578991,20728,LUNCH BAG CARS BLUE,-1,11/27/2011 15:31,1.65,15555,United Kingdom,-1.65
C540535,22649,STRAWBERRY FAIRY CAKE TEAPOT,-1,1/9/2011 14:17,4.95,15005,United Kingdom,-4.95
C581409,23114,VINTAGE LEAF CHOPPING BOARD  ,-1,12/8/2011 14:08,4.95,12476,Germany,-4.95
C537998,22727,ALARM CLOCK BAKELIKE RED ,-4,12/9/2010 11:42,3.75,17411,United Kingdom,-15
C570221,22910,PAPER CHAIN KIT VINTAGE CHRISTMAS,-4,10/9/2011 12:56,2.95,13113,United Kingdom,-11.8
C542138,22356,CHARLOTTE BAG PINK POLKADOT,-10,1/25/2011 17:21,0.85,17368,United Kingdom,-8.5
C566461,23177,TREASURE ISLAND BOOK BOX,-2,9/12/2011 17:21,2.25,16713,United Kingdom,-4.5
C540164,22897,OVEN MITT APPLES DESIGN,-10,1/5/2011 12:02,1.45,14911,EIRE,-14.5
C538670,22114,HOT WATER BOTTLE TEA AND SYMPATHY,-4,12/13/2010 16:19,3.95,13448,United Kingdom,-15.8
C557054,72807C,SET/3 VANILLA SCENTED CANDLE IN BOX,-1,6/16/2011 14:43,4.25,17828,Malta,-4.25
C580762,22628,PICNIC BOXES SET OF 3 RETROSPOT ,-1,12/6/2011 10:32,4.95,14543,United Kingdom,-4.95
C560540,23256,CHILDRENS CUTLERY SPACEBOY ,-1,7/19/2011 12:26,4.15,12415,Australia,-4.15
C549895,22486,PLASMATRONIC LAMP,-4,4/12/2011 15:40,12.75,16553,United Kingdom,-51
C565962,22899,CHILDREN'S APRON DOLLY GIRL ,-1,9/8/2011 11:25,2.1,14410,United Kingdom,-2.1
C545436,22846,BREAD BIN DINER STYLE RED ,-1,3/2/2011 15:52,14.95,13093,United Kingdom,-14.95
C542256,21883,STARS GIFT TAPE ,-1,1/26/2011 17:04,0.19,17722,United Kingdom,-0.19
C550181,21937,STRAWBERRY   PICNIC BAG,-5,4/14/2011 17:43,2.95,13069,United Kingdom,-14.75
C579876,22979,PANTRY WASHING UP BRUSH,-4,11/30/2011 17:02,1.45,18059,United Kingdom,-5.8
C556518,20901,VINTAGE KEEPSAKE BOX PINK FLOWER,-2,6/13/2011 10:53,6.35,16794,United Kingdom,-12.7
C543756,84949,SILVER HANGING T-LIGHT HOLDER,-6,2/11/2011 14:50,1.45,13089,United Kingdom,-8.7
C576216,22847,BREAD BIN DINER STYLE IVORY,-1,11/14/2011 12:56,16.95,12584,Italy,-16.95
C566205,21485,RETROSPOT HEART HOT WATER BOTTLE,-2,9/9/2011 14:58,4.95,16362,United Kingdom,-9.9
C550423,23054,RECYCLED ACAPULCO MAT LAVENDER,-1,4/18/2011 12:06,8.25,14403,United Kingdom,-8.25
C550485,22649,STRAWBERRY FAIRY CAKE TEAPOT,-4,4/18/2011 14:15,4.95,13317,United Kingdom,-19.8
C568532,23172,REGENCY TEA PLATE PINK,-1,9/27/2011 13:54,1.65,14356,United Kingdom,-1.65
C567690,20725,LUNCH BAG RED RETROSPOT,-9,9/21/2011 17:01,1.65,15810,United Kingdom,-14.85
C558202,21671,RED SPOT CERAMIC DRAWER KNOB,-1,6/27/2011 13:24,1.25,17841,United Kingdom,-1.25
C543634,20801,LARGE PINK GLASS SUNDAE DISH,-16,2/10/2011 16:31,0.75,13599,United Kingdom,-12
C540346,22077,6 RIBBONS RUSTIC CHARM,-4,1/6/2011 13:41,1.65,12471,Germany,-6.6
C570828,90003E,GREEN PAIR HEART HAIR SLIDES,-4,10/12/2011 13:15,3.75,14911,EIRE,-15
C573766,22924,FRIDGE MAGNETS LA VIE EN ROSE,-1,11/1/2011 9:58,0.85,14189,United Kingdom,-0.85
C553478,22847,BREAD BIN DINER STYLE IVORY,-1,5/17/2011 11:47,16.95,17677,United Kingdom,-16.95
C541822,22926,IVORY GIANT GARDEN THERMOMETER,-1,1/21/2011 16:53,5.95,15658,United Kingdom,-5.95
C567961,23240,SET OF 4 KNICK KNACK TINS DOILY ,-2,9/23/2011 9:16,4.15,13430,United Kingdom,-8.3
C572334,20724,RED RETROSPOT CHARLOTTE BAG,-100,10/24/2011 10:25,0.72,14607,United Kingdom,-72
C563109,20725,LUNCH BAG RED RETROSPOT,-6,8/12/2011 10:31,1.65,12656,France,-9.9
C548891,22727,ALARM CLOCK BAKELIKE RED ,-1,4/4/2011 15:34,3.75,13418,United Kingdom,-3.75
C575841,21915,RED  HARMONICA IN BOX ,-12,11/11/2011 11:58,1.25,13408,United Kingdom,-15
C560540,23209,LUNCH BAG DOILEY PATTERN ,-1,7/19/2011 12:26,1.65,12415,Australia,-1.65
C539632,85152,HAND OVER THE CHOCOLATE   SIGN ,-48,12/20/2010 15:07,1.69,17230,United Kingdom,-81.12
568091,85211,Unknown,-3,9/23/2011 14:41,0,Guest,United Kingdom,0
573115,23343,wrongly coded 20713,-1000,10/27/2011 15:37,0,Guest,United Kingdom,0
C539644,21577,SAVE THE PLANET COTTON TOTE BAG,-1,12/20/2010 15:52,2.25,12471,Germany,-2.25
C559294,23242,TREASURE TIN BUFFALO BILL ,-20,7/7/2011 12:29,2.08,17861,United Kingdom,-41.6
C564210,23203,JUMBO BAG VINTAGE DOILY ,-1,8/24/2011 9:10,2.08,14194,United Kingdom,-2.08
C551522,22662,LUNCH BAG DOLLY GIRL DESIGN,-1,5/1/2011 11:59,1.65,14800,United Kingdom,-1.65
C572102,22622,BOX OF VINTAGE ALPHABET BLOCKS,-1,10/20/2011 15:56,11.95,13519,United Kingdom,-11.95
C544047,M,Manual,-1,2/15/2011 12:36,1435.79,Guest,United Kingdom,-1435.79
C542910,21537,RED RETROSPOT PUDDING BOWL,-1,2/1/2011 15:38,3.75,17511,United Kingdom,-3.75
C545033,22363,GLASS JAR MARMALADE ,-120,2/25/2011 16:26,2.55,14156,EIRE,-306
C543347,20676,RED RETROSPOT BOWL,-2,2/7/2011 12:44,1.25,12472,Germany,-2.5
C553557,21746,SMALL RED RETROSPOT WINDMILL,-1,5/17/2011 17:03,1.25,13266,United Kingdom,-1.25
C555877,82486,WOOD S/3 CABINET ANT WHITE FINISH,-1,6/7/2011 15:28,8.15,16218,United Kingdom,-8.15
C569989,23296,SET OF 6 TEA TIME BAKING CASES,-8,10/6/2011 20:08,1.25,16839,United Kingdom,-10
C553483,84800L,LARGE WHITE/PINK ROSE ART FLOWER,-24,5/17/2011 12:10,1.69,17527,United Kingdom,-40.56
C549544,21035,SET/2 RED RETROSPOT TEA TOWELS ,-100,4/10/2011 11:15,2.75,15311,United Kingdom,-275
C568830,20725,LUNCH BAG RED RETROSPOT,-1,9/29/2011 11:34,1.65,13725,United Kingdom,-1.65
C572343,22103,MIRROR MOSAIC T-LIGHT HOLDER ROUND,-468,10/24/2011 10:40,0.39,14607,United Kingdom,-182.52
C546997,22402,MAGNETS PACK OF 4 VINTAGE COLLAGE,-6,3/18/2011 13:32,1.25,12748,United Kingdom,-7.5
C537860,21888,BINGO SET,-4,12/8/2010 16:15,3.75,16252,United Kingdom,-15
C553924,22849,BREAD BIN DINER STYLE MINT,-1,5/20/2011 9:34,14.95,12476,Germany,-14.95
C547725,22924,FRIDGE MAGNETS LA VIE EN ROSE,-72,3/25/2011 10:43,0.85,Guest,United Kingdom,-61.2
C542913,21041,RED RETROSPOT OVEN GLOVE DOUBLE,-1,2/1/2011 15:57,2.95,16779,United Kingdom,-2.95
C558736,23146,TRIPLE HOOK ANTIQUE IVORY ROSE,-2,7/1/2011 15:14,3.29,18075,United Kingdom,-6.58
C570828,90022,EDWARDIAN DROP EARRINGS JET BLACK,-4,10/12/2011 13:15,3.75,14911,EIRE,-15
C548460,22842,BISCUIT TIN VINTAGE RED,-2,3/31/2011 11:58,6.75,16801,United Kingdom,-13.5
C573098,85048,15CM CHRISTMAS GLASS BALL 20 LIGHTS,-1,10/27/2011 14:45,7.95,15088,United Kingdom,-7.95
C542787,85141,JARDIN ETCHED GLASS FRUITBOWL,-1,2/1/2011 10:22,8.95,15864,United Kingdom,-8.95
547560,72732,thrown away-can't sell,-2472,3/23/2011 17:28,0,Guest,United Kingdom,0
C572334,23344,JUMBO BAG 50'S CHRISTMAS ,-100,10/24/2011 10:25,1.79,14607,United Kingdom,-179
C537812,21843,RED RETROSPOT CAKE STAND,-10,12/8/2010 13:33,9.95,14299,United Kingdom,-99.5
C565615,22842,BISCUIT TIN VINTAGE RED,-2,9/5/2011 15:20,6.75,12683,France,-13.5
C538105,79163,BLACK CHAMPAGNE GLASS,-1,12/9/2010 15:18,1.65,16781,United Kingdom,-1.65
C578274,22307,GOLD MUG BONE CHINA TREE OF LIFE,-1,11/23/2011 13:42,1.06,17828,Malta,-1.06
C581409,23245,SET OF 3 REGENCY CAKE TINS,-1,12/8/2011 14:08,4.95,12476,Germany,-4.95
C566460,23240,SET OF 4 KNICK KNACK TINS DOILY ,-3,9/12/2011 17:19,4.15,18223,United Kingdom,-12.45
C572109,23064,CINDERELLA CHANDELIER ,-1,10/20/2011 18:24,49.95,13350,United Kingdom,-49.95
C536760,22273,FELTCRAFT DOLL MOLLY,-3,12/2/2010 14:29,2.95,17547,United Kingdom,-8.85
C551265,D,Discount,-1,4/27/2011 12:06,11.76,14527,United Kingdom,-11.76
C555892,21749,LARGE RED RETROSPOT WINDMILL,-1,6/7/2011 16:03,2.1,14227,United Kingdom,-2.1
C542537,22352,LUNCH BOX WITH CUTLERY RETROSPOT ,-1,1/28/2011 13:54,2.55,12501,Germany,-2.55
C564424,15039,SANDALWOOD FAN,-20,8/25/2011 11:10,0.85,12955,United Kingdom,-17
557035,82583,?,-220,6/16/2011 13:52,0,Guest,United Kingdom,0
C571285,22915,ASSORTED BOTTLE TOP  MAGNETS ,-36,10/16/2011 14:26,0.42,16533,United Kingdom,-15.12
C580769,23527,WALL ART ANIMALS AND NATURE ,-1,12/6/2011 10:55,3.75,14869,United Kingdom,-3.75
546129,35610B,thrown away,-541,3/9/2011 15:07,0,Guest,United Kingdom,0
C550353,51020B,STRIPY DESIGN SHOWER CAP,-1,4/18/2011 10:29,0.29,17841,United Kingdom,-0.29
C554848,82484,WOOD BLACK BOARD ANT WHITE FINISH,-1,5/26/2011 19:56,7.95,13659,United Kingdom,-7.95
C554527,23167,SMALL CERAMIC TOP STORAGE JAR ,-21,5/24/2011 17:25,0.69,15251,United Kingdom,-14.49
C545903,21931,JUMBO STORAGE BAG SUKI,-1,3/8/2011 8:34,1.95,13345,United Kingdom,-1.95
C570867,22360,GLASS JAR ENGLISH CONFECTIONERY,-6,10/12/2011 16:17,2.95,12607,USA,-17.7
C560384,M,Manual,-1,7/18/2011 12:52,125,14808,United Kingdom,-125
C567690,22356,CHARLOTTE BAG PINK POLKADOT,-9,9/21/2011 17:01,0.85,15810,United Kingdom,-7.65
C567198,23006,TRAVEL CARD WALLET FLOWER MEADOW,-3,9/19/2011 10:11,0.42,14159,United Kingdom,-1.26
C574065,22945,CHRISTMAS METAL TAGS ASSORTED ,-24,11/2/2011 14:43,0.85,13271,United Kingdom,-20.4
C558097,22891,TEA FOR ONE POLKADOT,-1,6/26/2011 13:29,4.25,15532,United Kingdom,-4.25
C565962,23309,SET OF 60 I LOVE LONDON CAKE CASES ,-15,9/8/2011 11:25,0.55,14410,United Kingdom,-8.25
C564138,23244,ROUND STORAGE TIN VINTAGE LEAF,-2,8/23/2011 11:36,1.65,12753,Japan,-3.3
C557269,85159B,"WHITE TEA,COFFEE,SUGAR JARS",-1,6/19/2011 11:27,1.95,13097,United Kingdom,-1.95
C572449,23398,HANGING HEART BONHEUR,-1,10/24/2011 12:34,0.85,14428,United Kingdom,-0.85
C540164,C2,CARRIAGE,-1,1/5/2011 12:02,50,14911,EIRE,-50
C545843,22423,REGENCY CAKESTAND 3 TIER,-1,3/7/2011 13:37,12.75,12921,United Kingdom,-12.75
C552173,85116,BLACK CANDELABRA T-LIGHT HOLDER,-24,5/6/2011 13:06,2.1,15144,United Kingdom,-50.4
C562709,22384,LUNCH BAG PINK POLKADOT,-1,8/8/2011 14:32,1.45,17511,United Kingdom,-1.45
C543637,22333,RETROSPOT PARTY BAG + STICKER SET,-8,2/10/2011 16:35,1.65,15738,United Kingdom,-13.2
C568879,22774,RED DRAWER KNOB ACRYLIC EDWARDIAN,-14,9/29/2011 12:38,1.25,14680,United Kingdom,-17.5
557806,84706D,Unknown,-5,6/23/2011 10:32,0,Guest,United Kingdom,0
551565,85135A,Unknown,-7,5/3/2011 11:10,0,Guest,United Kingdom,0
C542413,22940,FELTCRAFT CHRISTMAS FAIRY,-12,1/27/2011 17:11,4.25,16923,United Kingdom,-51
552215,17096,Unknown,-41,5/6/2011 15:12,0,Guest,United Kingdom,0
C544827,22215,CAKE STAND WHITE TWO TIER LACE,-1,2/24/2011 9:45,8.5,17147,United Kingdom,-8.5
C560409,22798,ANTIQUE GLASS DRESSING TABLE POT,-8,7/18/2011 14:24,2.95,16717,United Kingdom,-23.6
C545892,M,Manual,-1,3/7/2011 16:41,17.55,12755,Japan,-17.55
C536814,72799E,IVORY PILLAR CANDLE SILVER FLOCK,-6,12/2/2010 17:03,2.95,13958,United Kingdom,-17.7
C579710,22591,CARDHOLDER GINGHAM CHRISTMAS TREE,-4,11/30/2011 14:16,3.25,15467,United Kingdom,-13
C580832,23238,SET OF 4 KNICK KNACK TINS LONDON ,-1,12/6/2011 11:40,3.75,12753,Japan,-3.75
C570867,22399,MAGNETS PACK OF 4 CHILDHOOD MEMORY,-12,10/12/2011 16:17,1.25,12607,USA,-15
550922,22784,damages,-25,4/21/2011 14:29,0,Guest,United Kingdom,0
C576199,22584,PACK OF 6 PANNETONE GIFT BOXES,-1,11/14/2011 12:13,2.55,12610,Italy,-2.55
C577832,22423,REGENCY CAKESTAND 3 TIER,-1,11/22/2011 10:18,12.75,18274,United Kingdom,-12.75
543656,84801B,Unknown,-44,2/11/2011 10:30,0,Guest,United Kingdom,0
C569986,23015,CORDIAL GLASS JUG,-2,10/6/2011 19:52,8.25,16245,United Kingdom,-16.5
C541492,85174,S/4 CACTI CANDLES,-1,1/18/2011 14:24,4.95,Guest,United Kingdom,-4.95
549271,62096B,Unknown,-2,4/7/2011 12:48,0,Guest,United Kingdom,0
C567677,23166,MEDIUM CERAMIC TOP STORAGE JAR,-2,9/21/2011 15:57,1.04,12409,Switzerland,-2.08
576765,22219,???lost,-550,11/16/2011 13:11,0,Guest,United Kingdom,0
C542604,22666,RECIPE BOX PANTRY YELLOW DESIGN,-1,1/30/2011 12:35,2.95,13148,United Kingdom,-2.95
C558716,22418,10 COLOUR SPACEBOY PEN,-10,7/1/2011 13:22,0.85,17888,United Kingdom,-8.5
C562111,23240,SET OF 4 KNICK KNACK TINS DOILEY ,-1,8/2/2011 15:48,3.75,15125,United Kingdom,-3.75
C571499,82483,WOOD 2 DRAWER CABINET WHITE FINISH,-32,10/17/2011 15:07,5.95,12454,Spain,-190.4
C570278,22366,DOORMAT AIRMAIL ,-24,10/10/2011 11:05,7.08,14534,United Kingdom,-169.92
553744,85141,Unknown,-7,5/19/2011 9:44,0,Guest,United Kingdom,0
C538802,22960,JAM MAKING SET WITH JARS,-4,12/14/2010 11:54,4.25,17017,United Kingdom,-17
C541707,22196,SMALL HEART MEASURING SPOONS,-1,1/21/2011 11:07,0.85,18223,United Kingdom,-0.85
C540246,22942,CHRISTMAS LIGHTS 10 SANTAS ,-1,1/5/2011 15:43,8.5,13081,United Kingdom,-8.5
C546887,22212,FOUR HOOK  WHITE LOVEBIRDS,-1,3/17/2011 18:14,2.1,14329,United Kingdom,-2.1
C539284,22865,HAND WARMER OWL DESIGN,-12,12/16/2010 15:54,2.1,16770,United Kingdom,-25.2
C540781,22963,JAM JAR WITH GREEN LID,-8,1/11/2011 11:22,0.85,16875,United Kingdom,-6.8
573595,79323S,"Unsaleable, destroyed.",-674,10/31/2011 15:17,0,Guest,United Kingdom,0
C565762,20724,RED RETROSPOT CHARLOTTE BAG,-19,9/6/2011 14:05,0.85,14040,United Kingdom,-16.15
C547725,22396,MAGNETS PACK OF 4 RETRO PHOTO,-6,3/25/2011 10:43,1.25,Guest,United Kingdom,-7.5
C570867,22619,SET OF 6 SOLDIER SKITTLES,-4,10/12/2011 16:17,3.75,12607,USA,-15
C570099,21231,SWEETHEART CERAMIC TRINKET BOX,-3,10/7/2011 12:11,1.06,13798,United Kingdom,-3.18
C581117,85099B,JUMBO BAG RED RETROSPOT,-1,12/7/2011 12:24,2.08,16393,United Kingdom,-2.08
C554685,23111,PARISIENNE SEWING BOX,-1,5/25/2011 16:30,12.5,16161,United Kingdom,-12.5
C538109,22780,LIGHT GARLAND BUTTERFILES PINK,-4,12/9/2010 15:23,4.25,16042,United Kingdom,-17
C543050,22962,JAM JAR WITH PINK LID,-2,2/3/2011 10:14,0.85,12625,Germany,-1.7
C552556,21080,SET/20 RED RETROSPOT PAPER NAPKINS ,-12,5/10/2011 11:21,0.85,17504,United Kingdom,-10.2
C557624,17003,BROCADE RING PURSE ,-1,6/21/2011 14:22,57.6,16422,United Kingdom,-57.6
C560540,23207,LUNCH BAG ALPHABET DESIGN,-1,7/19/2011 12:26,1.65,12415,Australia,-1.65
C558525,M,Manual,-7,6/30/2011 10:52,1.95,13113,United Kingdom,-13.65
C580968,23536,WALL ART VILLAGE SHOW ,-4,12/6/2011 14:57,5.95,15622,United Kingdom,-23.8
C578073,M,Manual,-36,11/22/2011 16:02,0.56,18139,United Kingdom,-20.16
542570,85028S,Unknown,-1,1/28/2011 14:53,0,Guest,United Kingdom,0
C558257,23032,DRAWER KNOB CRACKLE GLAZE IVORY,-3,6/27/2011 17:27,1.65,18198,United Kingdom,-4.95
C553880,23155,KNICKERBOCKERGLORY MAGNET ASSORTED ,-96,5/19/2011 15:23,0.72,13762,United Kingdom,-69.12
C544829,21314,SMALL GLASS HEART TRINKET POT,-1,2/24/2011 9:53,2.1,17314,United Kingdom,-2.1
C560540,23206,LUNCH BAG APPLE DESIGN,-1,7/19/2011 12:26,1.65,12415,Australia,-1.65
567923,37343,damaged,-2,9/22/2011 17:24,0,Guest,United Kingdom,0
C540158,22961,JAM MAKING SET PRINTED,-2,1/5/2011 11:42,1.45,12471,Germany,-2.9
C559741,72741,GRAND CHOCOLATECANDLE,-1,7/12/2011 11:10,1.45,13013,United Kingdom,-1.45
C575257,M,Manual,-4,11/9/2011 11:59,10.95,13623,United Kingdom,-43.8
C543469,22503,CABIN BAG VINTAGE PAISLEY,-1,2/8/2011 14:55,12.75,12709,Germany,-12.75
C574486,23118,PARISIENNE JEWELLERY DRAWER ,-2,11/4/2011 12:56,7.5,15329,United Kingdom,-15
C546865,22423,REGENCY CAKESTAND 3 TIER,-1,3/17/2011 15:46,12.75,14226,United Kingdom,-12.75
C556793,22357,KINGS CHOICE BISCUIT TIN,-5,6/14/2011 13:54,4.25,12818,Austria,-21.25
C555404,90147,CHUNKY SILVER NECKLACE PASTEL FLOWE,-2,6/2/2011 18:28,9.95,17231,United Kingdom,-19.9
C571321,17129F,BLUE GLASS GEMS IN BAG,-2,10/17/2011 11:04,0.85,17096,United Kingdom,-1.7
554276,22966,Unknown,-58,5/23/2011 13:19,0,Guest,United Kingdom,0
C570831,22796,PHOTO FRAME 3 CLASSIC HANGING,-2,10/12/2011 13:25,9.95,14911,EIRE,-19.9
C546395,21871,SAVE THE PLANET MUG,-1,3/11/2011 14:29,1.25,14214,United Kingdom,-1.25
C550466,22064,PINK DOUGHNUT TRINKET POT ,-2,4/18/2011 13:34,1.65,14032,United Kingdom,-3.3
556687,23003,Printing smudges/thrown away,-9058,6/14/2011 10:36,0,Guest,United Kingdom,0
C565428,79190B,RETRO PLASTIC POLKA TRAY,-1,9/4/2011 12:53,0.42,12867,United Kingdom,-0.42
C543745,79323B,BLACK CHERRY LIGHTS,-4,2/11/2011 13:46,6.75,13672,United Kingdom,-27
C538643,21658,GLASS  BEURRE DISH,-1,12/13/2010 14:38,3.95,12476,Germany,-3.95
C539329,20733,GOLD MINI TAPE MEASURE ,-300,12/17/2010 9:37,0.72,16013,United Kingdom,-216
C579886,23458,DOLLY CABINET 3 DRAWERS ,-2,11/30/2011 17:39,14.95,15676,United Kingdom,-29.9
C548866,20681,PINK POLKADOT CHILDRENS UMBRELLA,-1,4/4/2011 14:09,3.25,14606,United Kingdom,-3.25
C556646,23169,CLASSIC GLASS COOKIE JAR,-2,6/13/2011 16:10,4.15,18221,United Kingdom,-8.3
C548460,22840,ROUND CAKE TIN VINTAGE RED,-2,3/31/2011 11:58,7.95,16801,United Kingdom,-15.9
C563603,22236,CAKE STAND 3 TIER MAGIC GARDEN,-1,8/18/2011 6:28,12.75,17302,United Kingdom,-12.75
C541863,21932,SCANDINAVIAN PAISLEY PICNIC BAG,-1,1/23/2011 16:08,2.55,13798,United Kingdom,-2.55
C559309,22727,ALARM CLOCK BAKELIKE RED ,-4,7/7/2011 13:18,3.75,17719,United Kingdom,-15
C540266,M,Manual,-1,1/6/2011 11:05,458.29,Guest,United Kingdom,-458.29
C574473,23497,CLASSIC CHROME BICYCLE BELL ,-12,11/4/2011 12:05,1.45,15809,United Kingdom,-17.4
C575962,21166,COOK WITH WINE METAL SIGN ,-10,11/13/2011 12:30,2.08,14547,United Kingdom,-20.8
C548723,85063,CREAM SWEETHEART MAGAZINE RACK,-1,4/4/2011 9:02,16.95,15874,United Kingdom,-16.95
540558,21258,?,-29,1/10/2011 10:04,0,Guest,United Kingdom,0
C572450,M,Manual,-1,10/24/2011 12:35,248.87,Guest,United Kingdom,-248.87
C540243,22606,WOODEN SKITTLES GARDEN SET,-1,1/5/2011 15:32,15.95,12585,Germany,-15.95
C545537,22456,NATURAL SLATE CHALKBOARD LARGE ,-1,3/3/2011 14:14,4.95,16212,United Kingdom,-4.95
C555268,22980,PANTRY SCRUBBING BRUSH,-5,6/1/2011 16:17,1.65,18257,United Kingdom,-8.25
C564279,23240,SET OF 4 KNICK KNACK TINS DOILEY ,-12,8/24/2011 10:54,4.15,17706,United Kingdom,-49.8
C548607,22637,PIGGY BANK RETROSPOT ,-1,4/1/2011 11:20,2.55,16700,United Kingdom,-2.55
C564812,D,Discount,-1,8/30/2011 11:45,15.07,14527,United Kingdom,-15.07
C552858,22180,RETROSPOT LAMP,-1,5/11/2011 15:46,9.95,14180,United Kingdom,-9.95
C579970,22429,ENAMEL MEASURING JUG CREAM,-2,12/1/2011 11:13,4.25,14388,United Kingdom,-8.5
565308,21829,sold as 1,-432,9/2/2011 12:22,0,Guest,United Kingdom,0
C570683,22411,JUMBO SHOPPER VINTAGE RED PAISLEY,-1,10/11/2011 16:09,2.08,16161,United Kingdom,-2.08
C563232,23173,REGENCY TEAPOT ROSES ,-1,8/14/2011 15:55,9.95,17988,United Kingdom,-9.95
C541863,82583,HOT BATHS METAL SIGN,-1,1/23/2011 16:08,1.69,13798,United Kingdom,-1.69
C569975,23071,MARIE ANTOINETTE TRINKET BOX GOLD,-3,10/6/2011 19:25,12.5,14333,United Kingdom,-37.5
C542346,22591,CARDHOLDER GINGHAM CHRISTMAS TREE,-1,1/27/2011 12:00,2.55,12709,Germany,-2.55
560110,21673,Unknown,-40,7/15/2011 9:51,0,Guest,United Kingdom,0
C554140,85141,JARDIN ETCHED GLASS FRUITBOWL,-4,5/23/2011 10:34,3.95,13004,United Kingdom,-15.8
C542798,21531,RED RETROSPOT SUGAR JAM BOWL,-1,2/1/2011 11:09,2.55,12477,Germany,-2.55
C544682,22659,LUNCH BOX I LOVE LONDON,-2,2/22/2011 16:29,1.65,17511,United Kingdom,-3.3
C547661,21216,"SET 3 RETROSPOT TEA,COFFEE,SUGAR",-1,3/24/2011 13:09,4.95,13736,United Kingdom,-4.95
C570221,20725,LUNCH BAG RED RETROSPOT,-1,10/9/2011 12:56,1.65,13113,United Kingdom,-1.65
C576324,23470,CARD HOLDER LOVE BIRD LARGE ,-1,11/14/2011 15:10,6.25,16161,United Kingdom,-6.25
C538062,20973,12 PENCIL SMALL TUBE WOODLAND,-2,12/9/2010 13:40,0.65,17702,United Kingdom,-1.3
C538680,BANK CHARGES,Bank Charges,-1,12/13/2010 17:10,966.92,Guest,United Kingdom,-966.92
C568879,22775,PURPLE DRAWERKNOB ACRYLIC EDWARDIAN,-20,9/29/2011 12:38,1.25,14680,United Kingdom,-25
C550423,23052,RECYCLED ACAPULCO MAT TURQUOISE,-1,4/18/2011 12:06,8.25,14403,United Kingdom,-8.25
C537530,22726,ALARM CLOCK BAKELIKE GREEN,-2,12/7/2010 11:47,3.75,13319,United Kingdom,-7.5
C547725,21902,"KEY FOB , FRONT  DOOR ",-1,3/25/2011 10:43,0.65,Guest,United Kingdom,-0.65
C540266,POST,POSTAGE,-1,1/6/2011 11:05,35.09,Guest,United Kingdom,-35.09
C546125,22697,GREEN REGENCY TEACUP AND SAUCER,-6,3/9/2011 14:52,2.95,16316,United Kingdom,-17.7
C550771,21320,GLASS CHALICE GREEN  LARGE ,-7,4/20/2011 13:11,2.1,17856,United Kingdom,-14.7
C559666,22661,CHARLOTTE BAG DOLLY GIRL DESIGN,-1,7/11/2011 13:37,0.85,14389,United Kingdom,-0.85
C541828,21903,MAN FLU METAL SIGN,-1,1/21/2011 17:06,2.1,13769,United Kingdom,-2.1
C574825,22960,JAM MAKING SET WITH JARS,-1,11/7/2011 10:58,4.25,16678,United Kingdom,-4.25
C551863,21395,BLUE POLKADOT BEAKER ,-2,5/4/2011 16:12,0.39,16145,United Kingdom,-0.78
C578276,21535,RED RETROSPOT SMALL MILK JUG,-2,11/23/2011 13:48,2.1,17511,United Kingdom,-4.2
C543661,22649,STRAWBERRY FAIRY CAKE TEAPOT,-4,2/11/2011 10:41,4.95,12471,Germany,-19.8
C569743,21928,JUMBO BAG SCANDINAVIAN BLUE PAISLEY,-100,10/6/2011 10:57,1.79,15769,United Kingdom,-179
C557249,84687,BEACH HUT SHELF W 3 DRAWERS,-2,6/17/2011 15:34,5.95,16817,United Kingdom,-11.9
C562961,85123A,WHITE HANGING HEART T-LIGHT HOLDER,-6,8/11/2011 10:24,2.95,14305,United Kingdom,-17.7
C539667,85131A,BEADED PEARL HEART WHITE ON STICK,-6,12/21/2010 10:47,0.42,13148,United Kingdom,-2.52
C575953,21812,GARLAND WITH HEARTS AND BELLS,-2,11/13/2011 11:56,4.95,16015,United Kingdom,-9.9
C538118,47594A,CAROUSEL DESIGN WASHBAG,-1,12/9/2010 15:33,1.95,17700,United Kingdom,-1.95
C565313,D,Discount,-1,9/2/2011 12:41,14.5,14527,United Kingdom,-14.5
C553531,S,SAMPLES,-1,5/17/2011 15:09,2.98,Guest,United Kingdom,-2.98
C557269,22467,GUMBALL COAT RACK,-8,6/19/2011 11:27,2.55,13097,United Kingdom,-20.4
C541245,85036C,ROSE 1 WICK MORRIS BOXED CANDLE,-12,1/16/2011 12:40,4.25,15535,United Kingdom,-51
C540790,85170D,SET/6 PINK BIRD T-LIGHT CANDLES,-2,1/11/2011 11:48,0.85,16145,United Kingdom,-1.7
C557941,22900,SET 2 TEA TOWELS I LOVE LONDON ,-160,6/23/2011 16:00,2.32,12901,United Kingdom,-371.2
C559252,84078A,SET/4 WHITE RETRO STORAGE CUBES ,-4,7/7/2011 11:42,34.95,12980,United Kingdom,-139.8
C540164,84347,ROTATING SILVER ANGELS T-LIGHT HLDR,-6,1/5/2011 12:02,2.55,14911,EIRE,-15.3
C576850,23470,CARD HOLDER LOVE BIRD LARGE ,-1,11/16/2011 15:40,6.25,13924,United Kingdom,-6.25
C555475,22149,FELTCRAFT 6 FLOWER FRIENDS,-1,6/3/2011 12:11,2.1,18232,United Kingdom,-2.1
C567359,21209,MULTICOLOUR HONEYCOMB FAN,-2,9/19/2011 16:33,0.39,15201,United Kingdom,-0.78
C541691,22138,BAKING SET 9 PIECE RETROSPOT ,-6,1/20/2011 16:22,4.95,13090,United Kingdom,-29.7
C558347,S,SAMPLES,-1,6/28/2011 14:47,14.92,Guest,United Kingdom,-14.92
551447,35004C,Unknown,-4,4/28/2011 15:59,0,Guest,United Kingdom,0
C543663,22846,BREAD BIN DINER STYLE RED ,-1,2/11/2011 10:50,16.95,18118,United Kingdom,-16.95
C544655,37448,CERAMIC CAKE DESIGN SPOTTED MUG,-2,2/22/2011 12:57,1.49,13113,United Kingdom,-2.98
C580773,23202,JUMBO BAG VINTAGE LEAF,-20,12/6/2011 11:05,2.08,16523,United Kingdom,-41.6
563453,21033,taig adjust no stock,-24,8/16/2011 14:34,0,Guest,United Kingdom,0
C547676,22423,REGENCY CAKESTAND 3 TIER,-2,3/24/2011 14:15,10.95,15189,United Kingdom,-21.9
C566007,21790,VINTAGE SNAP CARDS,-48,9/8/2011 12:03,0.85,16076,United Kingdom,-40.8
C548577,21210,SET OF 72 RETROSPOT PAPER  DOILIES,-96,4/1/2011 10:46,1.25,13694,United Kingdom,-120
551722,20975,Unknown,-170,5/3/2011 16:50,0,Guest,United Kingdom,0
569256,20774,damaged,-14,10/3/2011 11:15,0,Guest,United Kingdom,0
C556634,22730,ALARM CLOCK BAKELIKE IVORY,-2,6/13/2011 15:22,3.75,17675,United Kingdom,-7.5
C549540,22443,GROW YOUR OWN HERBS SET OF 3,-1,4/10/2011 10:12,7.95,17114,United Kingdom,-7.95
C562375,23314,VINTAGE CHRISTMAS TABLECLOTH,-4,8/4/2011 14:46,12.5,14911,EIRE,-50
C563612,22729,ALARM CLOCK BAKELIKE ORANGE,-1,8/18/2011 6:39,3.75,17442,United Kingdom,-3.75
556074,22519,Unknown,-19,6/8/2011 15:14,0,Guest,United Kingdom,0
546124,35610C,Thrown away.,-1121,3/9/2011 14:50,0,Guest,United Kingdom,0
C569989,23236,STORAGE TIN VINTAGE DOILY ,-6,10/6/2011 20:08,2.89,16839,United Kingdom,-17.34
C574922,22635,CHILDS BREAKFAST SET DOLLY GIRL ,-8,11/7/2011 16:39,8.5,15502,United Kingdom,-68
C579944,23146,TRIPLE HOOK ANTIQUE IVORY ROSE,-1,12/1/2011 10:38,3.29,15021,United Kingdom,-3.29
580380,21620,check,-20,12/2/2011 17:58,0,Guest,United Kingdom,0
C567708,85099F,JUMBO BAG STRAWBERRY,-3,9/22/2011 9:53,2.08,15201,United Kingdom,-6.24
C577147,23029,DRAWER KNOB CRACKLE GLAZE GREEN,-3,11/18/2011 9:42,1.65,13396,United Kingdom,-4.95
C536829,71477,COLOUR GLASS. STAR T-LIGHT HOLDER,-1,12/2/2010 17:36,3.25,13295,United Kingdom,-3.25
C542060,21936,RED RETROSPOT PICNIC BAG,-1,1/25/2011 12:01,2.95,14680,United Kingdom,-2.95
C553373,POST,POSTAGE,-1,5/16/2011 14:48,16.85,Guest,United Kingdom,-16.85
C537602,85123A,WHITE HANGING HEART T-LIGHT HOLDER,-1,12/7/2010 12:45,2.55,17511,United Kingdom,-2.55
C563596,22776,SWEETHEART CAKESTAND 3 TIER,-2,8/18/2011 6:19,9.95,12749,United Kingdom,-19.9
551570,85189,Unknown,-6,5/3/2011 11:13,0,Guest,United Kingdom,0
C557791,22483,RED GINGHAM TEDDY BEAR ,-1,6/22/2011 16:36,2.95,14099,United Kingdom,-2.95
556315,22948,sold as set on dotcom,-108,6/10/2011 10:47,0,Guest,United Kingdom,0
C555935,23049,RECYCLED ACAPULCO MAT RED,-2,6/8/2011 9:14,8.25,12567,France,-16.5
C564281,21232,STRAWBERRY CERAMIC TRINKET BOX,-1,8/24/2011 10:54,1.25,14796,United Kingdom,-1.25
C540243,22638,SET OF 4 NAPKIN CHARMS CROWNS ,-1,1/5/2011 15:32,2.55,12585,Germany,-2.55
C575171,23355,HOT WATER BOTTLE KEEP CALM,-1,11/8/2011 17:49,4.95,18164,United Kingdom,-4.95
C575044,22666,RECIPE BOX PANTRY YELLOW DESIGN,-12,11/8/2011 12:07,2.95,14948,United Kingdom,-35.4
C544575,BANK CHARGES,Bank Charges,-1,2/21/2011 13:58,134.76,Guest,United Kingdom,-134.76
C581148,22063,CERAMIC BOWL WITH STRAWBERRY DESIGN,-1,12/7/2011 14:02,2.95,12462,Spain,-2.95
C543659,21199,PINK  HEART CONFETTI IN TUBE,-48,2/11/2011 10:40,0.42,16730,United Kingdom,-20.16
C547904,AMAZONFEE,AMAZON FEE,-1,3/28/2011 12:02,219.76,Guest,United Kingdom,-219.76
C572736,23487,SWEET HEART CAKE CARRIER,-1,10/25/2011 15:37,9.95,15836,United Kingdom,-9.95
C541710,22904,CALENDAR PAPER CUT DESIGN,-2,1/21/2011 11:17,2.95,14320,United Kingdom,-5.9
C570867,23292,SPACEBOY CHILDRENS CUP,-8,10/12/2011 16:17,1.25,12607,USA,-10
C539574,22768,FAMILY PHOTO FRAME CORNICE,-1,12/20/2010 12:23,9.95,16713,United Kingdom,-9.95
C564956,22637,PIGGY BANK RETROSPOT ,-3,8/31/2011 13:41,2.55,16303,United Kingdom,-7.65
C581499,M,Manual,-1,12/9/2011 10:28,224.69,15498,United Kingdom,-224.69
C578131,23485,BOTANICAL GARDENS WALL CLOCK ,-1,11/23/2011 10:49,20.8,13171,United Kingdom,-20.8
C544901,22357,KINGS CHOICE BISCUIT TIN,-1,2/24/2011 13:02,4.25,15078,United Kingdom,-4.25
544046,21785,Unknown,-140,2/15/2011 12:34,0,Guest,United Kingdom,0
C542910,22360,GLASS JAR ENGLISH CONFECTIONERY,-3,2/1/2011 15:38,2.55,17511,United Kingdom,-7.65
C575648,23085,ANTIQUE SILVER BAUBLE LAMP  ,-2,11/10/2011 14:22,8.25,16523,United Kingdom,-16.5
C578007,85104,SILVER GLASS T-LIGHT SET,-3,11/22/2011 12:40,2.95,16474,United Kingdom,-8.85
C548485,22699,ROSES REGENCY TEACUP AND SAUCER ,-1,3/31/2011 12:50,2.95,14051,United Kingdom,-2.95
C560855,21209,MULTICOLOUR HONEYCOMB FAN,-2,7/21/2011 13:00,0.39,14410,United Kingdom,-0.78
C561588,15056N,EDWARDIAN PARASOL NATURAL,-2,7/28/2011 10:53,5.95,15781,United Kingdom,-11.9
C543638,22551,PLASTERS IN TIN SPACEBOY,-1,2/10/2011 16:40,1.65,16403,United Kingdom,-1.65
C557148,23177,TREASURE ISLAND BOOK BOX,-6,6/17/2011 10:52,2.25,13735,United Kingdom,-13.5
C541654,21843,RED RETROSPOT CAKE STAND,-6,1/20/2011 11:53,10.95,12540,Spain,-65.7
549149,35649,Unknown,-43,4/6/2011 15:31,0,Guest,United Kingdom,0
C572469,22386,JUMBO BAG PINK POLKADOT,-4,10/24/2011 13:31,2.08,13534,United Kingdom,-8.32
C555636,22855,FINE WICKER HEART ,-12,6/6/2011 12:33,1.25,15073,United Kingdom,-15
C577394,84946,ANTIQUE SILVER T-LIGHT GLASS,-4,11/18/2011 17:09,1.25,14902,United Kingdom,-5
C540417,85099C,JUMBO  BAG BAROQUE BLACK WHITE,-30,1/7/2011 10:56,1.95,13680,United Kingdom,-58.5
C551464,22746,POPPY'S PLAYHOUSE LIVINGROOM ,-6,4/28/2011 16:15,2.1,13085,United Kingdom,-12.6
C553851,21531,RED RETROSPOT SUGAR JAM BOWL,-1,5/19/2011 13:04,2.55,15811,United Kingdom,-2.55
C544420,71477,COLOUR GLASS. STAR T-LIGHT HOLDER,-2,2/18/2011 15:18,2.75,16191,United Kingdom,-5.5
C538341,22752,SET 7 BABUSHKA NESTING BOXES,-96,12/10/2010 14:03,7.65,15514,United Kingdom,-734.4
C569987,22027,TEA PARTY BIRTHDAY CARD,-144,10/6/2011 19:54,0.36,18194,United Kingdom,-51.84
C567521,22423,REGENCY CAKESTAND 3 TIER,-1,9/20/2011 16:33,12.75,12540,Spain,-12.75
C543752,D,Discount,-1,2/11/2011 14:12,64.27,14031,United Kingdom,-64.27
537004,21814,Unknown,-30,12/3/2010 15:34,0,Guest,United Kingdom,0
C538720,71053,WHITE METAL LANTERN,-4,12/14/2010 11:11,3.75,17526,United Kingdom,-15
C554136,84978,HANGING HEART JAR T-LIGHT HOLDER,-1,5/23/2011 10:02,1.25,14239,United Kingdom,-1.25
C567534,22596,CHRISTMAS STAR WISH LIST CHALKBOARD,-1,9/21/2011 9:49,1.25,16341,United Kingdom,-1.25
C555596,23146,TRIPLE HOOK ANTIQUE IVORY ROSE,-4,6/6/2011 10:17,3.29,17644,United Kingdom,-13.16
C559105,20726,LUNCH BAG WOODLAND,-1,7/6/2011 11:10,1.65,16393,United Kingdom,-1.65
565938,23066,Unknown,-13,9/8/2011 10:54,0,Guest,United Kingdom,0
C557664,23183,MOTHER'S KITCHEN SPOON REST ,-1,6/21/2011 18:00,3.75,Guest,EIRE,-3.75
C536812,22130,PARTY CONE CHRISTMAS DECORATION ,-144,12/2/2010 16:58,0.72,16546,United Kingdom,-103.68
C575511,22382,LUNCH BAG SPACEBOY DESIGN ,-1,11/10/2011 10:33,1.65,14456,United Kingdom,-1.65
C545504,22777,GLASS CLOCHE LARGE,-1,3/3/2011 11:35,8.5,13630,United Kingdom,-8.5
547996,84534B,Unknown,-10,3/29/2011 10:22,0,Guest,United Kingdom,0
C550013,22644,CERAMIC CHERRY CAKE MONEY BANK,-5,4/14/2011 10:49,1.45,12982,United Kingdom,-7.25
C550174,22997,TRAVEL CARD WALLET UNION JACK,-2,4/14/2011 17:07,0.42,16394,United Kingdom,-0.84
C566166,21311,SET/4 BIRD MIRROR MAGNETS ,-6,9/9/2011 11:59,0.29,14194,United Kingdom,-1.74
C540527,21056,DOCTOR'S BAG SOFT TOY,-1,1/9/2011 13:42,8.95,14606,United Kingdom,-8.95
C579746,35004B,SET OF 3 BLACK FLYING DUCKS,-3,11/30/2011 14:40,4.65,13078,United Kingdom,-13.95
C570867,21524,DOORMAT SPOTTY HOME SWEET HOME,-2,10/12/2011 16:17,8.25,12607,USA,-16.5
545548,77101A,Unknown,-87,3/3/2011 15:08,0,Guest,United Kingdom,0
C539866,22636,CHILDS BREAKFAST SET CIRCUS PARADE,-2,12/23/2010 10:20,7.65,12427,Germany,-15.3
C543050,22242,5 HOOK HANGER MAGIC TOADSTOOL,-24,2/3/2011 10:14,1.65,12625,Germany,-39.6
C564955,22891,TEA FOR ONE POLKADOT,-1,8/31/2011 13:39,4.25,15786,United Kingdom,-4.25
C556904,D,Discount,-1,6/15/2011 12:56,14.42,14527,United Kingdom,-14.42
C537860,22192,BLUE DINER WALL CLOCK,-2,12/8/2010 16:15,8.5,16252,United Kingdom,-17
C548460,22366,DOORMAT AIRMAIL ,-2,3/31/2011 11:58,7.95,16801,United Kingdom,-15.9
C545457,22779,WOODEN OWLS LIGHT GARLAND ,-3,3/2/2011 17:18,4.25,17428,United Kingdom,-12.75
C546997,22923,FRIDGE MAGNETS LES ENFANTS ASSORTED,-6,3/18/2011 13:32,0.85,12748,United Kingdom,-5.1
C549692,85040B,SET/4 BLUE FLOWER CANDLES IN BOWL,-2,4/11/2011 13:43,1.65,13668,United Kingdom,-3.3
C577737,22597,MUSICAL ZINC HEART DECORATION ,-24,11/21/2011 13:25,0.85,15681,United Kingdom,-20.4
C559347,22208,WOOD STAMP SET THANK YOU,-12,7/7/2011 17:22,0.83,18072,United Kingdom,-9.96
C564940,22564,ALPHABET STENCIL CRAFT,-432,8/31/2011 13:10,1.06,12931,United Kingdom,-457.92
538162,46000M,Dotcom sales,-100,12/9/2010 17:25,0,Guest,United Kingdom,0
C540788,21231,SWEETHEART CERAMIC TRINKET BOX,-2,1/11/2011 11:46,1.25,13576,United Kingdom,-2.5
C575079,22666,RECIPE BOX PANTRY YELLOW DESIGN,-2,11/8/2011 13:28,2.95,14911,EIRE,-5.9
C572410,23174,REGENCY SUGAR BOWL GREEN,-2,10/24/2011 11:58,3.75,16742,United Kingdom,-7.5
C542402,84978,HANGING HEART JAR T-LIGHT HOLDER,-2,1/27/2011 16:05,1.25,16124,United Kingdom,-2.5
C540271,M,Manual,-1,1/6/2011 11:51,1126,12503,Spain,-1126
C559983,23300,GARDENERS KNEELING PAD CUP OF TEA ,-6,7/14/2011 11:41,1.65,14562,United Kingdom,-9.9
566449,20856,??,-140,9/12/2011 16:07,0,Guest,United Kingdom,0
C547797,37449,CERAMIC CAKE STAND + HANGING CAKES,-1,3/25/2011 12:34,9.95,17460,United Kingdom,-9.95
C565044,11001,ASSTD DESIGN RACING CAR PEN,-180,8/31/2011 17:02,1.27,12931,United Kingdom,-228.6
540008,85230F,Unknown,-48,1/4/2011 11:10,0,Guest,United Kingdom,0
581201,22217,damages?,-155,12/7/2011 18:30,0,Guest,United Kingdom,0
C569636,22998,TRAVEL CARD WALLET KEEP CALM,-2,10/5/2011 12:14,0.42,12841,United Kingdom,-0.84
547998,20854,Unknown,-2,3/29/2011 10:23,0,Guest,United Kingdom,0
C560540,22147,FELTCRAFT BUTTERFLY HEARTS,-1,7/19/2011 12:26,1.45,12415,Australia,-1.45
542368,85188B,Unknown,-70,1/27/2011 12:59,0,Guest,United Kingdom,0
C546773,22942,CHRISTMAS LIGHTS 10 SANTAS ,-2,3/16/2011 15:42,8.5,14505,United Kingdom,-17
C542383,22423,REGENCY CAKESTAND 3 TIER,-13,1/27/2011 14:26,10.95,14299,United Kingdom,-142.35
C543004,22470,HEART OF WICKER LARGE,-4,2/2/2011 12:40,2.95,13939,United Kingdom,-11.8
C550181,20675,BLUE POLKADOT BOWL,-4,4/14/2011 17:43,1.25,13069,United Kingdom,-5
C576561,21929,JUMBO BAG PINK VINTAGE PAISLEY,-1,11/15/2011 13:22,1.79,15311,United Kingdom,-1.79
C569989,23294,SET OF 6 SNACK LOAF BAKING CASES,-8,10/6/2011 20:08,0.83,16839,United Kingdom,-6.64
C554002,POST,POSTAGE,-1,5/20/2011 12:09,6.5,13692,United Kingdom,-6.5
C573260,22650,CERAMIC PIRATE CHEST MONEY BANK,-1,10/28/2011 12:27,1.45,15287,United Kingdom,-1.45
C560331,22649,STRAWBERRY FAIRY CAKE TEAPOT,-1,7/18/2011 11:20,4.95,17706,United Kingdom,-4.95
C552047,22236,CAKE STAND 3 TIER MAGIC GARDEN,-1,5/6/2011 9:55,12.75,14796,United Kingdom,-12.75
C544318,22301,COFFEE MUG CAT + BIRD DESIGN,-1,2/17/2011 15:02,2.1,12989,United Kingdom,-2.1
C559743,22098,BOUDOIR SQUARE TISSUE BOX,-12,7/12/2011 11:12,0.39,13599,United Kingdom,-4.68
C575672,23165,LARGE CERAMIC TOP STORAGE JAR,-2,11/10/2011 15:03,1.65,13098,United Kingdom,-3.3
C567544,23343,JUMBO BAG VINTAGE CHRISTMAS ,-1,9/21/2011 10:19,2.08,15622,United Kingdom,-2.08
C574261,23325,RUSTIC STRAWBERRY JAM POT SMALL,-6,11/3/2011 14:00,1.65,12683,France,-9.9
549510,84559B,Unknown,-158,4/8/2011 15:08,0,Guest,United Kingdom,0
C571893,23404,HOME SWEET HOME BLACKBOARD,-6,10/19/2011 14:13,4.95,13314,United Kingdom,-29.7
C541572,22669,RED BABY BUNTING ,-50,1/19/2011 12:39,2.55,15171,United Kingdom,-127.5
C572111,82483,WOOD 2 DRAWER CABINET WHITE FINISH,-1,10/20/2011 19:13,6.95,13136,United Kingdom,-6.95
C559140,21974,SET OF 36 PAISLEY FLOWER DOILIES,-12,7/6/2011 13:42,1.45,13420,United Kingdom,-17.4
C569956,82482,WOODEN PICTURE FRAME WHITE FINISH,-6,10/6/2011 18:36,2.95,14944,United Kingdom,-17.7
544086,21785,Unknown,-7,2/15/2011 16:49,0,Guest,United Kingdom,0
C545510,21533,RETROSPOT LARGE MILK JUG,-1,3/3/2011 11:56,4.95,15281,United Kingdom,-4.95
C558097,22167, OVAL WALL MIRROR DIAMANTE ,-2,6/26/2011 13:29,9.95,15532,United Kingdom,-19.9
C573092,20724,RED RETROSPOT CHARLOTTE BAG,-40,10/27/2011 14:38,0.72,13791,United Kingdom,-28.8
C537414,POST,POSTAGE,-1,12/6/2010 15:09,4.41,16861,United Kingdom,-4.41
581213,22576,check,-30,12/7/2011 18:38,0,Guest,United Kingdom,0
C555935,23208,LUNCH BAG VINTAGE LEAF DESIGN,-10,6/8/2011 9:14,1.65,12567,France,-16.5
C555244,21929,JUMBO BAG PINK VINTAGE PAISLEY,-2,6/1/2011 14:11,2.08,12779,Poland,-4.16
C554531,21494,ROTATING LEAVES T-LIGHT HOLDER,-2,5/24/2011 17:30,1.25,12463,Belgium,-2.5
C539486,22600,CHRISTMAS RETROSPOT STAR WOOD,-12,12/20/2010 8:27,0.85,18256,United Kingdom,-10.2
C560990,22629,SPACEBOY LUNCH BOX ,-6,7/22/2011 13:24,1.95,14056,United Kingdom,-11.7
C576561,22411,JUMBO SHOPPER VINTAGE RED PAISLEY,-2,11/15/2011 13:22,1.79,15311,United Kingdom,-3.58
C562147,22328,ROUND SNACK BOXES SET OF 4 FRUITS ,-1,8/3/2011 10:47,2.95,16180,United Kingdom,-2.95
C567885,22698,PINK REGENCY TEACUP AND SAUCER,-1,9/22/2011 15:17,2.95,12879,United Kingdom,-2.95
C574584,82483,WOOD 2 DRAWER CABINET WHITE FINISH,-32,11/4/2011 18:11,5.95,15482,United Kingdom,-190.4
C569038,23174,REGENCY SUGAR BOWL GREEN,-2,9/30/2011 10:46,4.15,12940,United Kingdom,-8.3
C557269,22423,REGENCY CAKESTAND 3 TIER,-1,6/19/2011 11:27,12.75,13097,United Kingdom,-12.75
C576409,23079,TOADSTOOL BEDSIDE LIGHT ,-4,11/15/2011 11:20,8.95,15298,United Kingdom,-35.8
C544696,22960,JAM MAKING SET WITH JARS,-6,2/23/2011 9:41,3.75,14735,United Kingdom,-22.5
C546320,22243,5 HOOK HANGER RED MAGIC TOADSTOOL,-4,3/11/2011 9:39,1.65,12708,Germany,-6.6
C547854,22530,MAGIC DRAWING SLATE DOLLY GIRL ,-24,3/27/2011 12:12,0.42,14586,United Kingdom,-10.08
C556635,22697,GREEN REGENCY TEACUP AND SAUCER,-1,6/13/2011 15:25,2.95,13505,Switzerland,-2.95
C569911,23079,TOADSTOOL BEDSIDE LIGHT ,-1,10/6/2011 16:47,8.95,16653,United Kingdom,-8.95
C577227,D,Discount,-1,11/18/2011 12:06,27.26,14527,United Kingdom,-27.26
C556640,22191,IVORY DINER WALL CLOCK,-1,6/13/2011 15:44,8.5,13148,United Kingdom,-8.5
C572334,22356,CHARLOTTE BAG PINK POLKADOT,-100,10/24/2011 10:25,0.72,14607,United Kingdom,-72
C542640,22423,REGENCY CAKESTAND 3 TIER,-4,1/31/2011 11:22,10.95,16839,United Kingdom,-43.8
C538681,M,Manual,-1,12/13/2010 17:12,316.3,Guest,United Kingdom,-316.3
C554336,23126,FELTCRAFT GIRL AMELIE KIT,-1,5/23/2011 17:20,4.95,12474,Germany,-4.95
C563604,22847,BREAD BIN DINER STYLE IVORY,-1,8/18/2011 6:28,14.95,15251,United Kingdom,-14.95
C561358,22303,COFFEE MUG APPLES DESIGN,-1,7/26/2011 15:10,2.1,12626,Germany,-2.1
578838,21591,check,-267,11/25/2011 15:52,0,Guest,United Kingdom,0
C547806,21232,STRAWBERRY CERAMIC TRINKET BOX,-1,3/25/2011 13:37,1.25,12528,Germany,-1.25
C552049,22081,RIBBON REEL FLORA + FAUNA ,-10,5/6/2011 10:00,1.65,17548,United Kingdom,-16.5
C546645,22171,3 HOOK PHOTO SHELF ANTIQUE WHITE,-12,3/15/2011 13:32,7.65,15311,United Kingdom,-91.8
C542060,20728,LUNCH BAG CARS BLUE,-3,1/25/2011 12:01,1.65,14680,United Kingdom,-4.95
C568879,21975,PACK OF 60 DINOSAUR CAKE CASES,-23,9/29/2011 12:38,0.42,14680,United Kingdom,-9.66
C554308,M,Manual,-1,5/23/2011 15:00,557.72,12757,Portugal,-557.72
C556647,22502,PICNIC BASKET WICKER SMALL,-4,6/13/2011 16:14,5.95,13012,United Kingdom,-23.8
567645,21447,Unknown,-53,9/21/2011 14:27,0,Guest,United Kingdom,0
C568532,22734,SET OF 6 RIBBONS VINTAGE CHRISTMAS,-6,9/27/2011 13:54,2.89,14356,United Kingdom,-17.34
C575980,22974,CHILDRENS DOLLY GIRL MUG,-1,11/13/2011 13:39,1.65,12867,United Kingdom,-1.65
C542089,22301,COFFEE MUG CAT + BIRD DESIGN,-3,1/25/2011 12:39,2.55,12681,France,-7.65
C561608,23296,SET OF 6 TEA TIME BAKING CASES,-4,7/28/2011 12:19,1.25,15827,United Kingdom,-5
C537860,21240,BLUE POLKADOT CUP,-8,12/8/2010 16:15,0.85,16252,United Kingdom,-6.8
C570828,90209A,PURPLE ENAMEL+GLASS HAIR COMB,-6,10/12/2011 13:15,2.1,14911,EIRE,-12.6
C566176,23348,CHILDRENS TOY COOKING UTENSIL SET,-2,9/9/2011 12:37,1.79,16133,United Kingdom,-3.58
C579878,82483,WOOD 2 DRAWER CABINET WHITE FINISH,-1,11/30/2011 17:12,6.95,17340,United Kingdom,-6.95
C558969,M,Manual,-2,7/5/2011 11:01,3.52,16729,United Kingdom,-7.04
C566953,23433,HANGING QUILTED PATCHWORK APPLES,-11,9/15/2011 16:37,0.83,15804,United Kingdom,-9.13
C562281,84976,RECTANGULAR SHAPED MIRROR,-2,8/4/2011 10:36,0.79,12476,Germany,-1.58
C569985,22964,3 PIECE SPACEBOY COOKIE CUTTER SET,-6,10/6/2011 19:51,2.1,15365,United Kingdom,-12.6
C578371,22964,3 PIECE SPACEBOY COOKIE CUTTER SET,-1,11/24/2011 11:16,2.1,14410,United Kingdom,-2.1
C557479,22720,SET OF 3 CAKE TINS PANTRY DESIGN ,-2,6/20/2011 13:56,4.25,16700,United Kingdom,-8.5
C580917,22273,FELTCRAFT DOLL MOLLY,-1,12/6/2011 13:57,2.95,13362,United Kingdom,-2.95
C567919,23169,CLASSIC GLASS COOKIE JAR,-3,9/22/2011 17:20,4.15,17037,United Kingdom,-12.45
C538891,22509,SEWING BOX RETROSPOT DESIGN ,-4,12/14/2010 16:39,14.95,16233,United Kingdom,-59.8
C555889,22656,VINTAGE BLUE KITCHEN CABINET,-1,6/7/2011 16:01,125,13476,United Kingdom,-125
C552029,23132,SMALL IVORY HEART WALL ORGANISER,-1,5/5/2011 18:11,5.75,15622,United Kingdom,-5.75
C554864,22960,JAM MAKING SET WITH JARS,-1,5/27/2011 10:36,4.25,15122,United Kingdom,-4.25
C567655,CRUK,CRUK Commission,-1,9/21/2011 14:40,608.66,14096,United Kingdom,-608.66
C578355,22596,CHRISTMAS STAR WISH LIST CHALKBOARD,-4,11/24/2011 10:13,1.25,14397,United Kingdom,-5
C540142,22667,RECIPE BOX RETROSPOT ,-2,1/5/2011 10:50,2.95,12782,Portugal,-5.9
C554333,84945,MULTI COLOUR SILVER T-LIGHT HOLDER,-2,5/23/2011 17:15,0.85,13310,United Kingdom,-1.7
C564955,22328,ROUND SNACK BOXES SET OF 4 FRUITS ,-2,8/31/2011 13:39,2.95,15786,United Kingdom,-5.9
C546128,22726,ALARM CLOCK BAKELIKE GREEN,-1,3/9/2011 15:05,3.75,15622,United Kingdom,-3.75
C566467,23199,JUMBO BAG APPLES,-14,9/12/2011 18:04,2.08,14688,United Kingdom,-29.12
C566071,23175,REGENCY MILK JUG PINK ,-19,9/8/2011 17:56,2.75,17997,United Kingdom,-52.25
549157,21511,Unknown,-9,4/6/2011 17:13,0,Guest,United Kingdom,0
C566384,22201,FRYING PAN BLUE POLKADOT,-1,9/12/2011 12:41,4.25,17811,United Kingdom,-4.25
C567682,23174,REGENCY SUGAR BOWL GREEN,-1,9/21/2011 16:28,4.15,17997,United Kingdom,-4.15
C567767,85123A,WHITE HANGING HEART T-LIGHT HOLDER,-12,9/22/2011 10:58,2.95,17460,United Kingdom,-35.4
C578371,21972,SET OF 36 DINOSAUR PAPER DOILIES,-1,11/24/2011 11:16,1.45,14410,United Kingdom,-1.45
C543239,84799,SPRIG LAVENDER ARTIFICIAL FLOWER,-12,2/4/2011 13:47,1.25,14462,United Kingdom,-15
C553910,22891,TEA FOR ONE POLKADOT,-1,5/19/2011 19:02,4.25,18168,United Kingdom,-4.25
C538723,22333,RETROSPOT PARTY BAG + STICKER SET,-7,12/14/2010 11:12,1.65,12434,Australia,-11.55
C581330,22959,WRAP CHRISTMAS VILLAGE,-25,12/8/2011 11:57,0.42,15877,United Kingdom,-10.5
C543817,22179,SET 10 LIGHTS NIGHT OWL,-1,2/13/2011 15:28,6.75,17841,United Kingdom,-6.75
C574946,22960,JAM MAKING SET WITH JARS,-2,11/8/2011 8:55,4.25,12656,France,-8.5
C556875,M,Manual,-1,6/15/2011 11:51,702.38,Guest,United Kingdom,-702.38
542531,DCGS0072,Unknown,-1,1/28/2011 13:08,0,Guest,United Kingdom,0
C569990,23243,SET OF TEA COFFEE SUGAR TINS PANTRY,-24,10/6/2011 20:11,4.15,15505,United Kingdom,-99.6
C580263,84817,DANISH ROSE DECORATIVE PLATE,-12,12/2/2011 12:43,2.1,12536,France,-25.2
C538341,84380,SET OF 3 BUTTERFLY COOKIE CUTTERS,-1,12/10/2010 14:03,1.25,15514,United Kingdom,-1.25
C552709,23146,TRIPLE HOOK ANTIQUE IVORY ROSE,-3,5/10/2011 16:27,3.29,12886,United Kingdom,-9.87
C581228,82494L,WOODEN FRAME ANTIQUE WHITE ,-6,12/8/2011 10:06,2.95,16019,United Kingdom,-17.7
C547725,22399,MAGNETS PACK OF 4 CHILDHOOD MEMORY,-6,3/25/2011 10:43,1.25,Guest,United Kingdom,-7.5
C562149,23203,JUMBO BAG DOILEY PATTERNS,-1,8/3/2011 10:49,2.08,13534,United Kingdom,-2.08
C540391,22274,FELTCRAFT DOLL EMILY,-1,1/6/2011 18:02,2.95,13047,United Kingdom,-2.95
C553530,72802A,ROSE SCENT CANDLE IN JEWELLED BOX,-1,5/17/2011 15:08,3.81,13777,United Kingdom,-3.81
C559983,23313,VINTAGE CHRISTMAS BUNTING,-8,7/14/2011 11:41,4.95,14562,United Kingdom,-39.6
C557624,M,Manual,-1,6/21/2011 14:22,5.8,16422,United Kingdom,-5.8
C559939,21232,STRAWBERRY CERAMIC TRINKET BOX,-12,7/14/2011 10:19,1.25,14426,United Kingdom,-15
C542138,20975,12 PENCILS SMALL TUBE RED RETROSPOT,-48,1/25/2011 17:21,0.65,17368,United Kingdom,-31.2
C556011,23155,KNICKERBOCKERGLORY MAGNET ASSORTED ,-6,6/8/2011 11:45,0.83,14475,United Kingdom,-4.98
550153,85167B,DAMAGED,-1,4/14/2011 14:44,0,Guest,United Kingdom,0
C569994,22728,ALARM CLOCK BAKELIKE PINK,-16,10/6/2011 20:33,3.75,15606,United Kingdom,-60
C541261,22476,EMPIRE UNION JACK TV DINNER TRAY,-8,1/16/2011 15:48,4.95,14404,United Kingdom,-39.6
C547725,22402,MAGNETS PACK OF 4 VINTAGE COLLAGE,-6,3/25/2011 10:43,1.25,Guest,United Kingdom,-7.5
562548,23084,Unknown,-84,8/5/2011 16:00,0,Guest,United Kingdom,0
C551948,22270,HAPPY EASTER HANGING DECORATION,-1,5/5/2011 11:21,3.39,17511,United Kingdom,-3.39
C556268,85066,CREAM SWEETHEART MINI CHEST,-2,6/9/2011 19:34,12.75,13317,United Kingdom,-25.5
C560540,23295,SET OF 12 MINI LOAF BAKING CASES,-2,7/19/2011 12:26,0.83,12415,Australia,-1.66
C570221,23207,LUNCH BAG ALPHABET DESIGN,-9,10/9/2011 12:56,1.65,13113,United Kingdom,-14.85
C540417,22326,ROUND SNACK BOXES SET OF4 WOODLAND ,-6,1/7/2011 10:56,2.95,13680,United Kingdom,-17.7
C569138,23118,PARISIENNE JEWELLERY DRAWER ,-1,9/30/2011 14:48,7.5,14911,EIRE,-7.5
C554540,23142,IVORY WIRE KITCHEN ORGANISER,-1,5/24/2011 17:49,9.15,15125,United Kingdom,-9.15
C559983,23082,SET 6 PAPER TABLE LANTERN HEARTS ,-12,7/14/2011 11:41,3.75,14562,United Kingdom,-45
C578832,22867,HAND WARMER BIRD DESIGN,-1,11/25/2011 15:18,2.1,13069,United Kingdom,-2.1
C550442,44234,ASSORTED CIRCULAR MOBILE,-2,4/18/2011 12:28,0.21,16550,United Kingdom,-0.42
C570099,85099B,JUMBO BAG RED RETROSPOT,-1,10/7/2011 12:11,1.65,13798,United Kingdom,-1.65
C542271,84927D,LA PALMIERA TILE HOOK,-2,1/27/2011 9:40,2.1,12637,France,-4.2
C538341,22728,ALARM CLOCK BAKELIKE PINK,-1,12/10/2010 14:03,3.75,15514,United Kingdom,-3.75
570712,22121,?,-90,10/12/2011 10:15,0,Guest,United Kingdom,0
C574894,21843,RED RETROSPOT CAKE STAND,-2,11/7/2011 14:43,10.95,12597,Spain,-21.9
C542604,21351,CINAMMON & ORANGE WREATH,-5,1/30/2011 12:35,6.75,13148,United Kingdom,-33.75
C554152,22933,BAKING MOULD EASTER EGG MILK CHOC,-12,5/23/2011 11:21,2.95,18257,United Kingdom,-35.4
C537383,22371,AIRLINE BAG VINTAGE TOKYO 78,-1,12/6/2010 13:17,4.25,16550,United Kingdom,-4.25
C581465,21876,POTTERING MUG,-4,12/8/2011 18:59,1.65,15755,United Kingdom,-6.6
C552701,20750,RED RETROSPOT MINI CASES,-1,5/10/2011 15:58,7.95,16094,United Kingdom,-7.95
548175,46115B,Unknown,-2,3/29/2011 14:19,0,Guest,United Kingdom,0
C576232,21259,VICTORIAN SEWING BOX SMALL ,-2,11/14/2011 13:25,5.95,15839,United Kingdom,-11.9
C580919,23469,CARD HOLDER LOVE BIRD SMALL,-2,12/6/2011 14:07,4.15,16571,United Kingdom,-8.3
C548972,21929,JUMBO BAG PINK VINTAGE PAISLEY,-10,4/5/2011 11:42,1.95,15674,United Kingdom,-19.5
C572334,22086,PAPER CHAIN KIT 50'S CHRISTMAS ,-120,10/24/2011 10:25,2.55,14607,United Kingdom,-306
C540097,22113,GREY HEART HOT WATER BOTTLE,-4,1/4/2011 15:46,3.75,15373,United Kingdom,-15
C570867,23518,EMBROIDERED RIBBON REEL RACHEL ,-6,10/12/2011 16:17,2.89,12607,USA,-17.34
C540307,79323B,BLACK CHERRY LIGHTS,-4,1/6/2011 12:58,6.75,15823,United Kingdom,-27
567363,23028,Unknown,-49,9/19/2011 16:58,0,Guest,United Kingdom,0
C570556,22570,FELTCRAFT CUSHION RABBIT,-240,10/11/2011 11:10,3.39,16029,United Kingdom,-813.6
548398,22482,Unknown,-66,3/30/2011 17:24,0,Guest,United Kingdom,0
C551778,21231,SWEETHEART CERAMIC TRINKET BOX,-2,5/4/2011 11:23,1.25,18220,United Kingdom,-2.5
C559666,22383,LUNCH BAG SUKI DESIGN ,-2,7/11/2011 13:37,1.65,14389,United Kingdom,-3.3
C543621,22767,TRIPLE PHOTO FRAME CORNICE ,-1,2/10/2011 14:59,9.95,14475,United Kingdom,-9.95
C550181,21244,BLUE POLKADOT PLATE ,-5,4/14/2011 17:43,1.69,13069,United Kingdom,-8.45
C577817,22947,WOODEN ADVENT CALENDAR RED,-1,11/22/2011 9:17,7.95,13081,United Kingdom,-7.95
C581409,22781,GUMBALL MAGAZINE RACK,-1,12/8/2011 14:08,7.65,12476,Germany,-7.65
C566467,21212,PACK OF 72 RETROSPOT CAKE CASES,-17,9/12/2011 18:04,0.55,14688,United Kingdom,-9.35
C544557,84949,SILVER HANGING T-LIGHT HOLDER,-5,2/21/2011 12:31,1.65,17422,United Kingdom,-8.25
C577066,M,Manual,-30,11/17/2011 14:49,1,15563,United Kingdom,-30
C546320,22467,GUMBALL COAT RACK,-3,3/11/2011 9:39,2.55,12708,Germany,-7.65
C580919,22766,PHOTO FRAME CORNICE,-8,12/6/2011 14:07,2.95,16571,United Kingdom,-23.6
C574897,AMAZONFEE,AMAZON FEE,-1,11/7/2011 15:03,5877.18,Guest,United Kingdom,-5877.18
C568096,18097C,WHITE TALL PORCELAIN T-LIGHT HOLDER,-288,9/23/2011 14:50,1.95,17867,United Kingdom,-561.6
C572750,21623,VINTAGE UNION JACK MEMOBOARD,-1,10/25/2011 17:07,9.95,14395,United Kingdom,-9.95
545857,20681,MIA,-154,3/7/2011 13:56,0,Guest,United Kingdom,0
560423,16169K,Unknown,-25,7/18/2011 15:15,0,Guest,United Kingdom,0
C575082,79191C,RETRO PLASTIC ELEPHANT TRAY,-12,11/8/2011 13:30,0.85,12613,Germany,-10.2
C550812,85066,CREAM SWEETHEART MINI CHEST,-2,4/20/2011 16:28,12.75,15655,United Kingdom,-25.5
C570221,22960,JAM MAKING SET WITH JARS,-1,10/9/2011 12:56,4.25,13113,United Kingdom,-4.25
C573010,21216,"SET 3 RETROSPOT TEA,COFFEE,SUGAR",-1,10/27/2011 12:29,4.95,13735,United Kingdom,-4.95
C579783,23597,PAPER BUNTING PAISLEY PARK,-6,11/30/2011 15:21,2.95,17727,United Kingdom,-17.7
C539710,82483,WOOD 2 DRAWER CABINET WHITE FINISH,-1,12/21/2010 12:35,5.95,14769,United Kingdom,-5.95
C543042,22087,PAPER BUNTING WHITE LACE,-12,2/2/2011 17:09,2.95,17337,United Kingdom,-35.4
C563363,21579,LOLITA  DESIGN  COTTON TOTE BAG,-6,8/15/2011 16:20,2.25,15342,United Kingdom,-13.5
C564488,84978,HANGING HEART JAR T-LIGHT HOLDER,-11,8/25/2011 14:12,1.25,16859,United Kingdom,-13.75
C553528,BANK CHARGES,Bank Charges,-1,5/17/2011 14:58,82.73,Guest,United Kingdom,-82.73
C570290,84029G,KNITTED UNION FLAG HOT WATER BOTTLE,-8,10/10/2011 11:54,4.25,14665,United Kingdom,-34
C565962,22665,RECIPE BOX BLUE SKETCHBOOK DESIGN,-1,9/8/2011 11:25,2.95,14410,United Kingdom,-2.95
C545537,21908,CHOCOLATE THIS WAY METAL SIGN,-2,3/3/2011 14:14,2.1,16212,United Kingdom,-4.2
C569985,22624,IVORY KITCHEN SCALES,-2,10/6/2011 19:51,8.5,15365,United Kingdom,-17
C539291,22178,VICTORIAN GLASS HANGING T-LIGHT,-3,12/16/2010 16:42,1.25,18075,United Kingdom,-3.75
C570556,22273,FELTCRAFT DOLL MOLLY,-720,10/11/2011 11:10,2.3,16029,United Kingdom,-1656
C561328,22423,REGENCY CAKESTAND 3 TIER,-3,7/26/2011 13:54,10.95,12471,Germany,-32.85
C539221,22942,CHRISTMAS LIGHTS 10 SANTAS ,-10,12/16/2010 12:56,8.5,14911,EIRE,-85
575613,23118,check,-6,11/10/2011 12:47,0,Guest,United Kingdom,0
C548469,M,Manual,-2,3/31/2011 12:32,10.95,14543,United Kingdom,-21.9
C543431,22551,PLASTERS IN TIN SPACEBOY,-1,2/8/2011 11:37,1.65,12474,Germany,-1.65
C576248,23486,ANTIQUE HEART SHELF UNIT,-6,11/14/2011 13:47,14.55,16639,United Kingdom,-87.3
C576232,22138,BAKING SET 9 PIECE RETROSPOT ,-2,11/14/2011 13:25,4.95,15839,United Kingdom,-9.9
C545444,22698,PINK REGENCY TEACUP AND SAUCER,-2,3/2/2011 16:24,2.95,13767,United Kingdom,-5.9
C548503,22070,SMALL RED RETROSPOT MUG IN BOX ,-1,3/31/2011 14:23,3.75,14410,United Kingdom,-3.75
C557515,21429,RED GINGHAM ROSE JEWELLERY BOX,-1,6/20/2011 17:05,1.95,17463,United Kingdom,-1.95
C562601,M,Manual,-144,8/8/2011 10:09,0.11,12901,United Kingdom,-15.84
C562795,21877,HOME SWEET HOME MUG,-1,8/9/2011 14:23,1.25,13709,United Kingdom,-1.25
C567365,48138,DOORMAT UNION FLAG,-1,9/19/2011 16:59,8.25,15443,United Kingdom,-8.25
C560409,20717,STRAWBERRY SHOPPER BAG,-10,7/18/2011 14:24,1.25,16717,United Kingdom,-12.5
C567691,21669,BLUE STRIPE CERAMIC DRAWER KNOB,-34,9/21/2011 17:04,1.45,17567,United Kingdom,-49.3
C577547,23165,LARGE CERAMIC TOP STORAGE JAR,-1,11/20/2011 14:48,1.65,17841,United Kingdom,-1.65
C580649,22666,RECIPE BOX PANTRY YELLOW DESIGN,-1,12/5/2011 13:20,2.95,14777,United Kingdom,-2.95
C569949,22804,CANDLEHOLDER PINK HANGING HEART,-2,10/6/2011 18:27,2.95,12584,Italy,-5.9
549010,21684,Unknown,-62,4/5/2011 14:39,0,Guest,United Kingdom,0
C579785,22845,VINTAGE CREAM CAT FOOD CONTAINER,-3,11/30/2011 15:29,6.35,12584,Italy,-19.05
C563258,22061,LARGE CAKE STAND  HANGING STRAWBERY,-2,8/15/2011 12:08,8.5,15311,United Kingdom,-17
C562795,22428,ENAMEL FIRE BUCKET CREAM,-2,8/9/2011 14:23,6.95,13709,United Kingdom,-13.9
C544118,21705,BAG 500g SWIRLY MARBLES,-12,2/16/2011 11:49,1.65,16306,United Kingdom,-19.8
C548503,22649,STRAWBERRY FAIRY CAKE TEAPOT,-2,3/31/2011 14:23,4.95,14410,United Kingdom,-9.9
C577692,22798,ANTIQUE GLASS DRESSING TABLE POT,-2,11/21/2011 11:47,2.95,14426,United Kingdom,-5.9
C559468,75049L,LARGE CIRCULAR MIRROR MOBILE,-13,7/8/2011 13:36,1.25,14905,United Kingdom,-16.25
C566187,M,Manual,-1,9/9/2011 13:03,110.45,14096,United Kingdom,-110.45
C578371,22554,PLASTERS IN TIN WOODLAND ANIMALS,-2,11/24/2011 11:16,1.65,14410,United Kingdom,-3.3
C564492,S,SAMPLES,-1,8/25/2011 14:16,34.9,Guest,United Kingdom,-34.9
C547798,22967,SET 3 SONG BIRD PAPER EGGS ASSORTED,-12,3/25/2011 12:43,2.95,17204,United Kingdom,-35.4
C580263,85175,CACTI T-LIGHT CANDLES,-16,12/2/2011 12:43,0.42,12536,France,-6.72
C542426,22074,6 RIBBONS SHIMMERING PINKS ,-12,1/28/2011 9:32,1.65,14146,United Kingdom,-19.8
C580966,22600,CHRISTMAS RETROSPOT STAR WOOD,-4,12/6/2011 14:52,0.85,16554,United Kingdom,-3.4
C542426,85199S,SMALL HANGING IVORY/RED WOOD BIRD,-24,1/28/2011 9:32,0.42,14146,United Kingdom,-10.08
C577348,M,Manual,-1,11/18/2011 15:30,1149.98,Guest,United Kingdom,-1149.98
C567714,21730,GLASS STAR FROSTED T-LIGHT HOLDER,-1,9/22/2011 10:11,4.95,16316,United Kingdom,-4.95
C537797,22469,HEART OF WICKER SMALL,-1,12/8/2010 13:07,1.45,13113,United Kingdom,-1.45
C550494,20829,GLITTER HANGING BUTTERFLY STRING,-1,4/18/2011 14:54,1.69,15311,United Kingdom,-1.69
C550647,22960,JAM MAKING SET WITH JARS,-6,4/19/2011 16:33,4.25,13134,United Kingdom,-25.5
C567704,23153,ZINC SWEETHEART WIRE LETTER RACK,-4,9/22/2011 9:41,3.75,17716,United Kingdom,-15
C538341,22725,ALARM CLOCK BAKELIKE CHOCOLATE,-1,12/10/2010 14:03,3.75,15514,United Kingdom,-3.75
C558859,22781,GUMBALL MAGAZINE RACK,-1,7/4/2011 12:17,7.65,17841,United Kingdom,-7.65
C548460,22960,JAM MAKING SET WITH JARS,-6,3/31/2011 11:58,4.25,16801,United Kingdom,-25.5
C574922,23158,SET OF 5 LUCKY CAT MAGNETS ,-12,11/7/2011 16:39,2.08,15502,United Kingdom,-24.96
C542101,22937,BAKING MOULD CHOCOLATE CUPCAKES,-7,1/25/2011 13:15,2.55,12471,Germany,-17.85
C544583,S,SAMPLES,-1,2/21/2011 14:48,39.5,Guest,United Kingdom,-39.5
C580313,37450,CERAMIC CAKE BOWL + HANGING CAKES,-1,12/2/2011 15:10,2.95,12668,Germany,-2.95
C577547,35970,ZINC FOLKART SLEIGH BELLS,-4,11/20/2011 14:48,1.69,17841,United Kingdom,-6.76
C542140,22929,SCHOOL DESK AND CHAIR ,-2,1/25/2011 17:33,65,12947,United Kingdom,-130
C538350,20725,LUNCH BAG RED RETROSPOT,-3,12/10/2010 15:01,1.45,13798,United Kingdom,-4.35
C579347,23225,CHERUB HEART DECORATION SILVER ,-36,11/29/2011 11:47,0.83,17658,United Kingdom,-29.88
C552856,22423,REGENCY CAKESTAND 3 TIER,-1,5/11/2011 15:17,12.75,14288,United Kingdom,-12.75
C572529,21907,I'M ON HOLIDAY METAL SIGN,-12,10/24/2011 15:52,2.1,17675,United Kingdom,-25.2
C569989,23298,SPOTTY BUNTING,-4,10/6/2011 20:08,4.95,16839,United Kingdom,-19.8
C540382,21868,POTTING SHED TEA MUG,-4,1/6/2011 17:38,1.25,12957,United Kingdom,-5
C553033,POST,POSTAGE,-1,5/12/2011 19:50,3.5,13883,United Kingdom,-3.5
C572968,21314,SMALL GLASS HEART TRINKET POT,-15,10/27/2011 10:46,1.85,14764,United Kingdom,-27.75
C578832,21673,WHITE SPOT BLUE CERAMIC DRAWER KNOB,-9,11/25/2011 15:18,1.45,13069,United Kingdom,-13.05
C542273,22301,COFFEE MUG CAT + BIRD DESIGN,-1,1/27/2011 10:01,2.55,12578,Italy,-2.55
C573779,23008,DOLLY GIRL BABY GIFT SET,-2,11/1/2011 10:57,16.95,16360,United Kingdom,-33.9
C569995,22086,PAPER CHAIN KIT 50'S CHRISTMAS ,-40,10/6/2011 20:36,2.55,14557,United Kingdom,-102
C559486,85123A,WHITE HANGING HEART T-LIGHT HOLDER,-1,7/8/2011 13:51,2.95,13047,United Kingdom,-2.95
569121,21244,Unknown,-38,9/30/2011 13:03,0,Guest,United Kingdom,0
C568582,22236,CAKE STAND 3 TIER MAGIC GARDEN,-1,9/28/2011 10:02,12.75,13014,United Kingdom,-12.75
C538695,22900, SET 2 TEA TOWELS I LOVE LONDON ,-1,12/14/2010 10:01,2.95,14032,United Kingdom,-2.95
563244,22740,Unknown,-36,8/15/2011 10:49,0,Guest,United Kingdom,0
C567690,23199,JUMBO BAG APPLES,-9,9/21/2011 17:01,2.08,15810,United Kingdom,-18.72
549172,21637,Unknown,-139,4/6/2011 17:27,0,Guest,United Kingdom,0
C558882,21314,SMALL GLASS HEART TRINKET POT,-3,7/4/2011 14:47,2.1,13767,United Kingdom,-6.3
C548307,21714,CITRONELLA CANDLE GARDEN POT,-6,3/30/2011 11:59,1.25,17314,United Kingdom,-7.5
C560855,22742,MAKE YOUR OWN PLAYTIME CARD KIT,-2,7/21/2011 13:00,2.95,14410,United Kingdom,-5.9
C552720,22969,HOMEMADE JAM SCENTED CANDLES,-2,5/11/2011 9:49,1.45,18272,United Kingdom,-2.9
C543175,22171,3 HOOK PHOTO SHELF ANTIQUE WHITE,-2,2/4/2011 9:46,8.5,12712,Germany,-17
C557663,84692,BOX OF 24 COCKTAIL PARASOLS,-25,6/21/2011 17:59,0.42,Guest,EIRE,-10.5
C566468,22840,ROUND CAKE TIN VINTAGE RED,-1,9/12/2011 18:14,6.95,13319,United Kingdom,-6.95
C576831,22071,SMALL WHITE RETROSPOT MUG IN BOX ,-244,11/16/2011 14:56,0.5,12748,United Kingdom,-122
C541961,22767,TRIPLE PHOTO FRAME CORNICE ,-2,1/24/2011 12:58,9.95,17799,United Kingdom,-19.9
C574473,22781,GUMBALL MAGAZINE RACK,-2,11/4/2011 12:05,7.65,15809,United Kingdom,-15.3
C568534,22432,WATERING CAN PINK BUNNY,-6,9/27/2011 13:57,1.95,12579,France,-11.7
C578371,84987,SET OF 36 TEATIME PAPER DOILIES,-1,11/24/2011 11:16,1.45,14410,United Kingdom,-1.45
C570867,21668,RED STRIPE CERAMIC DRAWER KNOB,-12,10/12/2011 16:17,1.45,12607,USA,-17.4
C544576,BANK CHARGES,Bank Charges,-1,2/21/2011 14:01,149.16,Guest,United Kingdom,-149.16
C567685,23006,TRAVEL CARD WALLET FLOWER MEADOW,-3,9/21/2011 16:35,0.42,16394,United Kingdom,-1.26
C542273,21936,RED RETROSPOT PICNIC BAG,-2,1/27/2011 10:01,2.95,12578,Italy,-5.9
C546948,S,SAMPLES,-1,3/18/2011 11:20,50.99,Guest,United Kingdom,-50.99
C571499,23056,FLOWERS CHANDELIER T-LIGHT HOLDER,-48,10/17/2011 15:07,5.39,12454,Spain,-258.72
561482,21432,Unknown,-2,7/27/2011 13:39,0,Guest,United Kingdom,0
C538702,84826,ASSTD DESIGN 3D PAPER STICKERS,-60,12/14/2010 10:28,0.85,13008,United Kingdom,-51
C539945,22667,RECIPE BOX RETROSPOT ,-1,12/23/2010 11:40,2.95,17069,United Kingdom,-2.95
C570867,22951,60 CAKE CASES DOLLY GIRL DESIGN,-24,10/12/2011 16:17,0.55,12607,USA,-13.2
543259,84612B,thrown away,-162,2/4/2011 16:07,0,Guest,United Kingdom,0
C551018,20712,JUMBO BAG WOODLAND ANIMALS,-2,4/26/2011 11:19,1.95,12705,Germany,-3.9
C553519,22138,BAKING SET 9 PIECE RETROSPOT ,-2,5/17/2011 14:16,4.95,18218,United Kingdom,-9.9
567366,21174,Unknown,-138,9/19/2011 16:59,0,Guest,United Kingdom,0
C564907,85066,CREAM SWEETHEART MINI CHEST,-1,8/31/2011 12:24,12.75,18225,United Kingdom,-12.75
C579785,22847,BREAD BIN DINER STYLE IVORY,-3,11/30/2011 15:29,16.95,12584,Italy,-50.85
C558037,AMAZONFEE,AMAZON FEE,-1,6/24/2011 12:33,4534.24,Guest,United Kingdom,-4534.24
C576247,23566,EGG CUP MILKMAID HEIDI,-4,11/14/2011 13:42,1.25,13139,United Kingdom,-5
C566784,85048,15CM CHRISTMAS GLASS BALL 20 LIGHTS,-7,9/15/2011 10:27,6.95,14915,United Kingdom,-48.65
C540417,22328,ROUND SNACK BOXES SET OF 4 FRUITS ,-5,1/7/2011 10:56,2.95,13680,United Kingdom,-14.75
C559347,22161,HEART DECORATION RUSTIC HANGING ,-24,7/7/2011 17:22,0.19,18072,United Kingdom,-4.56
C580701,23243,SET OF TEA COFFEE SUGAR TINS PANTRY,-3,12/5/2011 16:25,4.95,14793,United Kingdom,-14.85
C560866,22325,MOBILE VINTAGE HEARTS ,-1,7/21/2011 14:04,4.95,14410,United Kingdom,-4.95
C559939,22456,NATURAL SLATE CHALKBOARD LARGE ,-3,7/14/2011 10:19,4.95,14426,United Kingdom,-14.85
575614,22121,check,-10,11/10/2011 12:48,0,Guest,United Kingdom,0
C577369,22271,FELTCRAFT DOLL ROSIE,-2,11/18/2011 16:20,2.95,14132,United Kingdom,-5.9
576767,22339,check,-60,11/16/2011 13:12,0,Guest,United Kingdom,0
C566071,23174,REGENCY SUGAR BOWL GREEN,-18,9/8/2011 17:56,4.15,17997,United Kingdom,-74.7
C569952,23203,JUMBO BAG VINTAGE DOILY ,-2,10/6/2011 18:30,2.08,16160,United Kingdom,-4.16
560440,84029E,Unknown,-1,7/18/2011 16:36,0,Guest,United Kingdom,0
C560540,23229,VINTAGE DONKEY TAIL GAME ,-1,7/19/2011 12:26,3.75,12415,Australia,-3.75
568079,85197,Unknown,-1,9/23/2011 14:35,0,Guest,United Kingdom,0
C540165,84817,DANISH ROSE DECORATIVE PLATE,-1,1/5/2011 12:05,2.1,18109,United Kingdom,-2.1
C563608,21845,DAIRY MAID STRIPE MUG,-2,8/18/2011 6:33,0.79,17719,United Kingdom,-1.58
C559667,22699,ROSES REGENCY TEACUP AND SAUCER ,-2,7/11/2011 13:38,2.95,13267,United Kingdom,-5.9
C566584,21156,RETROSPOT CHILDRENS APRON,-2,9/13/2011 13:59,1.95,17779,United Kingdom,-3.9
549456,47341A,Unknown,-6,4/8/2011 14:19,0,Guest,United Kingdom,0
C569114,22601,CHRISTMAS RETROSPOT ANGEL WOOD,-2,9/30/2011 12:50,0.85,14911,EIRE,-1.7
C541231,22278,OVERNIGHT BAG VINTAGE ROSE PAISLEY,-3,1/14/2011 16:55,4.95,13455,United Kingdom,-14.85
C548508,23176,ABC TREASURE BOOK BOX ,-1,3/31/2011 14:51,2.25,14189,United Kingdom,-2.25
C555881,22328,ROUND SNACK BOXES SET OF 4 FRUITS ,-1,6/7/2011 15:37,2.95,12473,Germany,-2.95
C557154,82486,WOOD S/3 CABINET ANT WHITE FINISH,-2,6/17/2011 11:07,8.95,15296,United Kingdom,-17.9
C565050,23198,PANTRY MAGNETIC  SHOPPING LIST,-10,8/31/2011 17:10,1.45,12381,Norway,-14.5
551450,21410,Unknown,-4,4/28/2011 16:00,0,Guest,United Kingdom,0
C571838,22120,WELCOME  WOODEN BLOCK LETTERS,-3,10/19/2011 12:12,9.95,17841,United Kingdom,-29.85
C543638,21232,STRAWBERRY CERAMIC TRINKET BOX,-3,2/10/2011 16:40,1.25,16403,United Kingdom,-3.75
C563598,22845,VINTAGE CREAM CAT FOOD CONTAINER,-1,8/18/2011 6:21,6.35,14305,United Kingdom,-6.35
C561011,POST,POSTAGE,-1,7/22/2011 16:05,3.15,17612,United Kingdom,-3.15
561256,DCGS0003,ebay,-7,7/26/2011 11:53,0,Guest,United Kingdom,0
C581229,21508,VINTAGE KID DOLLY CARD ,-12,12/8/2011 10:14,0.42,12558,USA,-5.04
C569128,22727,ALARM CLOCK BAKELIKE RED ,-1,9/30/2011 13:34,3.75,15034,United Kingdom,-3.75
542575,85126,Unknown,-1,1/28/2011 14:55,0,Guest,United Kingdom,0
578473,72807B,damages,-101,11/24/2011 12:43,0,Guest,United Kingdom,0
542555,21841,Unknown,-1,1/28/2011 14:50,0,Guest,United Kingdom,0
C558110,22423,REGENCY CAKESTAND 3 TIER,-4,6/26/2011 15:47,12.75,17731,United Kingdom,-51
C542426,22075,6 RIBBONS ELEGANT CHRISTMAS ,-12,1/28/2011 9:32,1.65,14146,United Kingdom,-19.8
C542271,84927E,FLOWERS TILE HOOK,-2,1/27/2011 9:40,2.1,12637,France,-4.2
C566071,23172,REGENCY TEA PLATE PINK,-22,9/8/2011 17:56,1.45,17997,United Kingdom,-31.9
566765,22244,Unknown,-9,9/14/2011 17:50,0,Guest,United Kingdom,0
C546162,85178,VICTORIAN SEWING KIT,-144,3/10/2011 9:53,1.25,17404,Sweden,-180
C548463,82483,WOOD 2 DRAWER CABINET WHITE FINISH,-46,3/31/2011 12:11,5.95,13225,United Kingdom,-273.7
C557515,22470,HEART OF WICKER LARGE,-2,6/20/2011 17:05,2.95,17463,United Kingdom,-5.9
C539063,22191,IVORY DINER WALL CLOCK,-6,12/15/2010 16:50,8.5,15107,United Kingdom,-51
C542910,22169,FAMILY ALBUM WHITE PICTURE FRAME,-1,2/1/2011 15:38,7.65,17511,United Kingdom,-7.65
C562953,22649,STRAWBERRY FAIRY CAKE TEAPOT,-1,8/11/2011 10:12,4.95,16180,United Kingdom,-4.95
565046,22606,Unknown,-49,8/31/2011 17:04,0,Guest,United Kingdom,0
C537838,22299,PIG KEYRING WITH LIGHT & SOUND ,-4,12/8/2010 15:01,1.25,13115,United Kingdom,-5
C573756,22072,RED RETROSPOT TEA CUP AND SAUCER ,-1,11/1/2011 9:46,3.75,17865,United Kingdom,-3.75
C567902,20982,12 PENCILS TALL TUBE SKULLS,-1,9/22/2011 16:29,0.85,15555,United Kingdom,-0.85
C564281,22720,SET OF 3 CAKE TINS PANTRY DESIGN ,-1,8/24/2011 10:54,4.95,14796,United Kingdom,-4.95
C538118,22910,PAPER CHAIN KIT VINTAGE CHRISTMAS,-1,12/9/2010 15:33,2.95,17700,United Kingdom,-2.95
C568410,POST,POSTAGE,-1,9/27/2011 10:42,80,12748,United Kingdom,-80
547487,84596E,Unknown,-153,3/23/2011 11:29,0,Guest,United Kingdom,0
578426,23131,Unknown,-12,11/24/2011 12:03,0,Guest,United Kingdom,0
C566205,22355,CHARLOTTE BAG SUKI DESIGN,-5,9/9/2011 14:58,0.85,16362,United Kingdom,-4.25
C555727,22171,3 HOOK PHOTO SHELF ANTIQUE WHITE,-2,6/6/2011 16:24,8.5,15737,United Kingdom,-17
C559502,21913,VINTAGE SEASIDE JIGSAW PUZZLES,-1,7/8/2011 14:53,3.75,13338,United Kingdom,-3.75
C545449,37446,MINI CAKE STAND WITH HANGING CAKES,-3,3/2/2011 16:38,1.45,16573,United Kingdom,-4.35
C548972,22385,JUMBO BAG SPACEBOY DESIGN,-10,4/5/2011 11:42,1.95,15674,United Kingdom,-19.5
571131,72802B,check,-51,10/14/2011 10:13,0,Guest,United Kingdom,0
C575160,23247,BISCUIT TIN 50'S CHRISTMAS,-1,11/8/2011 16:23,2.89,14911,EIRE,-2.89
C536815,22178,VICTORIAN GLASS HANGING T-LIGHT,-1,12/2/2010 17:05,1.25,14443,United Kingdom,-1.25
C566088,23245,SET OF 3 REGENCY CAKE TINS,-1,9/9/2011 10:24,4.95,14911,EIRE,-4.95
C553801,22236,CAKE STAND 3 TIER MAGIC GARDEN,-24,5/19/2011 11:05,10.95,17526,United Kingdom,-262.8
C560540,21503,TOYBOX  WRAP ,-1,7/19/2011 12:26,0.42,12415,Australia,-0.42
C539644,22897,OVEN MITT APPLES DESIGN,-1,12/20/2010 15:52,1.45,12471,Germany,-1.45
C553150,82482,WOODEN PICTURE FRAME WHITE FINISH,-1,5/13/2011 14:22,2.55,17841,United Kingdom,-2.55
C537402,22926,IVORY GIANT GARDEN THERMOMETER,-4,12/6/2010 14:43,5.95,15502,United Kingdom,-23.8
C546901,22968,ROSE COTTAGE KEEPSAKE BOX ,-1,3/17/2011 18:29,9.95,14112,United Kingdom,-9.95
C564142,22244,3 HOOK HANGER MAGIC GARDEN,-1,8/23/2011 11:49,1.95,12477,Germany,-1.95
C542091,22442,GROW YOUR OWN FLOWERS SET OF 3,-1,1/25/2011 12:41,7.95,17091,United Kingdom,-7.95
C566946,21314,SMALL GLASS HEART TRINKET POT,-1,9/15/2011 16:27,2.1,15122,United Kingdom,-2.1
C568799,M,Manual,-2,9/29/2011 10:34,90,17450,United Kingdom,-180
576674,21823,damaged,-6,11/16/2011 12:00,0,Guest,United Kingdom,0
C547309,37495,FAIRY CAKE BIRTHDAY CANDLE SET,-12,3/22/2011 11:17,3.75,17416,United Kingdom,-45
C565597,22666,RECIPE BOX PANTRY YELLOW DESIGN,-1,9/5/2011 14:29,2.95,12709,Germany,-2.95
573752,46000S,dotcom sales,-90,11/1/2011 9:34,0,Guest,United Kingdom,0
C572551,CRUK,CRUK Commission,-1,10/24/2011 17:07,425.14,14096,United Kingdom,-425.14
C558354,22999,TRAVEL CARD WALLET VINTAGE LEAF,-2,6/28/2011 14:57,0.42,14854,United Kingdom,-0.84
C566090,20685,DOORMAT RED RETROSPOT,-10,9/9/2011 10:32,7.08,12477,Germany,-70.8
C544682,85099F,JUMBO BAG STRAWBERRY,-1,2/22/2011 16:29,1.65,17511,United Kingdom,-1.65
C569985,22617,BAKING SET SPACEBOY DESIGN,-3,10/6/2011 19:51,4.95,15365,United Kingdom,-14.85
562464,20701,Unknown,-24,8/5/2011 11:31,0,Guest,United Kingdom,0
C567681,20727,LUNCH BAG  BLACK SKULL.,-5,9/21/2011 16:24,1.65,15433,United Kingdom,-8.25
C570099,21932,SCANDINAVIAN PAISLEY PICNIC BAG,-2,10/7/2011 12:11,1.65,13798,United Kingdom,-3.3
C546267,22046,TEA PARTY  WRAPPING PAPER ,-9,3/10/2011 15:02,0.42,15093,United Kingdom,-3.78
C558106,21669,BLUE STRIPE CERAMIC DRAWER KNOB,-1,6/26/2011 14:59,1.25,13668,United Kingdom,-1.25
C556293,85123A,WHITE HANGING HEART T-LIGHT HOLDER,-18,6/10/2011 9:30,2.95,13094,United Kingdom,-53.1
C540270,20725,LUNCH BAG RED RETROSPOT,-1,1/6/2011 11:40,1.45,14680,United Kingdom,-1.45
C569959,23224,CHERUB HEART DECORATION GOLD,-2,10/6/2011 18:39,0.83,13983,United Kingdom,-1.66
C545507,22361,GLASS JAR DAISY FRESH COTTON WOOL,-5,3/3/2011 11:43,2.95,12565,Saudi Arabia,-14.75
C575580,23487,SWEET HEART CAKE CARRIER,-1,11/10/2011 11:51,9.95,13599,United Kingdom,-9.95
C549288,22788,BROCANTE COAT RACK,-1,4/7/2011 18:06,9.95,14527,United Kingdom,-9.95
C551180,84536B,FAIRY CAKES NOTEBOOK A7 SIZE,-16,4/26/2011 17:32,0.42,14586,United Kingdom,-6.72
C574137,23075,PARLOUR CERAMIC WALL HOOK,-10,11/3/2011 11:21,4.15,14505,United Kingdom,-41.5
C557037,22192,BLUE DINER WALL CLOCK,-1,6/16/2011 13:56,8.5,16814,United Kingdom,-8.5
C549253,22727,ALARM CLOCK BAKELIKE RED ,-1,4/7/2011 12:20,3.75,12408,Belgium,-3.75
C542395,85126,LARGE ROUND CUTGLASS CANDLESTICK,-1,1/27/2011 15:12,6.75,17389,United Kingdom,-6.75
C553687,75049L,LARGE CIRCULAR MIRROR MOBILE,-3,5/18/2011 14:01,0.85,15311,United Kingdom,-2.55
571723,85211,Unknown,-1,10/18/2011 17:30,0,Guest,United Kingdom,0
581204,85104,????damages????,-355,12/7/2011 18:32,0,Guest,United Kingdom,0
C554863,22460,EMBOSSED GLASS TEALIGHT HOLDER,-1,5/27/2011 10:35,1.25,15660,United Kingdom,-1.25
C546740,21455,PAINTED YELLOW WOODEN DAISY,-13,3/16/2011 12:13,0.85,16983,United Kingdom,-11.05
C556647,21703,BAG 125g SWIRLY MARBLES,-12,6/13/2011 16:14,0.42,13012,United Kingdom,-5.04
C537251,22620,4 TRADITIONAL SPINNING TOPS,-8,12/6/2010 10:45,1.25,Guest,United Kingdom,-10
C538693,22942,CHRISTMAS LIGHTS 10 SANTAS ,-1,12/14/2010 9:59,8.5,16558,United Kingdom,-8.5
567058,22453,Unknown,-12,9/16/2011 11:40,0,Guest,United Kingdom,0
C571860,22625,RED KITCHEN SCALES,-1,10/19/2011 13:42,8.5,14175,United Kingdom,-8.5
C551466,22859,EASTER TIN BUNNY BOUQUET,-6,4/28/2011 16:18,1.65,14189,United Kingdom,-9.9
548986,21210,Unknown,-177,4/5/2011 12:46,0,Guest,United Kingdom,0
C557647,23286,BLUE VINTAGE SPOT BEAKER,-1,6/21/2011 17:13,0.85,17139,United Kingdom,-0.85
569379,16015,Unknown,-69,10/3/2011 16:33,0,Guest,United Kingdom,0
C568370,90148,LONG SILVER NECKLACE PASTEL FLOWER,-1,9/26/2011 16:43,12.75,15154,United Kingdom,-12.75
C542402,22847,BREAD BIN DINER STYLE IVORY,-1,1/27/2011 16:05,16.95,16124,United Kingdom,-16.95
C547388,84050,PINK HEART SHAPE EGG FRYING PAN,-12,3/22/2011 16:07,1.65,12352,Norway,-19.8
C562117,20712,JUMBO BAG WOODLAND ANIMALS,-2,8/2/2011 16:20,2.08,16628,United Kingdom,-4.16
C563856,21788,KIDS RAIN MAC BLUE,-20,8/19/2011 15:39,0.85,13090,United Kingdom,-17
547595,82483,Unknown,-12,3/24/2011 11:20,0,Guest,United Kingdom,0
C549731,21399,BLUE POLKADOT COFFEE MUG,-48,4/11/2011 16:36,0.39,13266,United Kingdom,-18.72
C549666,37447,CERAMIC CAKE DESIGN SPOTTED PLATE,-1,4/11/2011 12:17,1.49,13113,United Kingdom,-1.49
C562657,POST,POSTAGE,-1,8/8/2011 13:39,4.41,13588,United Kingdom,-4.41
C557663,21121,SET/10 RED POLKADOT PARTY CANDLES,-24,6/21/2011 17:59,1.25,Guest,EIRE,-30
C559608,22581,WOOD STOCKING CHRISTMAS SCANDISPOT,-2,7/11/2011 11:44,0.85,14690,United Kingdom,-1.7
C579547,23245,SET OF 3 REGENCY CAKE TINS,-1,11/30/2011 10:42,4.95,16764,United Kingdom,-4.95
C536642,21463,MIRRORED DISCO BALL ,-1,12/2/2010 11:56,5.95,14390,United Kingdom,-5.95
C560540,21974,SET OF 36 PAISLEY FLOWER DOILIES,-1,7/19/2011 12:26,1.45,12415,Australia,-1.45
C575327,85048,15CM CHRISTMAS GLASS BALL 20 LIGHTS,-2,11/9/2011 13:47,7.95,14911,EIRE,-15.9
C551018,22667,RECIPE BOX RETROSPOT ,-6,4/26/2011 11:19,2.95,12705,Germany,-17.7
562390,21246,Unknown,-92,8/4/2011 16:00,0,Guest,United Kingdom,0
574198,21159,damaged,-40,11/3/2011 12:00,0,Guest,United Kingdom,0
C540246,84006,MAGIC TREE -PAPER FLOWERS,-1,1/5/2011 15:43,0.85,13081,United Kingdom,-0.85
C573764,23206,LUNCH BAG APPLE DESIGN,-2,11/1/2011 9:56,1.65,13032,United Kingdom,-3.3
C539575,21363,HOME SMALL WOOD LETTERS,-1,12/20/2010 12:23,4.95,13089,United Kingdom,-4.95
C554688,22637,PIGGY BANK RETROSPOT ,-1,5/25/2011 16:50,2.55,14442,Channel Islands,-2.55
C560409,82482,WOODEN PICTURE FRAME WHITE FINISH,-6,7/18/2011 14:24,2.55,16717,United Kingdom,-15.3
549028,84569A,Unknown,-18,4/5/2011 17:02,0,Guest,United Kingdom,0
C571473,21232,STRAWBERRY CERAMIC TRINKET BOX,-3,10/17/2011 14:38,1.06,12679,France,-3.18
C577363,23235,STORAGE TIN VINTAGE LEAF,-3,11/18/2011 16:17,2.89,12697,Sweden,-8.67
C580714,20979,36 PENCILS TUBE RED RETROSPOT,-4,12/5/2011 16:39,1.25,12479,Germany,-5
559314,84584,?,-50,7/7/2011 13:51,0,Guest,United Kingdom,0
C538119,22633,HAND WARMER UNION JACK,-1,12/9/2010 15:34,2.1,13136,United Kingdom,-2.1
C550672,23199,JUMBO BAG APPLES,-100,4/20/2011 10:10,1.79,12457,Switzerland,-179
C552805,84951A,SET OF 4 PISTACHIO LOVEBIRD COASTER,-24,5/11/2011 12:34,0.79,14149,United Kingdom,-18.96
543261,84613C,Unknown,-173,2/4/2011 16:08,0,Guest,United Kingdom,0
C563603,22358,KINGS CHOICE TEA CADDY ,-1,8/18/2011 6:28,2.95,17302,United Kingdom,-2.95
C546131,22978,PANTRY ROLLING PIN,-6,3/9/2011 15:08,3.75,16057,United Kingdom,-22.5
C546864,21539,RED RETROSPOT BUTTER DISH,-2,3/17/2011 15:42,4.95,13319,United Kingdom,-9.9
C536814,21586,KINGS CHOICE GIANT TUBE MATCHES,-12,12/2/2010 17:03,2.55,13958,United Kingdom,-30.6
C557663,21212,PACK OF 72 RETROSPOT CAKE CASES,-24,6/21/2011 17:59,0.55,Guest,EIRE,-13.2
C571196,20725,LUNCH BAG RED RETROSPOT,-10,10/14/2011 12:02,1.65,Guest,United Kingdom,-16.5
C538647,22781,GUMBALL MAGAZINE RACK,-1,12/13/2010 14:56,7.65,15808,United Kingdom,-7.65
C580954,84997A,CHILDRENS CUTLERY POLKADOT GREEN ,-9,12/6/2011 14:19,3.75,12967,United Kingdom,-33.75
C557663,15056N,EDWARDIAN PARASOL NATURAL,-12,6/21/2011 17:59,5.95,Guest,EIRE,-71.4
C556276,78033,FLAG OF ST GEORGE CHAIR,-1,6/9/2011 19:48,5.95,14696,United Kingdom,-5.95
C565848,21931,JUMBO STORAGE BAG SUKI,-1,9/7/2011 12:48,2.08,14606,United Kingdom,-2.08
C569655,23302,KNEELING MAT HOUSEWORK  DESIGN,-1,10/5/2011 12:58,1.65,14534,United Kingdom,-1.65
577787,23055,rusty thrown away,-398,11/21/2011 16:28,0,Guest,United Kingdom,0
C570867,23351,ROLL WRAP 50'S CHRISTMAS,-12,10/12/2011 16:17,1.25,12607,USA,-15
C574922,22659,LUNCH BOX I LOVE LONDON,-12,11/7/2011 16:39,1.95,15502,United Kingdom,-23.4
540560,21589,Unknown,-14,1/10/2011 10:08,0,Guest,United Kingdom,0
549176,35603B,Unknown,-12,4/6/2011 17:31,0,Guest,United Kingdom,0
C569410,23029,DRAWER KNOB CRACKLE GLAZE GREEN,-6,10/4/2011 9:48,1.65,13364,United Kingdom,-9.9
C540846,37342,POLKADOT COFFEE CUP & SAUCER PINK,-24,1/11/2011 16:59,0.85,13162,United Kingdom,-20.4
C543431,22090,PAPER BUNTING RETROSPOT,-1,2/8/2011 11:37,2.95,12474,Germany,-2.95
C559533,20914,SET/5 RED RETROSPOT LID GLASS BOWLS,-1,7/10/2011 12:10,2.95,17126,United Kingdom,-2.95
C546865,22699,ROSES REGENCY TEACUP AND SAUCER ,-2,3/17/2011 15:46,2.95,14226,United Kingdom,-5.9
555335,84804B,Unknown,-96,6/2/2011 11:13,0,Guest,United Kingdom,0
C574825,22900,SET 2 TEA TOWELS I LOVE LONDON ,-12,11/7/2011 10:58,3.25,16678,United Kingdom,-39
C537860,22049,WRAP CHRISTMAS SCREEN PRINT,-25,12/8/2010 16:15,0.42,16252,United Kingdom,-10.5
561364,84415B,Unknown,-4,7/26/2011 15:42,0,Guest,United Kingdom,0
C536760,22175,PINK OWL SOFT TOY,-1,12/2/2010 14:29,2.95,17547,United Kingdom,-2.95
C557653,84946,ANTIQUE SILVER T-LIGHT GLASS,-4,6/21/2011 17:25,1.25,14040,United Kingdom,-5
C567902,22382,LUNCH BAG SPACEBOY DESIGN ,-1,9/22/2011 16:29,1.65,15555,United Kingdom,-1.65
C562144,21643,ASSORTED TUTTI FRUTTI MIRROR,-12,8/3/2011 10:43,1.25,12757,Portugal,-15
C542644,84678,CLASSICAL ROSE SMALL VASE,-2,1/31/2011 11:33,1.25,15497,United Kingdom,-2.5
C565089,22553,PLASTERS IN TIN SKULLS,-12,9/1/2011 10:27,1.65,12645,Germany,-19.8
C576831,22070,SMALL RED RETROSPOT MUG IN BOX ,-234,11/16/2011 14:56,0.5,12748,United Kingdom,-117
C579913,71477,COLOURED GLASS STAR T-LIGHT HOLDER,-1,12/1/2011 8:55,3.95,14626,United Kingdom,-3.95
C560540,23255,CHILDRENS CUTLERY CIRCUS PARADE,-1,7/19/2011 12:26,4.15,12415,Australia,-4.15
C554689,22644,CERAMIC CHERRY CAKE MONEY BANK,-1,5/25/2011 16:51,1.45,15027,United Kingdom,-1.45
555822,35809A,Unknown,-13,6/7/2011 12:04,0,Guest,United Kingdom,0
C570450,75049L,LARGE CIRCULAR MIRROR MOBILE,-6,10/10/2011 15:00,0.85,13224,United Kingdom,-5.1
569392,47504K,Unknown,-275,10/3/2011 17:15,0,Guest,United Kingdom,0
C564427,21628,TRIANGULAR POUFFE VINTAGE ,-2,8/25/2011 11:18,14.95,17841,United Kingdom,-29.9
C556888,22167, OVAL WALL MIRROR DIAMANTE ,-1,6/15/2011 12:37,9.95,15005,United Kingdom,-9.95
C569636,22993,SET OF 4 PANTRY JELLY MOULDS,-2,10/5/2011 12:14,1.25,12841,United Kingdom,-2.5
C569985,84879,ASSORTED COLOUR BIRD ORNAMENT,-16,10/6/2011 19:51,1.69,15365,United Kingdom,-27.04
C557663,22726,ALARM CLOCK BAKELIKE GREEN,-9,6/21/2011 17:59,3.75,Guest,EIRE,-33.75
C567963,23263,SET OF 3 WOODEN HEART DECORATIONS,-12,9/23/2011 9:19,1.25,14141,United Kingdom,-15
C571499,82482,WOODEN PICTURE FRAME WHITE FINISH,-72,10/17/2011 15:07,2.55,12454,Spain,-183.6
C575575,23494,VINTAGE DOILY DELUXE SEWING KIT ,-3,11/10/2011 11:44,5.95,17652,United Kingdom,-17.85
C542643,22087,PAPER BUNTING WHITE LACE,-6,1/31/2011 11:29,2.95,13615,United Kingdom,-17.7
C568598,84032B,CHARLIE + LOLA RED HOT WATER BOTTLE,-2,9/28/2011 11:19,2.95,15737,United Kingdom,-5.9
C551513,22191,IVORY DINER WALL CLOCK,-1,4/28/2011 19:52,8.5,16592,United Kingdom,-8.5
C560540,21933,PINK VINTAGE PAISLEY PICNIC BAG,-1,7/19/2011 12:26,1.65,12415,Australia,-1.65
C569995,23318,BOX OF 6 MINI VINTAGE CRACKERS,-24,10/6/2011 20:36,2.49,14557,United Kingdom,-59.76
C554330,22072,RED RETROSPOT TEA CUP AND SAUCER ,-3,5/23/2011 17:08,3.75,12749,United Kingdom,-11.25
C539709,84978,HANGING HEART JAR T-LIGHT HOLDER,-1,12/21/2010 12:33,1.25,18176,United Kingdom,-1.25
C571711,23245,SET OF 3 REGENCY CAKE TINS,-1,10/18/2011 16:21,4.95,15296,United Kingdom,-4.95
C573779,23165,LARGE CERAMIC TOP STORAGE JAR,-1,11/1/2011 10:57,1.65,16360,United Kingdom,-1.65
C562139,21313,GLASS HEART T-LIGHT HOLDER ,-4,8/3/2011 10:10,0.85,12921,United Kingdom,-3.4
C567708,85099B,JUMBO BAG RED RETROSPOT,-8,9/22/2011 9:53,2.08,15201,United Kingdom,-16.64
C546777,84978,HANGING HEART JAR T-LIGHT HOLDER,-2,3/16/2011 16:23,1.06,17080,United Kingdom,-2.12
C570194,22938,CUPCAKE LACE PAPER SET 6,-12,10/7/2011 15:36,1.95,16918,United Kingdom,-23.4
C549252,22666,RECIPE BOX PANTRY YELLOW DESIGN,-3,4/7/2011 12:18,2.55,16584,United Kingdom,-7.65
C558347,S,SAMPLES,-1,6/28/2011 14:47,4.95,Guest,United Kingdom,-4.95
C576235,23048,SET OF 10 LANTERNS FAIRY LIGHT STAR,-3,11/14/2011 13:28,4.15,17769,United Kingdom,-12.45
579683,21868,check,-28,11/30/2011 13:35,0,Guest,United Kingdom,0
C542376,M,Manual,-2,1/27/2011 13:44,2.55,13777,United Kingdom,-5.1
C546880,22423,REGENCY CAKESTAND 3 TIER,-1,3/17/2011 17:16,12.75,13093,United Kingdom,-12.75
575722,85123A,wrongly marked carton 22804,-256,11/10/2011 18:20,0,Guest,United Kingdom,0
C557224,84978,HANGING HEART JAR T-LIGHT HOLDER,-2,6/17/2011 13:22,1.06,15311,United Kingdom,-2.12
C571029,22149,FELTCRAFT 6 FLOWER FRIENDS,-2,10/13/2011 12:23,2.1,13035,United Kingdom,-4.2
C570867,16161P,WRAP ENGLISH ROSE ,-25,10/12/2011 16:17,0.42,12607,USA,-10.5
C578124,22492,MINI PAINT SET VINTAGE ,-2,11/23/2011 10:30,0.65,14049,United Kingdom,-1.3
C538059,21533,RETROSPOT LARGE MILK JUG,-3,12/9/2010 13:38,4.95,14205,United Kingdom,-14.85
C570099,20914,SET/5 RED RETROSPOT LID GLASS BOWLS,-1,10/7/2011 12:11,2.55,13798,United Kingdom,-2.55
C548469,21528,DAIRY MAID TRADITIONAL TEAPOT ,-2,3/31/2011 12:32,5.95,14543,United Kingdom,-11.9
C569958,23292,SPACEBOY CHILDRENS CUP,-8,10/6/2011 18:38,1.25,13266,United Kingdom,-10
C558444,23206,LUNCH BAG APPLE DESIGN,-1,6/29/2011 13:29,1.45,15311,United Kingdom,-1.45
C579756,71477,COLOURED GLASS STAR T-LIGHT HOLDER,-1,11/30/2011 14:54,3.95,14733,United Kingdom,-3.95
C548915,22329,ROUND CONTAINER SET OF 5 RETROSPOT,-12,4/5/2011 9:53,1.65,12668,Germany,-19.8
549350,84597B,Unknown,-13,4/8/2011 11:14,0,Guest,United Kingdom,0
C569114,22698,PINK REGENCY TEACUP AND SAUCER,-1,9/30/2011 12:50,2.95,14911,EIRE,-2.95
573726,72817,check,-67,10/31/2011 17:18,0,Guest,United Kingdom,0
C539067,21262,WHITE GOOSE FEATHER CHRISTMAS TREE ,-1,12/15/2010 16:55,16.95,15194,United Kingdom,-16.95
C566467,20728,LUNCH BAG CARS BLUE,-9,9/12/2011 18:04,1.65,14688,United Kingdom,-14.85
C569985,21915,RED  HARMONICA IN BOX ,-12,10/6/2011 19:51,1.25,15365,United Kingdom,-15
C572109,23397,FOOT STOOL HOME SWEET HOME ,-1,10/20/2011 18:24,9.95,13350,United Kingdom,-9.95
C573755,35923,CANDY HEART HANGING DECORATION,-1,11/1/2011 9:41,0.39,13028,United Kingdom,-0.39
C562953,22064,PINK DOUGHNUT TRINKET POT ,-1,8/11/2011 10:12,1.65,16180,United Kingdom,-1.65
C542092,20723,STRAWBERRY CHARLOTTE BAG,-2,1/25/2011 12:45,0.72,14389,United Kingdom,-1.44
C558531,22424,ENAMEL BREAD BIN CREAM,-1,6/30/2011 11:31,12.75,15039,United Kingdom,-12.75
C570828,90003B,ROSE COLOUR PAIR HEART HAIR SLIDES,-4,10/12/2011 13:15,3.75,14911,EIRE,-15
542571,85031C,Unknown,-1,1/28/2011 14:54,0,Guest,United Kingdom,0
C570867,22027,TEA PARTY BIRTHDAY CARD,-12,10/12/2011 16:17,0.42,12607,USA,-5.04
C569851,20725,LUNCH BAG RED RETROSPOT,-1,10/6/2011 14:02,1.45,17511,United Kingdom,-1.45
542569,85028L,Unknown,-1,1/28/2011 14:53,0,Guest,United Kingdom,0
C559486,22720,SET OF 3 CAKE TINS PANTRY DESIGN ,-1,7/8/2011 13:51,4.95,13047,United Kingdom,-4.95
C569526,22796,PHOTO FRAME 3 CLASSIC HANGING,-1,10/4/2011 14:51,9.95,15044,United Kingdom,-9.95
C570867,21915,RED  HARMONICA IN BOX ,-12,10/12/2011 16:17,1.25,12607,USA,-15
C568418,22282,12 EGG HOUSE PAINTED WOOD,-1,9/27/2011 11:11,12.75,15763,United Kingdom,-12.75
C550511,37449,CERAMIC CAKE STAND + HANGING CAKES,-6,4/18/2011 16:25,8.5,13798,United Kingdom,-51
C575153,22947,WOODEN ADVENT CALENDAR RED,-1,11/8/2011 16:15,33.17,Guest,United Kingdom,-33.17
C545307,20793,BLUE TILED TRAY,-5,3/1/2011 13:05,6.75,17027,United Kingdom,-33.75
C566578,M,Manual,-1,9/13/2011 13:33,92.93,Guest,United Kingdom,-92.93
C564907,22720,SET OF 3 CAKE TINS PANTRY DESIGN ,-1,8/31/2011 12:24,4.95,18225,United Kingdom,-4.95
C539667,22784,LANTERN CREAM GAZEBO ,-1,12/21/2010 10:47,4.95,13148,United Kingdom,-4.95
551571,47591A,Unknown,-6,5/3/2011 11:14,0,Guest,United Kingdom,0
C557663,22503,CABIN BAG VINTAGE PAISLEY,-6,6/21/2011 17:59,24.95,Guest,EIRE,-149.7
C556269,20794,BLUE  TILE HOOK,-8,6/9/2011 19:36,2.55,13456,United Kingdom,-20.4
C553999,23169,CLASSIC GLASS COOKIE JAR,-2,5/20/2011 11:52,4.15,13408,United Kingdom,-8.3
C542089,22300,COFFEE MUG DOG + BALL DESIGN,-2,1/25/2011 12:39,2.55,12681,France,-5.1
C568879,23205,CHARLOTTE BAG VINTAGE ALPHABET ,-70,9/29/2011 12:38,0.72,14680,United Kingdom,-50.4
C539707,22890,NOVELTY BISCUITS CAKE STAND 3 TIER,-2,12/21/2010 12:17,9.95,18223,United Kingdom,-19.9
C554127,M,Manual,-96,5/23/2011 9:24,5,17949,United Kingdom,-480
C558189,84631,FRUIT TREE AND BIRDS WALL PLAQUE,-2,6/27/2011 12:16,7.95,15996,United Kingdom,-15.9
C556268,22072,RED RETROSPOT TEA CUP AND SAUCER ,-6,6/9/2011 19:34,3.75,13317,United Kingdom,-22.5
547337,85025C,barcode problem,-230,3/22/2011 11:47,0,Guest,United Kingdom,0
C559486,23112,PARISIENNE CURIO CABINET,-2,7/8/2011 13:51,7.5,13047,United Kingdom,-15
C558080,22840,ROUND CAKE TIN VINTAGE RED,-1,6/26/2011 11:35,7.95,15104,United Kingdom,-7.95
562546,20694,?,-110,8/5/2011 15:46,0,Guest,United Kingdom,0
565310,21829,?missing,-1897,9/2/2011 12:26,0,Guest,United Kingdom,0
C572027,22147,FELTCRAFT BUTTERFLY HEARTS,-2,10/20/2011 11:44,1.45,15754,United Kingdom,-2.9
C543749,M,Manual,-1,2/11/2011 13:55,71.46,13672,United Kingdom,-71.46
C540949,22962,JAM JAR WITH PINK LID,-2,1/12/2011 12:49,0.85,13093,United Kingdom,-1.7
C538833,22356,CHARLOTTE BAG PINK POLKADOT,-2,12/14/2010 13:05,0.85,14680,United Kingdom,-1.7
C578669,23582,VINTAGE DOILY JUMBO BAG RED ,-1,11/24/2011 17:14,2.08,17323,United Kingdom,-2.08
C567347,22666,RECIPE BOX PANTRY YELLOW DESIGN,-4,9/19/2011 15:54,2.95,15465,United Kingdom,-11.8
C546997,22945,CHRISTMAS METAL TAGS ASSORTED ,-6,3/18/2011 13:32,0.85,12748,United Kingdom,-5.1
C574019,22738,RIBBON REEL SNOWY VILLAGE,-120,11/2/2011 12:05,1.45,12415,Australia,-174
C540030,22070,SMALL RED RETROSPOT MUG IN BOX ,-24,1/4/2011 13:47,3.75,16029,United Kingdom,-90
C560395,22846,BREAD BIN DINER STYLE RED ,-2,7/18/2011 13:47,14.95,15125,United Kingdom,-29.9
567629,40016,?,-752,9/21/2011 13:21,0,Guest,United Kingdom,0
C569554,20727,LUNCH BAG  BLACK SKULL.,-2,10/4/2011 17:51,1.65,16401,United Kingdom,-3.3
C556729,23165,LARGE CERAMIC TOP STORAGE JAR,-2,6/14/2011 11:37,1.65,13319,United Kingdom,-3.3
C555006,23300,GARDENERS KNEELING PAD CUP OF TEA ,-96,5/31/2011 9:51,1.45,13694,United Kingdom,-139.2
C570867,21232,STRAWBERRY CERAMIC TRINKET BOX,-12,10/12/2011 16:17,1.25,12607,USA,-15
C575160,23301,GARDENERS KNEELING PAD KEEP CALM ,-2,11/8/2011 16:23,1.65,14911,EIRE,-3.3
C550475,21166,COOK WITH WINE METAL SIGN ,-1,4/18/2011 13:59,1.85,13798,United Kingdom,-1.85
C548532,21843,RED RETROSPOT CAKE STAND,-24,3/31/2011 17:16,9.95,14031,United Kingdom,-238.8
C558312,22699,ROSES REGENCY TEACUP AND SAUCER ,-1,6/28/2011 11:30,2.95,12955,United Kingdom,-2.95
C570867,22139,RETROSPOT TEA SET CERAMIC 11 PC ,-3,10/12/2011 16:17,4.95,12607,USA,-14.85
569874,90180A,stock check,-32,10/6/2011 15:06,0,Guest,United Kingdom,0
C564908,22726,ALARM CLOCK BAKELIKE GREEN,-1,8/31/2011 12:26,3.75,17705,United Kingdom,-3.75
C575651,23329,DECORATIVE WICKER HEART LARGE,-3,11/10/2011 14:26,1.65,17653,United Kingdom,-4.95
C537444,22580,ADVENT CALENDAR GINGHAM SACK,-8,12/7/2010 8:42,5.95,14850,United Kingdom,-47.6
C579886,22594,CHRISTMAS GINGHAM TREE,-1,11/30/2011 17:39,0.85,15676,United Kingdom,-0.85
C538341,22621,TRADITIONAL KNITTING NANCY,-48,12/10/2010 14:03,1.25,15514,United Kingdom,-60
C567767,22925,BLUE GIANT GARDEN THERMOMETER,-4,9/22/2011 10:58,5.95,17460,United Kingdom,-23.8
540651,82599,?,-290,1/10/2011 15:00,0,Guest,United Kingdom,0
C563608,22624,IVORY KITCHEN SCALES,-1,8/18/2011 6:33,8.5,17719,United Kingdom,-8.5
C569829,D,Discount,-1,10/6/2011 12:37,16.07,14527,United Kingdom,-16.07
C575004,23284,DOORMAT KEEP CALM AND COME IN,-4,11/8/2011 11:17,8.25,13587,United Kingdom,-33
C568879,22354,RETROSPOT PADDED SEAT CUSHION,-1,9/29/2011 12:38,3.39,14680,United Kingdom,-3.39
C570902,71279,PINK GLASS CANDLEHOLDER,-1,10/13/2011 10:53,2.95,17724,United Kingdom,-2.95
561249,DCGS0073,ebay,-4,7/26/2011 11:51,0,Guest,United Kingdom,0
C570012,23403,LETTER HOLDER HOME SWEET HOME,-1,10/7/2011 9:53,3.75,15344,United Kingdom,-3.75
C545329,M,Manual,-1,3/1/2011 15:47,183.75,12352,Norway,-183.75
C545436,22383,LUNCH BAG SUKI DESIGN ,-1,3/2/2011 15:52,1.65,13093,United Kingdom,-1.65
C540270,22197,SMALL POPCORN HOLDER,-3,1/6/2011 11:40,0.85,14680,United Kingdom,-2.55
C541821,84631,FRUIT TREE AND BIRDS WALL PLAQUE,-1,1/21/2011 16:41,7.95,15281,United Kingdom,-7.95
C537856,21843,RED RETROSPOT CAKE STAND,-1,12/8/2010 15:59,10.95,14388,United Kingdom,-10.95
C568138,M,Manual,-144,9/25/2011 10:43,0.36,16689,United Kingdom,-51.84
C580165,22797,CHEST OF DRAWERS GINGHAM HEART ,-2,12/2/2011 11:21,16.95,12359,Cyprus,-33.9
C568689,22494,EMERGENCY FIRST AID TIN ,-1,9/28/2011 14:42,1.25,17841,United Kingdom,-1.25
C546416,85098B,BLUE FLYING SINGING CANARY,-1,3/13/2011 10:48,3.75,14800,United Kingdom,-3.75
C578832,23321,SMALL WHITE HEART OF WICKER,-12,11/25/2011 15:18,1.65,13069,United Kingdom,-19.8
C539071,22423,REGENCY CAKESTAND 3 TIER,-1,12/15/2010 17:04,12.75,17820,United Kingdom,-12.75
C539644,20914,SET/5 RED RETROSPOT LID GLASS BOWLS,-5,12/20/2010 15:52,2.95,12471,Germany,-14.75
C552552,48129,DOORMAT TOPIARY,-10,5/10/2011 10:51,6.75,16525,United Kingdom,-67.5
C551139,21352,EUCALYPTUS & PINECONE  WREATH,-6,4/26/2011 13:10,6.75,17061,United Kingdom,-40.5
C558444,21929,JUMBO BAG PINK VINTAGE PAISLEY,-1,6/29/2011 13:29,1.79,15311,United Kingdom,-1.79
C550455,22383,LUNCH BAG SUKI DESIGN ,-1,4/18/2011 13:02,1.65,13098,United Kingdom,-1.65
C572489,23323,WHITE WICKER STAR ,-1,10/24/2011 13:59,2.1,17119,United Kingdom,-2.1
C569682,84968C,SET OF 16 VINTAGE PISTACHIO CUTLERY,-1,10/5/2011 14:33,12.75,15351,United Kingdom,-12.75
C575223,22973,CHILDREN'S CIRCUS PARADE MUG,-1,11/9/2011 11:33,1.65,12472,Germany,-1.65
C550463,23176,ABC TREASURE BOOK BOX ,-8,4/18/2011 13:28,2.25,13157,United Kingdom,-18
C561239,84755,COLOUR GLASS T-LIGHT HOLDER HANGING,-4,7/26/2011 10:32,0.65,Guest,EIRE,-2.6
C580312,23544,WALL ART MID CENTURY MODERN ,-1,12/2/2011 15:09,8.25,13969,United Kingdom,-8.25
556299,21937,?,-161,6/10/2011 10:17,0,Guest,United Kingdom,0
C542704,22178,VICTORIAN GLASS HANGING T-LIGHT,-42,1/31/2011 12:48,1.06,15189,United Kingdom,-44.52
C540781,22171,3 HOOK PHOTO SHELF ANTIQUE WHITE,-1,1/11/2011 11:22,8.5,16875,United Kingdom,-8.5
C570828,90177A,CLASSIC DIAMANTE EARRINGS JET,-6,10/12/2011 13:15,2.95,14911,EIRE,-17.7
C552258,21258,VICTORIAN SEWING BOX LARGE,-1,5/8/2011 11:09,12.75,16923,United Kingdom,-12.75
C539273,22791,T-LIGHT GLASS FLUTED ANTIQUE,-1,12/16/2010 15:30,1.25,13209,United Kingdom,-1.25
C538089,21906,PHARMACIE FIRST AID TIN,-1,12/9/2010 14:47,6.75,18230,United Kingdom,-6.75
C566978,21317,GLASS SPHERE CANDLE STAND MEDIUM,-1,9/16/2011 9:52,4.95,14177,United Kingdom,-4.95
C570828,90182C,BLACK 3 BEAD DROP EARRINGS,-6,10/12/2011 13:15,2.95,14911,EIRE,-17.7
C541492,20931,BLUE POT PLANT CANDLE ,-1,1/18/2011 14:24,3.75,Guest,United Kingdom,-3.75
C555598,22699,ROSES REGENCY TEACUP AND SAUCER ,-1,6/6/2011 10:57,2.95,15095,United Kingdom,-2.95
C562887,23077,DOUGHNUT LIP GLOSS ,-20,8/10/2011 11:43,1.25,17994,United Kingdom,-25
C541833,22634,CHILDS BREAKFAST SET SPACEBOY ,-1,1/21/2011 17:18,9.95,17644,United Kingdom,-9.95
C549530,22998,TRAVEL CARD WALLET KEEP CALM,-1,4/8/2011 17:03,0.42,13863,United Kingdom,-0.42
C542693,15036,ASSORTED COLOURS SILK FAN,-600,1/31/2011 12:36,0.65,12908,United Kingdom,-390
C557883,79191C,RETRO PLASTIC ELEPHANT TRAY,-1,6/23/2011 13:30,0.85,17611,United Kingdom,-0.85
572690,21539,damages?,-111,10/25/2011 14:14,0,Guest,United Kingdom,0
C572488,22636,CHILDS BREAKFAST SET CIRCUS PARADE,-2,10/24/2011 13:57,8.5,12474,Germany,-17
C558745,21733,RED HANGING HEART T-LIGHT HOLDER,-1,7/1/2011 17:02,2.95,14415,United Kingdom,-2.95
C564206,22067,CHOC TRUFFLE GOLD TRINKET POT ,-3,8/24/2011 9:04,1.45,14301,United Kingdom,-4.35
C557062,84950,ASSORTED COLOUR T-LIGHT HOLDER,-2,6/16/2011 14:56,0.65,13213,United Kingdom,-1.3
C562582,23008,DOLLY GIRL BABY GIFT SET,-1,8/7/2011 13:53,16.95,15640,United Kingdom,-16.95
C559666,23207,LUNCH BAG ALPHABET DESIGN,-1,7/11/2011 13:37,1.65,14389,United Kingdom,-1.65
C568138,21821,GLITTER STAR GARLAND WITH BELLS ,-12,9/25/2011 10:43,3.75,16689,United Kingdom,-45
C572441,M,Manual,-1,10/24/2011 12:08,177.04,Guest,United Kingdom,-177.04
C539244,21427,SKULLS STORAGE BOX SMALL,-1,12/16/2010 13:24,2.1,14606,United Kingdom,-2.1
C560540,21843,RED RETROSPOT CAKE STAND,-1,7/19/2011 12:26,10.95,12415,Australia,-10.95
C581409,22364,GLASS JAR DIGESTIVE BISCUITS,-2,12/8/2011 14:08,2.95,12476,Germany,-5.9
C571499,72802C,VANILLA SCENT CANDLE JEWELLED BOX,-288,10/17/2011 15:07,1.25,12454,Spain,-360
C579748,23229,VINTAGE DONKEY TAIL GAME ,-1,11/30/2011 14:41,3.75,14875,United Kingdom,-3.75
C536814,21527,RED RETROSPOT TRADITIONAL TEAPOT ,-2,12/2/2010 17:03,7.95,13958,United Kingdom,-15.9
C570889,22846,BREAD BIN DINER STYLE RED ,-1,10/13/2011 10:49,16.95,13954,United Kingdom,-16.95
551326,85017A,Unknown,-2,4/27/2011 15:51,0,Guest,United Kingdom,0
C565323,47566,PARTY BUNTING,-1,9/2/2011 13:16,4.95,14606,United Kingdom,-4.95
C577737,22734,SET OF 6 RIBBONS VINTAGE CHRISTMAS,-12,11/21/2011 13:25,2.89,15681,United Kingdom,-34.68
563148,21033,Unknown,-37,8/12/2011 11:35,0,Guest,United Kingdom,0
C569949,23243,SET OF TEA COFFEE SUGAR TINS PANTRY,-2,10/6/2011 18:27,4.95,12584,Italy,-9.9
C548908,72807A,SET/3 ROSE CANDLE IN JEWELLED BOX,-1,4/5/2011 8:25,4.25,18108,United Kingdom,-4.25
549008,21281,Unknown,-31,4/5/2011 14:38,0,Guest,United Kingdom,0
C537251,22418,10 COLOUR SPACEBOY PEN,-7,12/6/2010 10:45,0.85,Guest,United Kingdom,-5.95
C571325,M,Manual,-1,10/17/2011 11:09,339.02,12783,Portugal,-339.02
C556493,21899,"KEY FOB , GARAGE DESIGN",-1,6/12/2011 14:56,0.65,17802,United Kingdom,-0.65
C560289,84816,DANISH ROSE BEDSIDE CABINET,-1,7/18/2011 10:14,39.95,16398,United Kingdom,-39.95
558448,22163,Unknown,-90,6/29/2011 13:40,0,Guest,United Kingdom,0
C562375,23166,MEDIUM CERAMIC TOP STORAGE JAR,-12,8/4/2011 14:46,1.25,14911,EIRE,-15
C578355,84946,ANTIQUE SILVER T-LIGHT GLASS,-2,11/24/2011 10:13,1.25,14397,United Kingdom,-2.5
C559498,23245,SET OF 3 REGENCY CAKE TINS,-2,7/8/2011 14:06,4.95,15078,United Kingdom,-9.9
C548972,22698,PINK REGENCY TEACUP AND SAUCER,-6,4/5/2011 11:42,2.95,15674,United Kingdom,-17.7
C569410,46000S,POLYESTER FILLER PAD 40x40cm,-8,10/4/2011 9:48,1.45,13364,United Kingdom,-11.6
C577159,20931,BLUE POT PLANT CANDLE ,-11,11/18/2011 9:58,2.95,15406,United Kingdom,-32.45
C558739,84970S,HANGING HEART ZINC T-LIGHT HOLDER,-12,7/1/2011 15:35,0.85,16570,United Kingdom,-10.2
C536820,22877,NUMBER TILE COTTAGE GARDEN 9,-1,12/2/2010 17:14,1.95,18168,United Kingdom,-1.95
C549783,84751B,BLACK MEDIUM GLASS CAKE STAND,-1,4/12/2011 11:50,0.79,16558,United Kingdom,-0.79
C551285,37450,CERAMIC CAKE BOWL + HANGING CAKES,-1,4/27/2011 14:07,2.95,15005,United Kingdom,-2.95
C565848,22713,CARD I LOVE LONDON ,-8,9/7/2011 12:48,0.42,14606,United Kingdom,-3.36
C569985,23256,CHILDRENS CUTLERY SPACEBOY ,-4,10/6/2011 19:51,4.15,15365,United Kingdom,-16.6
C567708,22990,COTTON APRON PANTRY DESIGN,-6,9/22/2011 9:53,4.95,15201,United Kingdom,-29.7
C548460,22624,IVORY KITCHEN SCALES,-2,3/31/2011 11:58,8.5,16801,United Kingdom,-17
C542426,22745,POPPY'S PLAYHOUSE BEDROOM ,-6,1/28/2011 9:32,2.1,14146,United Kingdom,-12.6
C574524,22947,WOODEN ADVENT CALENDAR RED,-2,11/4/2011 13:53,7.95,17841,United Kingdom,-15.9
544343,22867,Unknown,-99,2/18/2011 9:45,0,Guest,United Kingdom,0
C581464,23458,DOLLY CABINET 3 DRAWERS ,-1,12/8/2011 18:57,14.95,15951,United Kingdom,-14.95
C559530,22655,VINTAGE RED KITCHEN CABINET,-1,7/10/2011 12:04,125,14808,United Kingdom,-125
C554871,21716,BOYS VINTAGE TIN SEASIDE BUCKET,-8,5/27/2011 10:58,2.55,18225,United Kingdom,-20.4
C567541,20932,PINK POT PLANT CANDLE,-9,9/21/2011 10:15,2.95,15498,United Kingdom,-26.55
C546517,22406,MONEY BOX KINGS CHOICE DESIGN,-1,3/14/2011 12:24,1.25,15308,United Kingdom,-1.25
C568830,84991,60 TEATIME FAIRY CAKE CASES,-24,9/29/2011 11:34,0.55,13725,United Kingdom,-13.2
C542245,22943,CHRISTMAS LIGHTS 10 VINTAGE BAUBLES,-2,1/26/2011 15:06,4.25,13098,United Kingdom,-8.5
C541787,84816,DANISH ROSE BEDSIDE CABINET,-1,1/21/2011 12:56,39.95,12829,United Kingdom,-39.95
545564,85092,Unknown,-9,3/3/2011 16:13,0,Guest,United Kingdom,0
C540384,22795,SWEETHEART RECIPE BOOK STAND,-1,1/6/2011 17:48,6.75,14961,United Kingdom,-6.75
C572440,21238,RED RETROSPOT CUP,-2,10/24/2011 12:06,0.85,17811,United Kingdom,-1.7
C545516,84978,HANGING HEART JAR T-LIGHT HOLDER,-1,3/3/2011 12:11,1.25,14276,United Kingdom,-1.25
C559829,22371,AIRLINE BAG VINTAGE TOKYO 78,-2,7/13/2011 9:45,3.95,14483,United Kingdom,-7.9
C565848,22988,SOLDIERS EGG CUP ,-1,9/7/2011 12:48,1.25,14606,United Kingdom,-1.25
C574261,23236,STORAGE TIN VINTAGE DOILY ,-4,11/3/2011 14:00,2.89,12683,France,-11.56
552331,22667,damaged,-30,5/9/2011 10:24,0,Guest,United Kingdom,0
C559939,84688,BEACH HUT DESIGN BLACKBOARD,-12,7/14/2011 10:19,4.25,14426,United Kingdom,-51
542414,84967A,Unknown,-2,1/27/2011 17:15,0,Guest,United Kingdom,0
C563600,22301,COFFEE MUG CAT + BIRD DESIGN,-1,8/18/2011 6:24,2.55,14911,EIRE,-2.55
C552021,22963,JAM JAR WITH GREEN LID,-51,5/5/2011 17:57,0.72,15125,United Kingdom,-36.72
C556957,22467,GUMBALL COAT RACK,-2,6/16/2011 9:04,2.1,12705,Germany,-4.2
C575055,23462,ROCOCO WALL MIRROR WHITE,-2,11/8/2011 12:22,19.95,14329,United Kingdom,-39.9
C578371,21622,VINTAGE UNION JACK CUSHION COVER,-4,11/24/2011 11:16,4.95,14410,United Kingdom,-19.8
C567950,23234,BISCUIT TIN VINTAGE CHRISTMAS,-6,9/23/2011 8:24,2.89,17069,United Kingdom,-17.34
C574658,20728,LUNCH BAG CARS BLUE,-1,11/6/2011 11:44,1.65,15426,United Kingdom,-1.65
C574028,22726,ALARM CLOCK BAKELIKE GREEN,-4,11/2/2011 12:33,3.75,14493,United Kingdom,-15
C564952,23209,LUNCH BAG VINTAGE DOILY ,-2,8/31/2011 13:36,1.65,14188,United Kingdom,-3.3
C560832,23243,SET OF TEA COFFEE SUGAR TINS PANTRY,-1,7/21/2011 12:07,4.95,13488,United Kingdom,-4.95
C537602,22197,SMALL POPCORN HOLDER,-1,12/7/2010 12:45,0.72,17511,United Kingdom,-0.72
C540784,84766,SILVER ROCOCO CANDLE STICK,-12,1/11/2011 11:39,1.95,13126,United Kingdom,-23.4
C547889,22442,GROW YOUR OWN FLOWERS SET OF 3,-1,3/28/2011 10:02,7.95,14410,United Kingdom,-7.95
C577388,21429,RED GINGHAM ROSE JEWELLERY BOX,-2,11/18/2011 16:58,1.95,14911,EIRE,-3.9
C562952,23169,CLASSIC GLASS COOKIE JAR,-1,8/11/2011 10:10,4.15,12749,United Kingdom,-4.15
C573550,AMAZONFEE,AMAZON FEE,-1,10/31/2011 13:32,2185.04,Guest,United Kingdom,-2185.04
C539273,22760,"TRAY, BREAKFAST IN BED",-1,12/16/2010 15:30,12.75,13209,United Kingdom,-12.75
C554558,21232,STRAWBERRY CERAMIC TRINKET BOX,-1,5/25/2011 10:24,1.25,13268,United Kingdom,-1.25
C578144,84817,DANISH ROSE DECORATIVE PLATE,-12,11/23/2011 11:06,2.1,16201,United Kingdom,-25.2
C576918,23542,WALL ART 70'S ALPHABET ,-1,11/17/2011 10:40,7.45,14102,United Kingdom,-7.45
C580263,M,Manual,-4,12/2/2011 12:43,9.95,12536,France,-39.8
C543621,22788,BROCANTE COAT RACK,-1,2/10/2011 14:59,9.95,14475,United Kingdom,-9.95
C542426,22969,HOMEMADE JAM SCENTED CANDLES,-24,1/28/2011 9:32,1.45,14146,United Kingdom,-34.8
558520,21896,Unknown,-38,6/30/2011 10:25,0,Guest,United Kingdom,0
558730,22060,damaged,-1,7/1/2011 14:51,0,Guest,United Kingdom,0
567925,84876D,damaged,-2,9/22/2011 17:26,0,Guest,United Kingdom,0
540637,21275,Unknown,-5,1/10/2011 12:13,0,Guest,United Kingdom,0
C567331,22138,BAKING SET 9 PIECE RETROSPOT ,-6,9/19/2011 14:50,4.95,16609,United Kingdom,-29.7
C545850,21527,RED RETROSPOT TRADITIONAL TEAPOT ,-1,3/7/2011 13:45,7.95,15811,United Kingdom,-7.95
C536757,84347,ROTATING SILVER ANGELS T-LIGHT HLDR,-9360,12/2/2010 14:23,0.03,15838,United Kingdom,-280.8
C552709,22796,PHOTO FRAME 3 CLASSIC HANGING,-1,5/10/2011 16:27,9.95,12886,United Kingdom,-9.95
C566490,22625,RED KITCHEN SCALES,-1,9/13/2011 10:20,8.5,16656,United Kingdom,-8.5
C545689,21658,GLASS  BEURRE DISH,-1,3/6/2011 12:43,3.95,16033,United Kingdom,-3.95
547341,85049D,Unknown,-20,3/22/2011 11:53,0,Guest,United Kingdom,0
C550537,21318,GLASS CHALICE BLUE SMALL ,-3,4/19/2011 11:25,0.39,15932,United Kingdom,-1.17
C579911,84947,ANTIQUE SILVER TEA GLASS ENGRAVED,-1,12/1/2011 8:53,1.25,14525,United Kingdom,-1.25
573489,85035B,check,-36,10/31/2011 11:48,0,Guest,United Kingdom,0
C574350,23225,CHERUB HEART DECORATION SILVER ,-12,11/4/2011 10:36,0.83,16637,United Kingdom,-9.96
C536815,85175,CACTI T-LIGHT CANDLES,-1,12/2/2010 17:05,0.42,14443,United Kingdom,-0.42
C545453,22846,BREAD BIN DINER STYLE RED ,-1,3/2/2011 16:57,16.95,14639,United Kingdom,-16.95
552219,22073,Unknown,-56,5/6/2011 15:16,0,Guest,United Kingdom,0
C539476,22138,BAKING SET 9 PIECE RETROSPOT ,-1,12/19/2010 14:43,4.95,16686,United Kingdom,-4.95
C553025,23203,JUMBO BAG DOILEY PATTERNS,-10,5/12/2011 19:33,2.08,13971,United Kingdom,-20.8
C556647,21169,YOU'RE CONFUSING ME METAL SIGN ,-12,6/13/2011 16:14,1.69,13012,United Kingdom,-20.28
C579884,D,Discount,-1,11/30/2011 17:34,20.53,14527,United Kingdom,-20.53
C569960,23203,JUMBO BAG VINTAGE DOILY ,-1,10/6/2011 18:40,2.08,18172,United Kingdom,-2.08
537451,84881,Unknown,-11,12/7/2010 9:27,0,Guest,United Kingdom,0
C540847,22198,LARGE POPCORN HOLDER ,-6,1/11/2011 17:35,1.65,13458,United Kingdom,-9.9
C561235,22727,ALARM CLOCK BAKELIKE RED ,-1,7/26/2011 10:27,3.75,13767,United Kingdom,-3.75
C567708,22544,MINI JIGSAW SPACEBOY,-43,9/22/2011 9:53,0.42,15201,United Kingdom,-18.06
C546217,23002,TRAVEL CARD WALLET SKULLS,-24,3/10/2011 12:04,0.42,14057,United Kingdom,-10.08
C574955,23080,RED METAL BOX TOP SECRET,-1,11/8/2011 9:56,8.25,15066,United Kingdom,-8.25
C577752,23170,REGENCY TEA PLATE ROSES ,-4,11/21/2011 14:37,1.65,16670,United Kingdom,-6.6
C580966,22602,RETROSPOT WOODEN HEART DECORATION,-4,12/6/2011 14:52,0.85,16554,United Kingdom,-3.4
C543755,85045,GREEN CHRISTMAS TREE STRING 20LIGHT,-4,2/11/2011 14:48,4.95,14304,United Kingdom,-19.8
C542346,21658,GLASS  BEURRE DISH,-1,1/27/2011 12:00,3.39,12709,Germany,-3.39
C557566,22465,HANGING METAL STAR LANTERN,-1,6/21/2011 10:39,1.65,15998,United Kingdom,-1.65
C546870,M,Manual,-2,3/17/2011 16:07,2.5,14462,United Kingdom,-5
C563375,23149,ANTIQUE IVORY WIRE BOWL SMALL,-6,8/16/2011 10:27,2.49,14911,EIRE,-14.94
C538115,22178,VICTORIAN GLASS HANGING T-LIGHT,-1,12/9/2010 15:30,1.25,16817,United Kingdom,-1.25
C575940,23275,SET OF 3 HANGING OWLS OLLIE BEAK,-24,11/13/2011 11:38,1.25,17838,United Kingdom,-30
C566011,23080,RED METAL BOX TOP SECRET,-1,9/8/2011 12:11,8.25,14688,United Kingdom,-8.25
C580168,22321,BIRD DECORATION RED RETROSPOT,-1,12/2/2011 11:34,0.85,12465,Belgium,-0.85
C541229,22496,SET OF 2 ROUND TINS DUTCH CHEESE,-4,1/14/2011 16:43,2.95,16359,United Kingdom,-11.8
C550181,22748,POPPY'S PLAYHOUSE KITCHEN,-1,4/14/2011 17:43,2.1,13069,United Kingdom,-2.1
C560409,85123A,WHITE HANGING HEART T-LIGHT HOLDER,-6,7/18/2011 14:24,2.95,16717,United Kingdom,-17.7
C562154,23256,CHILDRENS CUTLERY SPACEBOY ,-4,8/3/2011 11:23,4.15,13520,Switzerland,-16.6
C563554,22467,GUMBALL COAT RACK,-1,8/17/2011 13:16,2.55,16755,United Kingdom,-2.55
C571196,21731,RED TOADSTOOL LED NIGHT LIGHT,-12,10/14/2011 12:02,1.65,Guest,United Kingdom,-19.8
C575651,22624,IVORY KITCHEN SCALES,-1,11/10/2011 14:26,8.5,17653,United Kingdom,-8.5
C551179,M,Manual,-15,4/26/2011 17:29,0.24,16422,United Kingdom,-3.6
C568244,22197,POPCORN HOLDER,-13,9/26/2011 12:21,0.85,12583,France,-11.05
C580968,23534,WALL ART STOP FOR TEA ,-4,12/6/2011 14:57,5.95,15622,United Kingdom,-23.8
C562582,21843,RED RETROSPOT CAKE STAND,-1,8/7/2011 13:53,10.95,15640,United Kingdom,-10.95
C567359,22994,TRAVEL CARD WALLET RETROSPOT,-1,9/19/2011 16:33,0.42,15201,United Kingdom,-0.42
548886,85118,Unknown,-6,4/4/2011 15:23,0,Guest,United Kingdom,0
C555345,22630,DOLLY GIRL LUNCH BOX,-2,6/2/2011 11:51,1.95,13267,United Kingdom,-3.9
C562375,22950,36 DOILIES VINTAGE CHRISTMAS,-288,8/4/2011 14:46,1.25,14911,EIRE,-360
572684,23029,damages,-20,10/25/2011 14:00,0,Guest,United Kingdom,0
C562797,22634,CHILDS BREAKFAST SET SPACEBOY ,-1,8/9/2011 14:29,8.5,16672,United Kingdom,-8.5
C539667,21285,RETROSPOT CANDLE  MEDIUM,-24,12/21/2010 10:47,0.65,13148,United Kingdom,-15.6
C574894,22071,SMALL WHITE RETROSPOT MUG IN BOX ,-3,11/7/2011 14:43,3.75,12597,Spain,-11.25
C556295,23209,LUNCH BAG DOILEY PATTERN ,-1,6/10/2011 9:37,1.65,13662,United Kingdom,-1.65
575912,22943,check,-7,11/11/2011 16:20,0,Guest,United Kingdom,0
C545040,22183,CAKE STAND VICTORIAN FILIGREE MED,-1,2/27/2011 10:25,3,13684,United Kingdom,-3
549458,62097B,Unknown,-6,4/8/2011 14:19,0,Guest,United Kingdom,0
C542346,21896,POTTING SHED TWINE,-2,1/27/2011 12:00,1.85,12709,Germany,-3.7
C552564,23199,JUMBO BAG APPLES,-200,5/10/2011 11:55,1.79,13694,United Kingdom,-358
C554517,23118,PARISIENNE JEWELLERY DRAWER ,-2,5/24/2011 16:55,7.5,15434,United Kingdom,-15
C559461,22383,LUNCH BAG SUKI DESIGN ,-1,7/8/2011 13:04,1.65,14680,United Kingdom,-1.65
C548976,85159B,"WHITE TEA,COFFEE,SUGAR JARS",-7,4/5/2011 11:50,1.95,17725,United Kingdom,-13.65
C562514,M,Manual,-1,8/5/2011 12:20,11.95,13408,United Kingdom,-11.95
C538803,22890,NOVELTY BISCUITS CAKE STAND 3 TIER,-2,12/14/2010 11:55,9.95,16262,United Kingdom,-19.9
C564952,20724,RED RETROSPOT CHARLOTTE BAG,-1,8/31/2011 13:36,0.85,14188,United Kingdom,-0.85
C548350,POST,POSTAGE,-1,3/30/2011 14:49,2.7,15648,United Kingdom,-2.7
C558716,22372,AIRLINE BAG VINTAGE WORLD CHAMPION ,-1,7/1/2011 13:22,4.25,17888,United Kingdom,-4.25
C569456,22768,FAMILY PHOTO FRAME CORNICE,-2,10/4/2011 11:22,9.95,17675,United Kingdom,-19.9
C552556,23299,FOOD COVER WITH BEADS SET 2 ,-6,5/10/2011 11:21,3.75,17504,United Kingdom,-22.5
C552805,22896,PEG BAG APPLES DESIGN,-6,5/11/2011 12:34,2.55,14149,United Kingdom,-15.3
C554100,20725,LUNCH BAG RED RETROSPOT,-1,5/22/2011 13:27,1.65,15555,United Kingdom,-1.65
C575592,22079,RIBBON REEL HEARTS DESIGN ,-10,11/10/2011 12:10,1.65,12619,Germany,-16.5
556262,37327,sold as set on dotcom,-95,6/9/2011 18:04,0,Guest,United Kingdom,0
C568412,22327,ROUND SNACK BOXES SET OF 4 SKULLS,-1,9/27/2011 10:54,2.95,14456,United Kingdom,-2.95
C570221,22356,CHARLOTTE BAG PINK POLKADOT,-13,10/9/2011 12:56,0.85,13113,United Kingdom,-11.05
C540385,21843,RED RETROSPOT CAKE STAND,-1,1/6/2011 17:52,10.95,14426,United Kingdom,-10.95
C543241,84766,SILVER ROCOCO CANDLE STICK,-1,2/4/2011 14:02,1.95,17315,United Kingdom,-1.95
C559740,20985,HEART CALCULATOR,-3,7/12/2011 11:08,1.06,17381,United Kingdom,-3.18
C576243,21385,IVORY HANGING DECORATION  HEART,-2,11/14/2011 13:38,0.85,15953,United Kingdom,-1.7
574581,23187,check,-62,11/4/2011 17:45,0,Guest,United Kingdom,0
C569743,23202,JUMBO BAG VINTAGE LEAF,-110,10/6/2011 10:57,1.79,15769,United Kingdom,-196.9
C554340,20979,36 PENCILS TUBE RED RETROSPOT,-16,5/23/2011 17:40,1.25,17017,United Kingdom,-20
C580971,22313,OFFICE MUG WARMER PINK,-250,12/6/2011 15:04,2.55,14298,United Kingdom,-637.5
C539097,22972,CHILDREN'S SPACEBOY MUG,-7,12/16/2010 10:28,1.65,12621,Germany,-11.55
C571319,23145,ZINC T-LIGHT HOLDER STAR LARGE,-1,10/17/2011 10:50,0.95,17164,United Kingdom,-0.95
C540398,84792,ENCHANTED BIRD COATHANGER 5 HOOK,-2,1/7/2011 9:21,4.65,14047,United Kingdom,-9.3
C540846,85034C,3 ROSE MORRIS BOXED CANDLES,-2,1/11/2011 16:59,1.25,13162,United Kingdom,-2.5
C562954,22461,SAVOY ART DECO CLOCK,-2,8/11/2011 10:13,3.95,17429,United Kingdom,-7.9
C551588,22326,ROUND SNACK BOXES SET OF4 WOODLAND ,-3,5/3/2011 11:28,2.95,12708,Germany,-8.85
C570221,20723,STRAWBERRY CHARLOTTE BAG,-18,10/9/2011 12:56,0.85,13113,United Kingdom,-15.3
C580165,22720,SET OF 3 CAKE TINS PANTRY DESIGN ,-1,12/2/2011 11:21,4.95,12359,Cyprus,-4.95
C565848,22644,CERAMIC CHERRY CAKE MONEY BANK,-2,9/7/2011 12:48,1.45,14606,United Kingdom,-2.9
C564948,21784,SHOE SHINE BOX ,-2,8/31/2011 13:29,9.95,14895,United Kingdom,-19.9
C548995,47594B,SCOTTIES DESIGN WASHBAG,-1,4/5/2011 14:08,1.95,17841,United Kingdom,-1.95
C553866,79337,BLUE FLOCK GLASS CANDLEHOLDER,-6,5/19/2011 14:14,0.38,14620,United Kingdom,-2.28
C573086,22649,STRAWBERRY FAIRY CAKE TEAPOT,-1,10/27/2011 14:27,4.95,13991,United Kingdom,-4.95
C569655,22659,LUNCH BOX I LOVE LONDON,-2,10/5/2011 12:58,1.95,14534,United Kingdom,-3.9
551432,21923,Unknown,-5,4/28/2011 15:06,0,Guest,United Kingdom,0
C562961,22766,PHOTO FRAME CORNICE,-7,8/11/2011 10:24,2.95,14305,United Kingdom,-20.65
C548972,47566,PARTY BUNTING,-8,4/5/2011 11:42,4.95,15674,United Kingdom,-39.6
568724,84816,damages,-21,9/28/2011 16:27,0,Guest,United Kingdom,0
C571264,22605,WOODEN CROQUET GARDEN SET,-1,10/16/2011 11:07,14.95,17769,United Kingdom,-14.95
560427,84629,Unknown,-2,7/18/2011 15:16,0,Guest,United Kingdom,0
547363,22459,?lost,-232,3/22/2011 12:33,0,Guest,United Kingdom,0
C568830,22730,ALARM CLOCK BAKELIKE IVORY,-1,9/29/2011 11:34,3.75,13725,United Kingdom,-3.75
C576401,21990,MODERN FLORAL STATIONERY SET,-12,11/15/2011 10:52,1.25,13026,United Kingdom,-15
C573244,22968,ROSE COTTAGE KEEPSAKE BOX ,-2,10/28/2011 12:08,9.95,14623,United Kingdom,-19.9
C575082,22978,PANTRY ROLLING PIN,-6,11/8/2011 13:30,3.75,12613,Germany,-22.5
C538062,22139,RETROSPOT TEA SET CERAMIC 11 PC ,-14,12/9/2010 13:40,4.25,17702,United Kingdom,-59.5
C543837,22760,"TRAY, BREAKFAST IN BED",-1,2/14/2011 10:56,12.75,14431,United Kingdom,-12.75
C561886,85061W,WHITE JEWELLED HEART DECORATION,-5,7/31/2011 13:20,0.85,15532,United Kingdom,-4.25
C540152,22666,RECIPE BOX PANTRY YELLOW DESIGN,-1,1/5/2011 11:21,2.95,12395,Belgium,-2.95
C543050,POST,POSTAGE,-1,2/3/2011 10:14,18,12625,Germany,-18
C558097,85040A,S/4 PINK FLOWER CANDLES IN BOWL,-1,6/26/2011 13:29,1.65,15532,United Kingdom,-1.65
C564213,21845,DAIRY MAID STRIPE MUG,-2,8/24/2011 9:15,0.79,15301,United Kingdom,-1.58
C560540,23174,REGENCY SUGAR BOWL GREEN,-1,7/19/2011 12:26,4.15,12415,Australia,-4.15
C559461,20726,LUNCH BAG WOODLAND,-3,7/8/2011 13:04,1.65,14680,United Kingdom,-4.95
C578280,21927,BLUE/CREAM STRIPE CUSHION COVER ,-4,11/23/2011 13:53,1.25,17841,United Kingdom,-5
C553906,22800,ANTIQUE TALL SWIRLGLASS TRINKET POT,-1,5/19/2011 18:13,3.75,16554,United Kingdom,-3.75
C580766,23301,GARDENERS KNEELING PAD KEEP CALM ,-1,12/6/2011 10:46,1.65,14562,United Kingdom,-1.65
C542244,22960,JAM MAKING SET WITH JARS,-1,1/26/2011 15:04,3.75,13098,United Kingdom,-3.75
545402,22862,Unknown,-33,3/2/2011 12:07,0,Guest,United Kingdom,0
C540837,21844,RED RETROSPOT MUG,-1,1/11/2011 15:02,2.95,14733,United Kingdom,-2.95
C543671,22602,RETROSPOT WOODEN HEART DECORATION,-36,2/11/2011 11:24,0.85,18087,United Kingdom,-30.6
C540109,85071A,BLUE CHARLIE+LOLA PERSONAL DOORSIGN,-150,1/4/2011 17:12,2.95,17389,United Kingdom,-442.5
C548723,84755,COLOUR GLASS T-LIGHT HOLDER HANGING,-1,4/4/2011 9:02,0.65,15874,United Kingdom,-0.65
C566467,22355,CHARLOTTE BAG SUKI DESIGN,-14,9/12/2011 18:04,0.85,14688,United Kingdom,-11.9
C576324,20973,12 PENCIL SMALL TUBE WOODLAND,-2,11/14/2011 15:10,0.65,16161,United Kingdom,-1.3
C542426,22299,PIG KEYRING WITH LIGHT & SOUND ,-24,1/28/2011 9:32,1.25,14146,United Kingdom,-30
555332,84801A,wet damaged,-48,6/2/2011 11:11,0,Guest,United Kingdom,0
C557111,21621,VINTAGE UNION JACK BUNTING,-12,6/16/2011 16:27,8.5,17865,United Kingdom,-102
C558745,22377,BOTTLE BAG RETROSPOT ,-8,7/1/2011 17:02,2.1,14415,United Kingdom,-16.8
C552455,M,Manual,-1,5/9/2011 14:38,587.08,Guest,United Kingdom,-587.08
538047,21429,Unknown,-70,12/9/2010 13:13,0,Guest,United Kingdom,0
C550664,22699,ROSES REGENCY TEACUP AND SAUCER ,-1,4/20/2011 9:31,2.95,16923,United Kingdom,-2.95
C548460,22192,BLUE DINER WALL CLOCK,-2,3/31/2011 11:58,8.5,16801,United Kingdom,-17
558309,85132B,Unknown,-42,6/28/2011 11:03,0,Guest,United Kingdom,0
C562561,22656,VINTAGE BLUE KITCHEN CABINET,-1,8/5/2011 17:13,125,16729,United Kingdom,-125
C581460,22197,POPCORN HOLDER,-5,12/8/2011 18:48,0.72,13078,United Kingdom,-3.6
549846,21100,Damaged,-6,4/12/2011 14:30,0,Guest,United Kingdom,0
C550181,23206,LUNCH BAG APPLE DESIGN,-5,4/14/2011 17:43,1.65,13069,United Kingdom,-8.25
C574318,22191,IVORY DINER WALL CLOCK,-1,11/3/2011 19:11,8.5,16729,United Kingdom,-8.5
C576363,90050,CRACKED GLAZE NECKLACE IVORY,-2,11/14/2011 17:23,6.95,14794,United Kingdom,-13.9
C549786,21034,REX CASH+CARRY JUMBO SHOPPER,-1,4/12/2011 11:58,0.95,14071,United Kingdom,-0.95
C564488,23087,ZINC  HEART T-LIGHT HOLDER,-15,8/25/2011 14:12,1.25,16859,United Kingdom,-18.75
C568830,22382,LUNCH BAG SPACEBOY DESIGN ,-8,9/29/2011 11:34,1.65,13725,United Kingdom,-13.2
C578276,23470,CARD HOLDER LOVE BIRD LARGE ,-1,11/23/2011 13:48,5.39,17511,United Kingdom,-5.39
C546680,21114,LAVENDER SCENTED FABRIC HEART,-10,3/15/2011 16:51,1.25,13121,United Kingdom,-12.5
C574922,22197,POPCORN HOLDER,-64,11/7/2011 16:39,0.85,15502,United Kingdom,-54.4
C537860,37370,RETRO COFFEE MUGS ASSORTED,-12,12/8/2010 16:15,1.25,16252,United Kingdom,-15
538173,22353,Unknown,-28,12/10/2010 9:35,0,Guest,United Kingdom,0
C555873,21735,TWO DOOR CURIO CABINET,-1,6/7/2011 15:12,12.75,15498,United Kingdom,-12.75
C576218,D,Discount,-1,11/14/2011 12:57,183,13694,United Kingdom,-183
C564215,22960,JAM MAKING SET WITH JARS,-1,8/24/2011 9:22,4.25,16133,United Kingdom,-4.25
C543791,75049L,LARGE CIRCULAR MIRROR MOBILE,-13,2/11/2011 17:13,0.85,15270,United Kingdom,-11.05
C551463,22411,JUMBO SHOPPER VINTAGE RED PAISLEY,-1,4/28/2011 16:13,2.08,13534,United Kingdom,-2.08
C578832,84987,SET OF 36 TEATIME PAPER DOILIES,-2,11/25/2011 15:18,1.45,13069,United Kingdom,-2.9
C569985,84375,SET OF 20 KIDS COOKIE CUTTERS,-12,10/6/2011 19:51,2.1,15365,United Kingdom,-25.2
C550475,35924,HANGING FAIRY CAKE DECORATION,-6,4/18/2011 13:59,1.69,13798,United Kingdom,-10.14
556123,22272,Damaged,-15,6/9/2011 10:13,0,Guest,United Kingdom,0
C555328,84755,COLOUR GLASS T-LIGHT HOLDER HANGING,-2,6/2/2011 11:07,0.65,16449,United Kingdom,-1.3
C546887,22907,PACK OF 20 NAPKINS PANTRY DESIGN,-1,3/17/2011 18:14,0.85,14329,United Kingdom,-0.85
C581235,23459,DOLLY CABINET 2 DRAWERS ,-2,12/8/2011 10:34,12.5,15950,United Kingdom,-25
C572226,22152,PLACE SETTING WHITE STAR,-3,10/21/2011 13:58,0.42,15321,United Kingdom,-1.26
C558112,82482,WOODEN PICTURE FRAME WHITE FINISH,-2,6/26/2011 16:08,2.55,17114,United Kingdom,-5.1
C542910,20727,LUNCH BAG  BLACK SKULL.,-2,2/1/2011 15:38,1.45,17511,United Kingdom,-2.9
C558753,21359,RELAX LARGE WOOD LETTERS,-1,7/3/2011 11:54,3.95,15033,United Kingdom,-3.95
C557520,21668,RED STRIPE CERAMIC DRAWER KNOB,-3,6/20/2011 17:18,1.25,15291,United Kingdom,-3.75
C567627,21238,RED RETROSPOT CUP,-1,9/21/2011 13:01,0.85,17511,United Kingdom,-0.85
C576647,85036C,ROSE 1 WICK MORRIS BOXED CANDLE,-1,11/16/2011 10:23,1.25,15584,United Kingdom,-1.25
C537251,22747,POPPY'S PLAYHOUSE BATHROOM,-6,12/6/2010 10:45,2.1,Guest,United Kingdom,-12.6
C560932,85024C,PINK SMALL JEWELLED PHOTOFRAME,-1,7/22/2011 10:29,1.65,15005,United Kingdom,-1.65
C552556,22847,BREAD BIN DINER STYLE IVORY,-2,5/10/2011 11:21,16.95,17504,United Kingdom,-33.9
C555253,23174,REGENCY SUGAR BOWL GREEN,-1,6/1/2011 15:14,4.15,17820,United Kingdom,-4.15
C570463,BANK CHARGES,Bank Charges,-1,10/10/2011 15:59,49.65,Guest,United Kingdom,-49.65
C562149,20711,JUMBO BAG TOYS ,-1,8/3/2011 10:49,2.08,13534,United Kingdom,-2.08
537032,21275,?,-30,12/3/2010 16:50,0,Guest,United Kingdom,0
C573764,23348,CHILDRENS TOY COOKING UTENSIL SET,-2,11/1/2011 9:56,2.08,13032,United Kingdom,-4.16
C542637,22667,RECIPE BOX RETROSPOT ,-6,1/31/2011 10:44,2.95,14688,United Kingdom,-17.7
C565581,22139,RETROSPOT TEA SET CERAMIC 11 PC ,-3,9/5/2011 12:37,4.95,14565,United Kingdom,-14.85
C562848,22990,COTTON APRON PANTRY DESIGN,-4,8/10/2011 9:35,4.95,15201,United Kingdom,-19.8
C565229,POST,POSTAGE,-1,9/2/2011 9:12,200,17450,United Kingdom,-200
C537530,21527,RED RETROSPOT TRADITIONAL TEAPOT ,-1,12/7/2010 11:47,7.95,13319,United Kingdom,-7.95
C546207,22302,COFFEE MUG PEARS  DESIGN,-1,3/10/2011 11:17,2.55,14211,United Kingdom,-2.55
C556647,21870,I CAN ONLY PLEASE ONE PERSON MUG,-12,6/13/2011 16:14,1.25,13012,United Kingdom,-15
C546930,22781,GUMBALL MAGAZINE RACK,-1,3/18/2011 10:37,7.65,14701,United Kingdom,-7.65
C562661,22744,MAKE YOUR OWN MONSOON CARD KIT,-6,8/8/2011 13:40,2.95,13588,United Kingdom,-17.7
C546214,22499,WOODEN UNION JACK BUNTING,-1,3/10/2011 11:45,5.95,15724,United Kingdom,-5.95
C555729,23092,LARGE ANTIQUE WHITE PHOTO FRAME,-1,6/6/2011 16:50,7.9,13552,United Kingdom,-7.9
C563595,71477,COLOUR GLASS. STAR T-LIGHT HOLDER,-2,8/18/2011 6:15,2.75,13769,United Kingdom,-5.5
C559486,23118,PARISIENNE JEWELLERY DRAWER ,-1,7/8/2011 13:51,7.5,13047,United Kingdom,-7.5
C552212,23126,FELTCRAFT GIRL AMELIE KIT,-1,5/6/2011 15:08,4.95,17422,United Kingdom,-4.95
537452,20941,Unknown,-24,12/7/2010 9:28,0,Guest,United Kingdom,0
C570867,22739,RIBBON REEL CHRISTMAS SOCK BAUBLE,-10,10/12/2011 16:17,1.65,12607,USA,-16.5
C566462,23051,RECYCLED ACAPULCO MAT BLUE,-1,9/12/2011 17:49,8.25,14276,United Kingdom,-8.25
C576227,23330,DECORATIVE WICKER HEART MEDIUM,-6,11/14/2011 13:11,1.25,14910,United Kingdom,-7.5
572996,23462,damages,-34,10/27/2011 11:22,0,Guest,United Kingdom,0
C554529,23174,REGENCY SUGAR BOWL GREEN,-1,5/24/2011 17:27,4.15,14226,United Kingdom,-4.15
C564204,21137,BLACK RECORD COVER FRAME,-1,8/24/2011 8:55,3.39,13576,United Kingdom,-3.39
C559742,22423,REGENCY CAKESTAND 3 TIER,-6,7/12/2011 11:11,12.75,14267,United Kingdom,-76.5
C566752,23130,MISTLETOE HEART WREATH GREEN,-1,9/14/2011 15:46,4.15,14397,United Kingdom,-4.15
C577351,21671,RED SPOT CERAMIC DRAWER KNOB,-1,11/18/2011 15:37,1.45,17728,United Kingdom,-1.45
C564913,22637,PIGGY BANK RETROSPOT ,-2,8/31/2011 12:39,2.1,12560,Germany,-4.2
C556923,21932,SCANDINAVIAN PAISLEY PICNIC BAG,-30,6/15/2011 14:03,1.65,15400,United Kingdom,-49.5
567127,85230E,Damaged,-48,9/16/2011 14:01,0,Guest,United Kingdom,0
C567627,21232,STRAWBERRY CERAMIC TRINKET BOX,-1,9/21/2011 13:01,1.25,17511,United Kingdom,-1.25
568371,22687,Unknown,-41,9/26/2011 16:48,0,Guest,United Kingdom,0
573593,79323LP,"Unsaleable, destroyed.",-2618,10/31/2011 15:16,0,Guest,United Kingdom,0
C539603,22198,LARGE POPCORN HOLDER ,-1,12/20/2010 14:05,1.65,14911,EIRE,-1.65
C578371,48138,DOORMAT UNION FLAG,-1,11/24/2011 11:16,8.25,14410,United Kingdom,-8.25
C544436,22556,PLASTERS IN TIN CIRCUS PARADE ,-3,2/18/2011 16:52,1.65,18172,United Kingdom,-4.95
551455,37333,Unknown,-1,4/28/2011 16:03,0,Guest,United Kingdom,0
C565075,D,Discount,-1,8/31/2011 17:25,38.39,13408,United Kingdom,-38.39
C570854,22086,PAPER CHAIN KIT 50'S CHRISTMAS ,-40,10/12/2011 14:55,2.55,15473,United Kingdom,-102
C566745,22065,CHRISTMAS PUDDING TRINKET POT ,-3,9/14/2011 15:15,1.45,16150,United Kingdom,-4.35
C576870,23358,HOT STUFF HOT WATER BOTTLE,-2,11/16/2011 16:21,3.75,14907,United Kingdom,-7.5
C556457,21843,RED RETROSPOT CAKE STAND,-1,6/10/2011 16:50,10.95,15856,United Kingdom,-10.95
C562375,22192,BLUE DINER WALL CLOCK,-12,8/4/2011 14:46,7.65,14911,EIRE,-91.8
C572831,23485,BOTANICAL GARDENS WALL CLOCK ,-1,10/26/2011 11:37,25,14895,United Kingdom,-25
C545674,22666,RECIPE BOX PANTRY YELLOW DESIGN,-1,3/6/2011 10:25,2.95,18223,United Kingdom,-2.95
C558882,23089,GLASS BON BON JAR,-5,7/4/2011 14:47,1.65,13767,United Kingdom,-8.25
C543611,82483,WOOD 2 DRAWER CABINET WHITE FINISH,-2,2/10/2011 14:38,4.95,17850,United Kingdom,-9.9
C545650,22778,GLASS CLOCHE SMALL,-6,3/4/2011 13:14,3.39,15311,United Kingdom,-20.34
C556457,72760B,VINTAGE CREAM 3 BASKET CAKE STAND,-1,6/10/2011 16:50,4.65,15856,United Kingdom,-4.65
C569989,23203,JUMBO BAG VINTAGE DOILY ,-20,10/6/2011 20:08,2.08,16839,United Kingdom,-41.6
550945,79329,Unknown,-2,4/21/2011 15:52,0,Guest,United Kingdom,0
C546511,22801,ANTIQUE GLASS PEDESTAL BOWL,-1,3/14/2011 12:19,3.75,12921,United Kingdom,-3.75
C551015,22361,GLASS JAR DAISY FRESH COTTON WOOL,-1,4/26/2011 11:06,2.55,12753,Japan,-2.55
C573949,23013,GLASS APOTHECARY BOTTLE TONIC,-4,11/2/2011 10:47,3.95,14511,United Kingdom,-15.8
C555196,85213,MINI  ZINC GARDEN DECORATIONS ,-1,6/1/2011 11:40,0.85,14606,United Kingdom,-0.85
C562811,23109,PACK OF SIX LED TEA LIGHTS,-96,8/9/2011 15:30,2.49,13217,United Kingdom,-239.04
C548460,22626,BLACK KITCHEN SCALES,-2,3/31/2011 11:58,8.5,16801,United Kingdom,-17
C563606,22839,3 TIER CAKE TIN GREEN AND CREAM,-1,8/18/2011 6:30,14.95,13925,United Kingdom,-14.95
C573084,22503,CABIN BAG VINTAGE PAISLEY,-12,10/27/2011 14:24,24.95,13587,United Kingdom,-299.4
C547376,21535,RED RETROSPOT SMALL MILK JUG,-1,3/22/2011 14:40,2.55,14227,United Kingdom,-2.55
C551948,21232,STRAWBERRY CERAMIC TRINKET BOX,-4,5/5/2011 11:21,1.06,17511,United Kingdom,-4.24
C575047,M,Manual,-1,11/8/2011 12:10,14.95,13047,United Kingdom,-14.95
C537406,22926,IVORY GIANT GARDEN THERMOMETER,-4,12/6/2010 14:53,5.95,15502,United Kingdom,-23.8
C557663,21980,PACK OF 12 RED RETROSPOT TISSUES ,-36,6/21/2011 17:59,0.29,Guest,EIRE,-10.44
C570867,23014,GLASS APOTHECARY BOTTLE ELIXIR,-4,10/12/2011 16:17,3.95,12607,USA,-15.8
C538314,22586,FELTCRAFT HAIRBAND PINK AND BLUE,-47,12/10/2010 13:52,0.85,15514,United Kingdom,-39.95
547596,84306,Unknown,-5,3/24/2011 11:20,0,Guest,United Kingdom,0
C558698,20719,WOODLAND CHARLOTTE BAG,-1,7/1/2011 12:11,0.85,16746,United Kingdom,-0.85
C556888,37450,CERAMIC CAKE BOWL + HANGING CAKES,-1,6/15/2011 12:37,2.95,15005,United Kingdom,-2.95
C540417,22386,JUMBO BAG PINK POLKADOT,-20,1/7/2011 10:56,1.95,13680,United Kingdom,-39
C575064,21669,BLUE STRIPE CERAMIC DRAWER KNOB,-1,11/8/2011 12:39,1.45,12472,Germany,-1.45
C544583,S,SAMPLES,-1,2/21/2011 14:48,95,Guest,United Kingdom,-95
C551540,23128,FELTCRAFT BOY JEAN-PAUL KIT,-4,5/3/2011 8:47,4.95,14735,United Kingdom,-19.8
C581009,M,Manual,-1,12/7/2011 9:15,125,16971,United Kingdom,-125
C542402,22960,JAM MAKING SET WITH JARS,-2,1/27/2011 16:05,4.25,16124,United Kingdom,-8.5
C547008,22567,20 DOLLY PEGS RETROSPOT,-1,3/18/2011 14:39,1.25,Guest,United Kingdom,-1.25
542552,21645,Unknown,-1,1/28/2011 14:47,0,Guest,United Kingdom,0
C538059,84378,SET OF 3 HEART COOKIE CUTTERS,-12,12/9/2010 13:38,1.25,14205,United Kingdom,-15
C558469,23243,SET OF TEA COFFEE SUGAR TINS PANTRY,-4,6/29/2011 15:31,4.95,17757,United Kingdom,-19.8
C559939,22750,FELTCRAFT PRINCESS LOLA DOLL,-4,7/14/2011 10:19,3.75,14426,United Kingdom,-15
C536978,22776,SWEETHEART CAKESTAND 3 TIER,-1,12/3/2010 14:19,9.95,17954,United Kingdom,-9.95
C553687,85099B,JUMBO BAG RED RETROSPOT,-1,5/18/2011 14:01,1.79,15311,United Kingdom,-1.79
C559461,21427,SKULLS STORAGE BOX SMALL,-1,7/8/2011 13:04,2.1,14680,United Kingdom,-2.1
C569966,22891,TEA FOR ONE POLKADOT,-2,10/6/2011 18:51,4.25,13279,United Kingdom,-8.5
C559568,22423,REGENCY CAKESTAND 3 TIER,-1,7/11/2011 11:09,12.75,13627,United Kingdom,-12.75
C569972,23111,PARISIENNE SEWING BOX,-1,10/6/2011 19:21,12.5,13317,United Kingdom,-12.5
C576183,22555,PLASTERS IN TIN STRONGMAN,-12,11/14/2011 11:23,1.65,12476,Germany,-19.8
C580917,22558,CLOTHES PEGS RETROSPOT PACK 24 ,-1,12/6/2011 13:57,1.65,13362,United Kingdom,-1.65
C552585,79066K,RETRO MOD TRAY,-1,5/10/2011 12:35,0.85,17841,United Kingdom,-0.85
C537602,84050,PINK HEART SHAPE EGG FRYING PAN,-1,12/7/2010 12:45,1.25,17511,United Kingdom,-1.25
C559952,21258,VICTORIAN SEWING BOX LARGE,-2,7/14/2011 10:57,6.95,17696,United Kingdom,-13.9
C579905,22197,POPCORN HOLDER,-12,12/1/2011 8:44,0.72,13078,United Kingdom,-8.64
C538123,22333,RETROSPOT PARTY BAG + STICKER SET,-1,12/9/2010 15:41,1.65,12605,Germany,-1.65
580561,22043,dotcom,-9,12/5/2011 10:25,0,Guest,United Kingdom,0
C577388,23454,THREE MINI HANGING FRAMES,-2,11/18/2011 16:58,4.15,14911,EIRE,-8.3
C573779,22621,TRADITIONAL KNITTING NANCY,-1,11/1/2011 10:57,1.65,16360,United Kingdom,-1.65
C545516,71459,HANGING JAM JAR T-LIGHT HOLDER,-1,3/3/2011 12:11,0.85,14276,United Kingdom,-0.85
C574473,23293,SET OF 12 FAIRY CAKE BAKING CASES,-8,11/4/2011 12:05,0.83,15809,United Kingdom,-6.64
547699,21143,Unknown,-32,3/24/2011 16:38,0,Guest,United Kingdom,0
565275,90209C,Unknown,-72,9/2/2011 11:08,0,Guest,United Kingdom,0
548396,22719,sold as 22467,-25,3/30/2011 17:21,0,Guest,United Kingdom,0
C567147,22627,MINT KITCHEN SCALES,-1,9/16/2011 15:14,7.65,12709,Germany,-7.65
C573427,22057,CERAMIC PLATE STRAWBERRY DESIGN,-36,10/31/2011 10:18,1.49,14560,United Kingdom,-53.64
C540781,22720,SET OF 3 CAKE TINS PANTRY DESIGN ,-1,1/11/2011 11:22,4.95,16875,United Kingdom,-4.95
C570867,21059,PARTY INVITES DINOSAURS,-12,10/12/2011 16:17,0.85,12607,USA,-10.2
C570889,84406B,CREAM CUPID HEARTS COAT HANGER,-4,10/13/2011 10:49,4.15,13954,United Kingdom,-16.6
C548350,21621,VINTAGE UNION JACK BUNTING,-6,3/30/2011 14:49,8.5,15648,United Kingdom,-51
C548723,72741,GRAND CHOCOLATECANDLE,-3,4/4/2011 9:02,1.45,15874,United Kingdom,-4.35
C555366,20723,STRAWBERRY CHARLOTTE BAG,-2,6/2/2011 14:25,0.72,12590,Germany,-1.44
C569114,22607,WOODEN ROUNDERS GARDEN SET ,-1,9/30/2011 12:50,9.95,14911,EIRE,-9.95
C567690,23206,LUNCH BAG APPLE DESIGN,-10,9/21/2011 17:01,1.65,15810,United Kingdom,-16.5
C540243,84945,MULTI COLOUR SILVER T-LIGHT HOLDER,-5,1/5/2011 15:32,0.85,12585,Germany,-4.25
C559742,21877,HOME SWEET HOME MUG,-12,7/12/2011 11:11,1.25,14267,United Kingdom,-15
C577688,85048,15CM CHRISTMAS GLASS BALL 20 LIGHTS,-1,11/21/2011 11:29,7.95,13890,United Kingdom,-7.95
C574493,23235,STORAGE TIN VINTAGE LEAF,-1,11/4/2011 13:09,2.89,14842,United Kingdom,-2.89
C559939,82484,WOOD BLACK BOARD ANT WHITE FINISH,-12,7/14/2011 10:19,6.75,14426,United Kingdom,-81
C561016,22400,MAGNETS PACK OF 4 HOME SWEET HOME,-1,7/22/2011 16:41,0.39,14056,United Kingdom,-0.39
C549786,22252,BIRDCAGE DECORATION TEALIGHT HOLDER,-6,4/12/2011 11:58,1.25,14071,United Kingdom,-7.5
572898,22180,Unknown,-15,10/26/2011 14:50,0,Guest,United Kingdom,0
559943,21578,?,-251,7/14/2011 10:21,0,Guest,United Kingdom,0
C565848,84991,60 TEATIME FAIRY CAKE CASES,-5,9/7/2011 12:48,0.55,14606,United Kingdom,-2.75
C548532,82482,WOODEN PICTURE FRAME WHITE FINISH,-24,3/31/2011 17:16,2.55,14031,United Kingdom,-61.2
548999,84743C,damages,-26,4/5/2011 14:34,0,Guest,United Kingdom,0
C580263,22232,JIGSAW TOADSTOOLS 3 PIECE,-16,12/2/2011 12:43,0.59,12536,France,-9.44
C540788,84813,SET OF 4 DIAMOND NAPKIN RINGS,-1,1/11/2011 11:46,3.95,13576,United Kingdom,-3.95
C559334,20898,VINTAGE NOTEBOOK TRAVELOGUE,-6,7/7/2011 15:50,2.95,16581,United Kingdom,-17.7
557031,21447,Unknown,-65,6/16/2011 13:31,0,Guest,United Kingdom,0
C571316,23483,HANGING  BUTTERFLY T-LIGHT HOLDER,-3,10/17/2011 10:47,1.25,15091,United Kingdom,-3.75
C549786,22343,PARTY PIZZA DISH RED RETROSPOT,-18,4/12/2011 11:58,0.85,14071,United Kingdom,-15.3
C546868,22168,ORGANISER WOOD ANTIQUE WHITE ,-1,3/17/2011 15:49,8.5,15671,United Kingdom,-8.5
555391,22501,Unknown,-10,6/2/2011 16:29,0,Guest,United Kingdom,0
574580,20751,check,-35,11/4/2011 17:44,0,Guest,United Kingdom,0
C542256,22095,LADS ONLY TISSUE BOX,-1,1/26/2011 17:04,1.06,17722,United Kingdom,-1.06
C546557,M,Manual,-1,3/15/2011 9:44,2583.76,Guest,Hong Kong,-2583.76
C558326,22551,PLASTERS IN TIN SPACEBOY,-1,6/28/2011 11:59,1.65,13300,United Kingdom,-1.65
C569655,22477,WATERING CAN GARDEN MARKER,-1,10/5/2011 12:58,1.25,14534,United Kingdom,-1.25
C563600,21584,RETROSPOT SMALL TUBE MATCHES,-1,8/18/2011 6:24,1.65,14911,EIRE,-1.65
C563577,21871,SAVE THE PLANET MUG,-576,8/17/2011 15:06,1.06,17949,United Kingdom,-610.56
C575749,22276,WASH BAG VINTAGE ROSE PAISLEY,-1,11/11/2011 10:24,2.55,12856,United Kingdom,-2.55
C544184,21877,HOME SWEET HOME MUG,-144,2/16/2011 15:47,1.06,16684,United Kingdom,-152.64
566121,23306,Unknown,-682,9/9/2011 10:56,0,Guest,United Kingdom,0
C548947,22152,PLACE SETTING WHITE STAR,-1,4/5/2011 10:45,0.42,14546,United Kingdom,-0.42
C572850,23406,HOME SWEET HOME KEY HOLDER,-1,10/26/2011 12:22,6.25,17841,United Kingdom,-6.25
C577388,22507,MEMO BOARD RETROSPOT  DESIGN,-3,11/18/2011 16:58,4.95,14911,EIRE,-14.85
C571003,71053,WHITE METAL LANTERN,-1,10/13/2011 12:04,3.75,15801,United Kingdom,-3.75
C566071,23245,SET OF 3 REGENCY CAKE TINS,-3,9/8/2011 17:56,4.95,17997,United Kingdom,-14.85
C550485,22059,CERAMIC STRAWBERRY DESIGN MUG,-9,4/18/2011 14:15,1.49,13317,United Kingdom,-13.41
C576561,22778,GLASS CLOCHE SMALL,-3,11/15/2011 13:22,3.39,15311,United Kingdom,-10.17
C550494,21314,SMALL GLASS HEART TRINKET POT,-1,4/18/2011 14:54,1.85,15311,United Kingdom,-1.85
551689,22625,Unknown,-9,5/3/2011 13:35,0,Guest,United Kingdom,0
551690,21143,Unknown,-9,5/3/2011 13:35,0,Guest,United Kingdom,0
C547838,82483,WOOD 2 DRAWER CABINET WHITE FINISH,-2,3/27/2011 10:47,6.95,12916,United Kingdom,-13.9
C567708,21212,PACK OF 72 RETROSPOT CAKE CASES,-31,9/22/2011 9:53,0.55,15201,United Kingdom,-17.05
C540246,79320,FLAMINGO LIGHTS,-1,1/5/2011 15:43,4.95,13081,United Kingdom,-4.95
C579869,23428,IVORY RETRO KITCHEN WALL CLOCK,-2,11/30/2011 16:44,8.15,14189,United Kingdom,-16.3
548677,72781,Unknown,-30,4/1/2011 16:40,0,Guest,United Kingdom,0
560213,10123C,Unknown,-18,7/15/2011 15:05,0,Guest,United Kingdom,0
C559486,23028,DRAWER KNOB CRACKLE GLAZE BLUE,-1,7/8/2011 13:51,1.65,13047,United Kingdom,-1.65
547916,22459,Unknown,-36,3/28/2011 12:46,0,Guest,United Kingdom,0
C547234,21527,RED RETROSPOT TRADITIONAL TEAPOT ,-1,3/21/2011 16:21,7.95,12428,Finland,-7.95
C564960,23035,DRAWER KNOB CERAMIC IVORY,-6,8/31/2011 14:24,1.45,14525,United Kingdom,-8.7
C568575,85035A,GARDENIA 3 WICK MORRIS BOXED CANDLE,-1,9/28/2011 9:22,4.25,13134,United Kingdom,-4.25
C569995,23267,SET OF 4 SANTA PLACE SETTINGS,-48,10/6/2011 20:36,1.25,14557,United Kingdom,-60
575721,22804,Wrongly mrked had 85123a in box,-256,11/10/2011 18:19,0,Guest,United Kingdom,0
C536816,21129,SILVER FISHING GNOME ,-2,12/2/2010 17:06,6.95,14443,United Kingdom,-13.9
C541822,22778,GLASS CLOCHE SMALL,-2,1/21/2011 16:53,3.95,15658,United Kingdom,-7.9
C556669,22139,RETROSPOT TEA SET CERAMIC 11 PC ,-3,6/13/2011 16:28,4.95,16133,United Kingdom,-14.85
567061,84877B,Unknown,-27,9/16/2011 11:42,0,Guest,United Kingdom,0
548662,82494L,Unknown,-180,4/1/2011 14:31,0,Guest,United Kingdom,0
C552704,22729,ALARM CLOCK BAKELIKE ORANGE,-1,5/10/2011 16:05,3.39,13098,United Kingdom,-3.39
C577159,84665,SQUARE CHERRY BLOSSOM CABINET,-1,11/18/2011 9:58,5.95,15406,United Kingdom,-5.95
C539003,D,Discount,-1,12/15/2010 12:35,26.93,14527,United Kingdom,-26.93
C575752,23213,STAR WREATH DECORATION WITH BELL,-12,11/11/2011 10:40,1.25,13500,United Kingdom,-15
C570221,22059,CERAMIC STRAWBERRY DESIGN MUG,-1,10/9/2011 12:56,1.49,13113,United Kingdom,-1.49
C568395,22960,JAM MAKING SET WITH JARS,-1,9/27/2011 10:21,4.25,17480,United Kingdom,-4.25
C572120,22138,BAKING SET 9 PIECE RETROSPOT ,-1,10/20/2011 19:29,4.95,14911,EIRE,-4.95
C543755,22743,MAKE YOUR OWN FLOWERPOWER CARD KIT,-6,2/11/2011 14:48,2.95,14304,United Kingdom,-17.7
C548723,82482,WOODEN PICTURE FRAME WHITE FINISH,-1,4/4/2011 9:02,2.55,15874,United Kingdom,-2.55
C573030,23300,GARDENERS KNEELING PAD CUP OF TEA ,-1,10/27/2011 13:34,1.65,15468,United Kingdom,-1.65
C556669,23168,CLASSIC CAFE SUGAR DISPENSER,-12,6/13/2011 16:28,1.25,16133,United Kingdom,-15
550758,85017A,Unknown,-8,4/20/2011 12:09,0,Guest,United Kingdom,0
C552849,22804,CANDLEHOLDER PINK HANGING HEART,-6,5/11/2011 14:52,2.95,14367,United Kingdom,-17.7
C570099,20711,JUMBO BAG TOYS ,-2,10/7/2011 12:11,1.65,13798,United Kingdom,-3.3
549175,21171,Unknown,-30,4/6/2011 17:30,0,Guest,United Kingdom,0
C577832,23243,SET OF TEA COFFEE SUGAR TINS PANTRY,-4,11/22/2011 10:18,4.95,18274,United Kingdom,-19.8
C541822,22697,GREEN REGENCY TEACUP AND SAUCER,-1,1/21/2011 16:53,2.95,15658,United Kingdom,-2.95
568725,79000,Unknown,-209,9/28/2011 16:28,0,Guest,United Kingdom,0
C571707,21155,RED RETROSPOT PEG BAG,-1,10/18/2011 15:33,2.55,14056,United Kingdom,-2.55
C550014,23177,TREASURE ISLAND BOOK BOX,-8,4/14/2011 10:52,2.25,16133,United Kingdom,-18
C549450,22637,PIGGY BANK RETROSPOT ,-4,4/8/2011 14:13,2.55,13089,United Kingdom,-10.2
C553376,M,Manual,-1,5/16/2011 14:56,273.79,Guest,United Kingdom,-273.79
C536812,22578,WOODEN STAR CHRISTMAS SCANDINAVIAN,-36,12/2/2010 16:58,0.85,16546,United Kingdom,-30.6
C580751,23080,RED METAL BOX TOP SECRET,-2,12/6/2011 9:56,8.25,12921,United Kingdom,-16.5
C569994,84031A,CHARLIE+LOLA RED HOT WATER BOTTLE ,-20,10/6/2011 20:33,1.95,15606,United Kingdom,-39
C547582,23194,GYMKHANA TREASURE BOOK BOX,-3,3/24/2011 11:06,2.25,12474,Germany,-6.75
C562206,20725,LUNCH BAG RED RETROSPOT,-2,8/3/2011 12:55,1.65,15625,United Kingdom,-3.3
C568903,22068,BLACK PIRATE TREASURE CHEST,-12,9/29/2011 13:29,1.65,16156,United Kingdom,-19.8
C543611,21730,GLASS STAR FROSTED T-LIGHT HOLDER,-1,2/10/2011 14:38,4.95,17850,United Kingdom,-4.95
C554493,84616,SILVER ROCCOCO CHANDELIER,-1,5/24/2011 13:59,29.95,16818,United Kingdom,-29.95
C559105,23202,JUMBO BAG VINTAGE LEAF,-1,7/6/2011 11:10,2.08,16393,United Kingdom,-2.08
C542540,DOT,DOTCOM POSTAGE,-1,1/28/2011 14:20,3.29,Guest,United Kingdom,-3.29
C567682,M,Manual,-13,9/21/2011 16:28,0.79,17997,United Kingdom,-10.27
C554100,22859,EASTER TIN BUNNY BOUQUET,-1,5/22/2011 13:27,1.65,15555,United Kingdom,-1.65
559414,22855,Unknown,-4,7/8/2011 10:52,0,Guest,United Kingdom,0
C575940,23226,FILIGREE HEART DAISY WHITE,-48,11/13/2011 11:38,1.25,17838,United Kingdom,-60
C574748,22382,LUNCH BAG SPACEBOY DESIGN ,-100,11/7/2011 8:41,1.45,17107,United Kingdom,-145
C577153,22720,SET OF 3 CAKE TINS PANTRY DESIGN ,-3,11/18/2011 9:54,4.95,13266,United Kingdom,-14.85
C576241,22470,HEART OF WICKER LARGE,-2,11/14/2011 13:35,2.95,13447,United Kingdom,-5.9
C549162,22960,JAM MAKING SET WITH JARS,-1,4/6/2011 17:16,4.25,17438,United Kingdom,-4.25
580991,22481,wet boxes,-288,12/6/2011 16:55,0,Guest,United Kingdom,0
C537763,85068,CREAM SWEETHEART SHELF + HOOKS,-1,12/8/2010 12:03,7.95,16713,United Kingdom,-7.95
C540164,21412,VINTAGE GOLD TINSEL REEL,-6,1/5/2011 12:02,0.42,14911,EIRE,-2.52
C576856,23556,LANDMARK FRAME COVENT GARDEN ,-1,11/16/2011 15:51,12.5,16912,United Kingdom,-12.5
C558347,S,SAMPLES,-1,6/28/2011 14:47,9.9,Guest,United Kingdom,-9.9
544554,22588,Unknown,-41,2/21/2011 12:12,0,Guest,United Kingdom,0
C555629,22270,HAPPY EASTER HANGING DECORATION,-4,6/6/2011 12:04,3.75,14543,United Kingdom,-15
C555411,22694,WICKER STAR ,-40,6/3/2011 9:46,2.1,13069,United Kingdom,-84
C546416,21642,ASSORTED TUTTI FRUTTI PEN,-5,3/13/2011 10:48,0.85,14800,United Kingdom,-4.25
551459,22173,Unknown,-30,4/28/2011 16:04,0,Guest,United Kingdom,0
C545773,21843,RED RETROSPOT CAKE STAND,-1,3/7/2011 12:06,10.95,17139,United Kingdom,-10.95
C557516,22171,3 HOOK PHOTO SHELF ANTIQUE WHITE,-1,6/20/2011 17:07,8.5,17651,United Kingdom,-8.5
567149,35607B,thrown away,-9,9/16/2011 15:29,0,Guest,United Kingdom,0
C580686,22960,JAM MAKING SET WITH JARS,-1,12/5/2011 15:28,4.25,15984,United Kingdom,-4.25
C557663,20725,LUNCH BAG RED RETROSPOT,-12,6/21/2011 17:59,1.65,Guest,EIRE,-19.8
570259,22336,Unknown,-114,10/10/2011 9:59,0,Guest,United Kingdom,0
C553536,23173,REGENCY TEAPOT ROSES ,-2,5/17/2011 15:24,8.15,14051,United Kingdom,-16.3
C562808,23187,FRENCH STYLE STORAGE JAR BONBONS,-5,8/9/2011 15:10,0.29,18282,United Kingdom,-1.45
C568598,23431,NATURAL HANGING QUILTED HEARTS ,-2,9/28/2011 11:19,0.83,15737,United Kingdom,-1.66
C540535,84997D,PINK 3 PIECE POLKADOT CUTLERY SET,-1,1/9/2011 14:17,3.75,15005,United Kingdom,-3.75
C569975,23118,PARISIENNE JEWELLERY DRAWER ,-1,10/6/2011 19:25,7.5,14333,United Kingdom,-7.5
575714,85125,check,-64,11/10/2011 17:55,0,Guest,United Kingdom,0
547347,22470,Unknown,-6,3/22/2011 11:56,0,Guest,United Kingdom,0
C571695,22664,TOY TIDY DOLLY GIRL DESIGN,-10,10/18/2011 14:46,2.1,14776,United Kingdom,-21
C541735,22138,BAKING SET 9 PIECE RETROSPOT ,-6,1/21/2011 11:35,4.95,12626,Germany,-29.7
C569995,23301,GARDENERS KNEELING PAD KEEP CALM ,-48,10/6/2011 20:36,1.45,14557,United Kingdom,-69.6
C542792,22730,ALARM CLOCK BAKELIKE IVORY,-1,2/1/2011 10:49,3.75,14627,United Kingdom,-3.75
C550485,21232,STRAWBERRY CERAMIC TRINKET BOX,-4,4/18/2011 14:15,1.25,13317,United Kingdom,-5
C542264,48138,DOORMAT UNION FLAG,-1,1/26/2011 17:25,7.95,15215,United Kingdom,-7.95
C538699,35400,WOODEN BOX ADVENT CALENDAR ,-4,12/14/2010 10:23,7.95,16422,United Kingdom,-31.8
C562954,84927F,PSYCHEDELIC TILE HOOK,-5,8/11/2011 10:13,0.39,17429,United Kingdom,-1.95
C550475,20724,RED RETROSPOT CHARLOTTE BAG,-1,4/18/2011 13:59,0.72,13798,United Kingdom,-0.72
C567690,20728,LUNCH BAG CARS BLUE,-6,9/21/2011 17:01,1.65,15810,United Kingdom,-9.9
C565962,23307,SET OF 60 PANTRY DESIGN CAKE CASES ,-17,9/8/2011 11:25,0.55,14410,United Kingdom,-9.35
C566464,23168,CLASSIC CAFE SUGAR DISPENSER,-1,9/12/2011 17:54,1.25,15764,United Kingdom,-1.25
C560409,22986,WRAP GINGHAM ROSE ,-25,7/18/2011 14:24,0.42,16717,United Kingdom,-10.5
C562957,22842,BISCUIT TIN VINTAGE RED,-1,8/11/2011 10:15,6.75,13319,United Kingdom,-6.75
C556656,21314,SMALL GLASS HEART TRINKET POT,-2,6/13/2011 16:21,2.1,13148,United Kingdom,-4.2
C560386,POST,POSTAGE,-1,7/18/2011 12:55,9.72,Guest,United Kingdom,-9.72
C581228,22781,GUMBALL MAGAZINE RACK,-24,12/8/2011 10:06,6.75,16019,United Kingdom,-162
C559983,23083,SET 6 PAPER TABLE LANTERN STARS ,-12,7/14/2011 11:41,3.75,14562,United Kingdom,-45
C577354,23470,CARD HOLDER LOVE BIRD LARGE ,-1,11/18/2011 15:50,6.25,14732,United Kingdom,-6.25
C536850,22186,RED STAR CARD HOLDER,-48,12/3/2010 9:47,2.55,14213,United Kingdom,-122.4
C578371,22551,PLASTERS IN TIN SPACEBOY,-1,11/24/2011 11:16,1.65,14410,United Kingdom,-1.65
C574753,23404,HOME SWEET HOME BLACKBOARD,-2,11/7/2011 9:20,4.95,13924,United Kingdom,-9.9
C542346,85232B,SET OF 3 BABUSHKA STACKING TINS,-5,1/27/2011 12:00,4.25,12709,Germany,-21.25
C543755,21591,COSY HOUR CIGAR BOX MATCHES ,-24,2/11/2011 14:48,1.25,14304,United Kingdom,-30
C554330,21535,RED RETROSPOT SMALL MILK JUG,-1,5/23/2011 17:08,2.55,12749,United Kingdom,-2.55
C569655,22992,REVOLVER WOODEN RULER ,-3,10/5/2011 12:58,1.95,14534,United Kingdom,-5.85
C541573,22778,GLASS CLOCHE SMALL,-4,1/19/2011 12:47,3.39,15311,United Kingdom,-13.56
C575940,22155,STAR DECORATION RUSTIC,-48,11/13/2011 11:38,0.42,17838,United Kingdom,-20.16
C580954,22128,PARTY CONES CANDY ASSORTED,-42,12/6/2011 14:19,1.25,12967,United Kingdom,-52.5
C544171,21156,RETROSPOT CHILDRENS APRON,-5,2/16/2011 14:13,1.95,13001,United Kingdom,-9.75
C574584,82494L,WOODEN FRAME ANTIQUE WHITE ,-48,11/4/2011 18:11,2.55,15482,United Kingdom,-122.4
C542256,22116,METAL SIGN HIS DINNER IS SERVED,-12,1/26/2011 17:04,0.85,17722,United Kingdom,-10.2
565057,82551,Unknown,-110,8/31/2011 17:12,0,Guest,United Kingdom,0
C550475,22064,PINK DOUGHNUT TRINKET POT ,-3,4/18/2011 13:59,1.45,13798,United Kingdom,-4.35
C551331,22768,FAMILY PHOTO FRAME CORNICE,-2,4/27/2011 16:19,9.95,16398,United Kingdom,-19.9
C570203,71477,COLOUR GLASS. STAR T-LIGHT HOLDER,-2,10/7/2011 16:49,3.29,15311,United Kingdom,-6.58
C576226,23404,HOME SWEET HOME BLACKBOARD,-1,11/14/2011 13:10,4.95,13268,United Kingdom,-4.95
C581466,21535,RED RETROSPOT SMALL MILK JUG,-2,12/8/2011 19:20,2.55,13883,United Kingdom,-5.1
C546997,23230,WRAP ALPHABET DESIGN,-25,3/18/2011 13:32,0.42,12748,United Kingdom,-10.5
C580312,21810,CHRISTMAS HANGING STAR WITH BELL,-11,12/2/2011 15:09,1.25,13969,United Kingdom,-13.75
C542792,21259,VICTORIAN SEWING BOX SMALL ,-1,2/1/2011 10:49,5.95,14627,United Kingdom,-5.95
C553510,POST,POSTAGE,-1,5/17/2011 13:46,1,14342,United Kingdom,-1
C568832,23113,PANTRY CHOPPING BOARD,-186,9/29/2011 11:35,5.15,17450,United Kingdom,-957.9
C557465,22057,CERAMIC PLATE STRAWBERRY DESIGN,-3,6/20/2011 13:07,1.49,14796,United Kingdom,-4.47
C543347,21244,BLUE POLKADOT PLATE ,-2,2/7/2011 12:44,1.69,12472,Germany,-3.38
C554029,22423,REGENCY CAKESTAND 3 TIER,-1,5/20/2011 13:54,12.75,12681,France,-12.75
C574524,23264,SET OF 3 WOODEN SLEIGH DECORATIONS,-1,11/4/2011 13:53,1.25,17841,United Kingdom,-1.25
C572485,23020,GLASS  SONGBIRD STORAGE JAR,-1,10/24/2011 13:50,11.15,14952,United Kingdom,-11.15
C540942,37448,CERAMIC CAKE DESIGN SPOTTED MUG,-1,1/12/2011 12:30,1.49,13113,United Kingdom,-1.49
C542910,85123A,WHITE HANGING HEART T-LIGHT HOLDER,-1,2/1/2011 15:38,2.55,17511,United Kingdom,-2.55
C560818,22842,BISCUIT TIN VINTAGE RED,-1,7/21/2011 10:52,6.75,17811,United Kingdom,-6.75
C557060,21781,MA CAMPAGNE CUTLERY BOX,-1,6/16/2011 14:54,14.95,17725,United Kingdom,-14.95
C564903,22424,ENAMEL BREAD BIN CREAM,-1,8/31/2011 12:05,12.75,16984,United Kingdom,-12.75
C557663,21754,HOME BUILDING BLOCK WORD,-9,6/21/2011 17:59,5.95,Guest,EIRE,-53.55
C557224,82483,WOOD 2 DRAWER CABINET WHITE FINISH,-2,6/17/2011 13:22,5.95,15311,United Kingdom,-11.9
C555196,22507,MEMO BOARD RETROSPOT  DESIGN,-1,6/1/2011 11:40,4.95,14606,United Kingdom,-4.95
C580989,22331,WOODLAND PARTY BAG + STICKER SET,-1,12/6/2011 16:42,1.65,12709,Germany,-1.65
542553,21805,Unknown,-1,1/28/2011 14:49,0,Guest,United Kingdom,0
C544580,S,SAMPLES,-1,2/21/2011 14:25,20.98,Guest,United Kingdom,-20.98
C555328,22766,PHOTO FRAME CORNICE,-4,6/2/2011 11:07,2.95,16449,United Kingdom,-11.8
C548626,22193,RED DINER WALL CLOCK,-1,4/1/2011 12:16,8.5,15622,United Kingdom,-8.5
C572989,22603,CHRISTMAS RETROSPOT TREE WOOD,-2,10/27/2011 10:53,0.85,15786,United Kingdom,-1.7
545562,20689,Unknown,-5,3/3/2011 16:12,0,Guest,United Kingdom,0
C558257,23029,DRAWER KNOB CRACKLE GLAZE GREEN,-3,6/27/2011 17:27,1.65,18198,United Kingdom,-4.95
C559502,22362,GLASS JAR PEACOCK BATH SALTS,-4,7/8/2011 14:53,2.95,13338,United Kingdom,-11.8
C567704,23152,IVORY SWEETHEART WIRE LETTER RACK ,-4,9/22/2011 9:41,3.75,17716,United Kingdom,-15
C542799,22156,HEART DECORATION WITH PEARLS ,-1,2/1/2011 11:12,0.72,14606,United Kingdom,-0.72
C542740,22652,TRAVEL SEWING KIT,-1,1/31/2011 15:59,1.65,12853,United Kingdom,-1.65
C544583,S,SAMPLES,-1,2/21/2011 14:48,2.8,Guest,United Kingdom,-2.8
C549041,22558,CLOTHES PEGS RETROSPOT PACK 24 ,-1,4/5/2011 17:22,1.65,17644,United Kingdom,-1.65
C559347,22209,WOOD STAMP SET HAPPY BIRTHDAY,-12,7/7/2011 17:22,0.83,18072,United Kingdom,-9.96
C547763,22666,RECIPE BOX PANTRY YELLOW DESIGN,-3,3/25/2011 11:31,2.95,14194,United Kingdom,-8.85
C566777,22840,ROUND CAKE TIN VINTAGE RED,-1,9/15/2011 9:55,7.95,14911,EIRE,-7.95
C559705,20725,LUNCH BAG RED RETROSPOT,-1,7/12/2011 9:58,1.65,15719,United Kingdom,-1.65
556287,16043,Unknown,-45,6/10/2011 9:22,0,Guest,United Kingdom,0
C569114,22699,ROSES REGENCY TEACUP AND SAUCER ,-2,9/30/2011 12:50,2.95,14911,EIRE,-5.9
C553150,22676,FRENCH BLUE METAL DOOR SIGN 1,-1,5/13/2011 14:22,1.25,17841,United Kingdom,-1.25
C580714,22720,SET OF 3 CAKE TINS PANTRY DESIGN ,-2,12/5/2011 16:39,4.95,12479,Germany,-9.9
C539576,20679,EDWARDIAN PARASOL RED,-6,12/20/2010 12:25,5.95,14911,EIRE,-35.7
C553561,22502,PICNIC BASKET WICKER SMALL,-1,5/17/2011 17:24,5.95,15596,United Kingdom,-5.95
C543767,22726,ALARM CLOCK BAKELIKE GREEN,-1,2/11/2011 15:19,3.75,13767,United Kingdom,-3.75
C577153,22096,PINK PAISLEY SQUARE TISSUE BOX ,-6,11/18/2011 9:54,0.39,13266,United Kingdom,-2.34
C569891,22588,CARD HOLDER GINGHAM HEART,-1,10/6/2011 15:46,2.89,13924,United Kingdom,-2.89
C555729,23093,SMALL PARISIENNE HEART PHOTO FRAME ,-1,6/6/2011 16:50,2.49,13552,United Kingdom,-2.49
C548605,22453,MEASURING TAPE BABUSHKA BLUE,-1,4/1/2011 11:03,2.95,Guest,United Kingdom,-2.95
C570889,22847,BREAD BIN DINER STYLE IVORY,-1,10/13/2011 10:49,16.95,13954,United Kingdom,-16.95
549038,84569D,Unknown,-70,4/5/2011 17:10,0,Guest,United Kingdom,0
C554336,22433,WATERING CAN GREEN DINOSAUR,-1,5/23/2011 17:20,1.95,12474,Germany,-1.95
C540246,85042,ANTIQUE LILY FAIRY LIGHTS,-2,1/5/2011 15:43,4.95,13081,United Kingdom,-9.9
C560855,23194,GYMKHANA TREASURE BOOK BOX,-2,7/21/2011 13:00,2.25,14410,United Kingdom,-4.5
C550533,47566B,TEA TIME PARTY BUNTING,-2,4/19/2011 11:03,4.95,17071,United Kingdom,-9.9
C575064,20712,JUMBO BAG WOODLAND ANIMALS,-2,11/8/2011 12:39,2.08,12472,Germany,-4.16
C545516,20728,LUNCH BAG CARS BLUE,-2,3/3/2011 12:11,1.65,14276,United Kingdom,-3.3
C538341,22976,CIRCUS PARADE CHILDRENS EGG CUP ,-12,12/10/2010 14:03,1.25,15514,United Kingdom,-15
C566445,23193,BUFFALO BILL TREASURE BOOK BOX,-6,9/12/2011 15:35,2.25,14286,United Kingdom,-13.5
C537602,22169,FAMILY ALBUM WHITE PICTURE FRAME,-1,12/7/2010 12:45,7.65,17511,United Kingdom,-7.65
551704,22656,Unknown,-2,5/3/2011 14:33,0,Guest,United Kingdom,0
C564488,23086,ZINC  STAR T-LIGHT HOLDER ,-16,8/25/2011 14:12,1.25,16859,United Kingdom,-20
C577750,23204,CHARLOTTE BAG APPLES DESIGN,-6,11/21/2011 14:30,0.85,12878,United Kingdom,-5.1
537018,84562A,Unknown,-3,12/3/2010 15:42,0,Guest,United Kingdom,0
C556647,22456,NATURAL SLATE CHALKBOARD LARGE ,-3,6/13/2011 16:14,4.95,13012,United Kingdom,-14.85
C579757,47469,ASSORTED SHAPES PHOTO CLIP SILVER ,-24,11/30/2011 14:56,0.65,Guest,United Kingdom,-15.6
577118,22286,check,-47,11/17/2011 18:05,0,Guest,United Kingdom,0
C556647,22424,ENAMEL BREAD BIN CREAM,-1,6/13/2011 16:14,12.75,13012,United Kingdom,-12.75
C557269,22781,GUMBALL MAGAZINE RACK,-2,6/19/2011 11:27,7.65,13097,United Kingdom,-15.3
C539712,POST,POSTAGE,-1,12/21/2010 12:40,5.75,15602,United Kingdom,-5.75
C548460,21622,VINTAGE UNION JACK CUSHION COVER,-4,3/31/2011 11:58,4.95,16801,United Kingdom,-19.8
C539661,15036,ASSORTED COLOURS SILK FAN,-48,12/21/2010 10:16,0.75,12971,United Kingdom,-36
C546204,POST,POSTAGE,-1,3/10/2011 11:13,1.72,13599,United Kingdom,-1.72
C555639,22766,PHOTO FRAME CORNICE,-1,6/6/2011 12:58,2.95,13458,United Kingdom,-2.95
C542092,85099B,JUMBO BAG RED RETROSPOT,-2,1/25/2011 12:45,1.95,14389,United Kingdom,-3.9
C569115,POST,POSTAGE,-1,9/30/2011 12:51,7.62,13426,United Kingdom,-7.62
C542138,84536A,ENGLISH ROSE NOTEBOOK A7 SIZE,-32,1/25/2011 17:21,0.42,17368,United Kingdom,-13.44
C559683,82486,WOOD S/3 CABINET ANT WHITE FINISH,-1,7/11/2011 14:56,8.95,17337,United Kingdom,-8.95
C556920,21658,GLASS  BEURRE DISH,-1,6/15/2011 13:49,3.95,13047,United Kingdom,-3.95
C578371,22526,WHEELBARROW FOR CHILDREN ,-1,11/24/2011 11:16,12.75,14410,United Kingdom,-12.75
C572481,23252,VINTAGE RED ENAMEL TRIM JUG ,-4,10/24/2011 13:48,3.75,15632,United Kingdom,-15
C570025,AMAZONFEE,AMAZON FEE,-1,10/7/2011 10:29,5942.57,Guest,United Kingdom,-5942.57
C564134,22551,PLASTERS IN TIN SPACEBOY,-1,8/23/2011 11:02,1.65,12456,Switzerland,-1.65
C544671,S,SAMPLES,-1,2/22/2011 15:45,21.9,Guest,United Kingdom,-21.9
C567147,23307,SET OF 60 PANTRY DESIGN CAKE CASES ,-24,9/16/2011 15:14,0.55,12709,Germany,-13.2
C553906,22464,HANGING METAL HEART LANTERN,-1,5/19/2011 18:13,1.65,16554,United Kingdom,-1.65
C572116,22460,EMBOSSED GLASS TEALIGHT HOLDER,-1,10/20/2011 19:17,1.25,15620,United Kingdom,-1.25
C578276,23108,SET OF 10 LED DOLLY LIGHTS,-1,11/23/2011 13:48,5.39,17511,United Kingdom,-5.39
556306,37479B,sold as set by dotcom,-30,6/10/2011 10:38,0,Guest,United Kingdom,0
C542261,22971,QUEENS GUARD COFFEE MUG,-2,1/26/2011 17:13,2.1,17306,United Kingdom,-4.2
C563536,M,Manual,-1,8/17/2011 11:39,413.68,Guest,United Kingdom,-413.68
C579928,23485,BOTANICAL GARDENS WALL CLOCK ,-1,12/1/2011 9:29,25,14121,United Kingdom,-25
C578363,22112,CHOCOLATE HOT WATER BOTTLE,-24,11/24/2011 10:40,4.25,15482,United Kingdom,-102
C553030,22149,FELTCRAFT 6 FLOWER FRIENDS,-1,5/12/2011 19:42,2.1,18142,United Kingdom,-2.1
C568377,23292,SPACEBOY CHILDRENS CUP,-2,9/27/2011 8:53,1.25,14911,EIRE,-2.5
C536817,71477,COLOUR GLASS. STAR T-LIGHT HOLDER,-1,12/2/2010 17:08,3.25,14156,EIRE,-3.25
C578991,22999,TRAVEL CARD WALLET VINTAGE LEAF,-1,11/27/2011 15:31,0.42,15555,United Kingdom,-0.42
C547342,82484,WOOD BLACK BOARD ANT WHITE FINISH,-1,3/22/2011 11:54,7.9,15044,United Kingdom,-7.9
C543633,85059,FRENCH ENAMEL WATER BASIN,-5,2/10/2011 16:24,3.75,17188,United Kingdom,-18.75
C567534,20725,LUNCH BAG RED RETROSPOT,-2,9/21/2011 9:49,1.65,16341,United Kingdom,-3.3
C537132,22184,CAKE STAND VICTORIAN FILIGREE LARGE,-1,12/5/2010 12:29,8.5,15221,United Kingdom,-8.5
C570221,22694,WICKER STAR ,-9,10/9/2011 12:56,2.1,13113,United Kingdom,-18.9
C556649,23108,SET OF 10 LED DOLLY LIGHTS,-2,6/13/2011 16:15,6.25,15238,United Kingdom,-12.5
571012,21402,Unknown,-147,10/13/2011 12:15,0,Guest,United Kingdom,0
C567713,M,Manual,-3,9/22/2011 10:10,1,Guest,United Kingdom,-3
C548392,21277,FRENCH STYLE EMBOSSED HEART CABINET,-1,3/30/2011 17:09,21.95,18075,United Kingdom,-21.95
551668,22444,Unknown,-10,5/3/2011 12:37,0,Guest,United Kingdom,0
C551335,22784,LANTERN CREAM GAZEBO ,-1,4/27/2011 16:44,4.95,14198,United Kingdom,-4.95
556014,37476,Unknown,-3,6/8/2011 11:46,0,Guest,United Kingdom,0
C566161,21528,DAIRY MAID TRADITIONAL TEAPOT ,-1,9/9/2011 11:39,6.95,17696,United Kingdom,-6.95
C550423,23053,RECYCLED ACAPULCO MAT PINK,-1,4/18/2011 12:06,8.25,14403,United Kingdom,-8.25
C569989,23321,SMALL WHITE HEART OF WICKER,-11,10/6/2011 20:08,1.65,16839,United Kingdom,-18.15
C549692,22352,LUNCH BOX WITH CUTLERY RETROSPOT ,-1,4/11/2011 13:43,2.55,13668,United Kingdom,-2.55
C538084,22860,EASTER TIN CHICKS PINK DAISY,-6,12/9/2010 14:42,1.65,12649,Germany,-9.9
C579192,POST,POSTAGE,-4,11/28/2011 15:43,18,12657,France,-72
C552698,22697,GREEN REGENCY TEACUP AND SAUCER,-1,5/10/2011 15:50,2.95,13448,United Kingdom,-2.95
C541092,22700,BLACK AND WHITE DOG BOWL,-6,1/13/2011 12:56,0.85,13473,United Kingdom,-5.1
C580174,20961,STRAWBERRY BATH SPONGE ,-50,12/2/2011 11:45,1.25,14126,United Kingdom,-62.5
C543757,22068,BLACK PIRATE TREASURE CHEST,-1,2/11/2011 15:05,1.65,13115,United Kingdom,-1.65
547611,84631,Unknown,-9,3/24/2011 11:26,0,Guest,United Kingdom,0
C538052,22138,BAKING SET 9 PIECE RETROSPOT ,-1,12/9/2010 13:28,4.95,15181,United Kingdom,-4.95
C550770,84947,ANTIQUE SILVER TEA GLASS ENGRAVED,-9,4/20/2011 12:59,1.06,17856,United Kingdom,-9.54
C543741,22179,SET 10 LIGHTS NIGHT OWL,-1,2/11/2011 13:37,6.75,13021,United Kingdom,-6.75
C552535,22502,PICNIC BASKET WICKER SMALL,-1,5/10/2011 9:59,5.95,13269,United Kingdom,-5.95
C551863,21394,RED POLKADOT BEAKER ,-2,5/4/2011 16:12,0.39,16145,United Kingdom,-0.78
C577042,84947,ANTIQUE SILVER TEA GLASS ENGRAVED,-6,11/17/2011 13:35,1.25,13894,United Kingdom,-7.5
C579907,22169,FAMILY ALBUM WHITE PICTURE FRAME,-2,12/1/2011 8:48,7.65,Guest,EIRE,-15.3
C545456,22697,GREEN REGENCY TEACUP AND SAUCER,-1,3/2/2011 17:15,2.95,17865,United Kingdom,-2.95
C558110,22169,FAMILY ALBUM WHITE PICTURE FRAME,-2,6/26/2011 15:47,8.5,17731,United Kingdom,-17
C573750,85159B,"WHITE TEA,COFFEE,SUGAR JARS",-2,11/1/2011 9:29,1.95,16150,United Kingdom,-3.9
C571893,23494,VINTAGE DOILY DELUXE SEWING KIT ,-3,10/19/2011 14:13,5.95,13314,United Kingdom,-17.85
C569113,23045,PAPER LANTERN 5 POINT STAR MOON ,-20,9/30/2011 12:50,4.15,13426,United Kingdom,-83
C576223,22941,CHRISTMAS LIGHTS 10 REINDEER,-1,11/14/2011 13:02,8.5,15993,United Kingdom,-8.5
C546854,21232,STRAWBERRY CERAMIC TRINKET BOX,-10,3/17/2011 13:55,1.06,17511,United Kingdom,-10.6
C557779,23168,CLASSIC CAFE SUGAR DISPENSER,-4,6/22/2011 15:12,1.25,13004,United Kingdom,-5
C547661,22356,CHARLOTTE BAG PINK POLKADOT,-2,3/24/2011 13:09,0.85,13736,United Kingdom,-1.7
560425,81950B,Unknown,-23,7/18/2011 15:15,0,Guest,United Kingdom,0
561927,22740,?,-1060,8/1/2011 12:49,0,Guest,United Kingdom,0
C540165,85066,CREAM SWEETHEART MINI CHEST,-1,1/5/2011 12:05,12.75,18109,United Kingdom,-12.75
C566185,21844,RED RETROSPOT MUG,-1,9/9/2011 13:02,2.55,18167,United Kingdom,-2.55
C567704,22988,SOLDIERS EGG CUP ,-12,9/22/2011 9:41,1.25,17716,United Kingdom,-15
C540634,21655,HANGING RIDGE GLASS T-LIGHT HOLDER,-12,1/10/2011 12:02,1.69,13672,United Kingdom,-20.28
C549265,22364,GLASS JAR DIGESTIVE BISCUITS,-3,4/7/2011 12:45,2.95,16245,United Kingdom,-8.85
C559939,22718,CARD CAT AND TREE ,-12,7/14/2011 10:19,0.42,14426,United Kingdom,-5.04
C556925,71477,COLOUR GLASS. STAR T-LIGHT HOLDER,-420,6/15/2011 14:23,2.75,16013,United Kingdom,-1155
C578136,23173,REGENCY TEAPOT ROSES ,-1,11/23/2011 10:57,9.95,14156,EIRE,-9.95
561805,23284,Unknown,-15,7/29/2011 14:42,0,Guest,United Kingdom,0
C549898,21735,TWO DOOR CURIO CABINET,-2,4/12/2011 16:00,12.75,13078,United Kingdom,-25.5
C552564,23201,JUMBO BAG ALPHABET,-200,5/10/2011 11:55,1.79,13694,United Kingdom,-358
C577828,23318,BOX OF 6 MINI VINTAGE CRACKERS,-11,11/22/2011 9:53,2.08,14911,EIRE,-22.88
554311,84743C,Unknown,-16,5/23/2011 15:28,0,Guest,United Kingdom,0
C540388,85048,15CM CHRISTMAS GLASS BALL 20 LIGHTS,-1,1/6/2011 17:59,7.95,13115,United Kingdom,-7.95
C549253,22328,ROUND SNACK BOXES SET OF 4 FRUITS ,-1,4/7/2011 12:20,2.95,12408,Belgium,-2.95
C572446,POST,POSTAGE,-1,10/24/2011 12:23,70.21,Guest,United Kingdom,-70.21
C562921,22727,ALARM CLOCK BAKELIKE RED ,-1,8/10/2011 14:17,3.75,13767,United Kingdom,-3.75
C578274,85034C,3 ROSE MORRIS BOXED CANDLES,-1,11/23/2011 13:42,1.25,17828,Malta,-1.25
C564655,23075,PARLOUR CERAMIC WALL HOOK,-14,8/26/2011 14:35,4.15,13159,United Kingdom,-58.1
C566177,22349,DOG BOWL CHASING BALL DESIGN,-1,9/9/2011 12:38,3.75,14108,United Kingdom,-3.75
553401,22060,Unknown,-16,5/16/2011 17:10,0,Guest,United Kingdom,0
C568714,22775,PURPLE DRAWERKNOB ACRYLIC EDWARDIAN,-8,9/28/2011 16:04,1.25,16332,United Kingdom,-10
C560589,20982,12 PENCILS TALL TUBE SKULLS,-2,7/19/2011 15:50,0.85,15249,United Kingdom,-1.7
C548647,37449,CERAMIC CAKE STAND + HANGING CAKES,-3,4/1/2011 13:17,9.95,12888,United Kingdom,-29.85
C566745,21314,SMALL GLASS HEART TRINKET POT,-2,9/14/2011 15:15,2.1,16150,United Kingdom,-4.2
C560649,21530,DAIRY MAID TOASTRACK,-8,7/20/2011 11:35,0.79,17581,United Kingdom,-6.32
568081,84663A,Unknown,-9,9/23/2011 14:36,0,Guest,United Kingdom,0
C563600,22608,PENS ASSORTED FUNKY JEWELED ,-7,8/18/2011 6:24,0.19,14911,EIRE,-1.33
537000,21414,Unknown,-22,12/3/2010 15:32,0,Guest,United Kingdom,0
C539576,21155,RED RETROSPOT PEG BAG,-12,12/20/2010 12:25,2.1,14911,EIRE,-25.2
C548503,22072,RED RETROSPOT TEA CUP AND SAUCER ,-1,3/31/2011 14:23,3.75,14410,United Kingdom,-3.75
565314,84660C,Unknown,-21,9/2/2011 12:43,0,Guest,United Kingdom,0
C575004,48138,DOORMAT UNION FLAG,-4,11/8/2011 11:17,8.25,13587,United Kingdom,-33
C558716,22992,REVOLVER WOODEN RULER ,-12,7/1/2011 13:22,1.95,17888,United Kingdom,-23.4
C570290,22847,BREAD BIN DINER STYLE IVORY,-1,10/10/2011 11:54,16.95,14665,United Kingdom,-16.95
558890,84857C,Unknown,-24,7/4/2011 15:34,0,Guest,United Kingdom,0
573497,21642,check,-138,10/31/2011 12:00,0,Guest,United Kingdom,0
C551018,21238,RED RETROSPOT CUP,-1,4/26/2011 11:19,0.85,12705,Germany,-0.85
C578097,22112,CHOCOLATE HOT WATER BOTTLE,-48,11/22/2011 17:31,4.25,Guest,United Kingdom,-204
C564094,22328,ROUND SNACK BOXES SET OF 4 FRUITS ,-2,8/23/2011 10:30,2.95,16550,United Kingdom,-5.9
C567681,22613,PACK OF 20 SPACEBOY NAPKINS,-10,9/21/2011 16:24,0.85,15433,United Kingdom,-8.5
C541433,23166,MEDIUM CERAMIC TOP STORAGE JAR,-74215,1/18/2011 10:17,1.04,12346,United Kingdom,-77183.6
C576242,84949,SILVER HANGING T-LIGHT HOLDER,-2,11/14/2011 13:37,1.65,16747,United Kingdom,-3.3
C541232,22722,SET OF 6 SPICE TINS PANTRY DESIGN,-1,1/14/2011 16:58,3.95,16235,United Kingdom,-3.95
C548460,48184,DOORMAT ENGLISH ROSE ,-2,3/31/2011 11:58,7.95,16801,United Kingdom,-15.9
C572440,21239,PINK  POLKADOT CUP,-1,10/24/2011 12:06,0.85,17811,United Kingdom,-0.85
C579519,23139,SINGLE WIRE HOOK PINK HEART,-12,11/29/2011 18:11,1.45,12748,United Kingdom,-17.4
C538834,22618,COOKING SET RETROSPOT,-1,12/14/2010 13:06,9.95,14415,United Kingdom,-9.95
554432,85132A,damaged,-97,5/24/2011 12:16,0,Guest,United Kingdom,0
C580056,22467,GUMBALL COAT RACK,-1,12/1/2011 13:12,2.55,14911,EIRE,-2.55
C557879,22960,JAM MAKING SET WITH JARS,-1,6/23/2011 13:15,4.25,14911,EIRE,-4.25
C562281,84663A,GRASS HOPPER WOODEN WALL CLOCK ,-3,8/4/2011 10:36,0.79,12476,Germany,-2.37
C561703,23111,PARISIENNE SEWING BOX,-1,7/29/2011 11:07,12.5,12709,Germany,-12.5
C564142,21155,RED RETROSPOT PEG BAG,-1,8/23/2011 11:49,2.55,12477,Germany,-2.55
557777,44265,Unknown,-5,6/22/2011 15:11,0,Guest,United Kingdom,0
C537251,22911,PAPER CHAIN KIT LONDON,-2,12/6/2010 10:45,2.95,Guest,United Kingdom,-5.9
C542366,22041,"RECORD FRAME 7"" SINGLE SIZE ",-7,1/27/2011 12:54,2.1,13777,United Kingdom,-14.7
C540381,22962,JAM JAR WITH PINK LID,-1,1/6/2011 17:37,0.72,16705,United Kingdom,-0.72
C560414,M,Manual,-1,7/18/2011 14:35,550.64,13564,United Kingdom,-550.64
C564320,22767,TRIPLE PHOTO FRAME CORNICE ,-1,8/24/2011 13:20,9.95,16536,United Kingdom,-9.95
C557512,22922,FRIDGE MAGNETS US DINER ASSORTED,-24,6/20/2011 16:52,0.85,15700,United Kingdom,-20.4
C560855,23176,ABC TREASURE BOOK BOX ,-1,7/21/2011 13:00,2.25,14410,United Kingdom,-2.25
C539071,22279,POCKET BAG BLUE PAISLEY RED SPOT,-1,12/15/2010 17:04,1.25,17820,United Kingdom,-1.25
557596,23114,Damaged,-1440,6/21/2011 11:33,0,Guest,United Kingdom,0
542418,84966A,Unknown,-17,1/27/2011 17:39,0,Guest,United Kingdom,0
C576670,23238,SET OF 4 KNICK KNACK TINS LONDON ,-1,11/16/2011 11:55,4.15,16393,United Kingdom,-4.15
C560905,23146,TRIPLE HOOK ANTIQUE IVORY ROSE,-3,7/21/2011 17:54,3.29,13468,United Kingdom,-9.87
C579192,23318,BOX OF 6 MINI VINTAGE CRACKERS,-20,11/28/2011 15:43,2.49,12657,France,-49.8
C566174,22635,CHILDS BREAKFAST SET DOLLY GIRL ,-1,9/9/2011 12:26,9.95,16309,United Kingdom,-9.95
C568879,47566B,TEA TIME PARTY BUNTING,-33,9/29/2011 12:38,4.15,14680,United Kingdom,-136.95
C546131,22841,ROUND CAKE TIN VINTAGE GREEN,-1,3/9/2011 15:08,7.95,16057,United Kingdom,-7.95
C570290,21481,FAWN BLUE HOT WATER BOTTLE,-4,10/10/2011 11:54,3.75,14665,United Kingdom,-15
C537788,90062,CARNIVAL BRACELET,-1,12/8/2010 12:49,12.75,15916,United Kingdom,-12.75
C548360,22356,CHARLOTTE BAG PINK POLKADOT,-1,3/30/2011 15:35,0.85,13534,United Kingdom,-0.85
C536548,22580,ADVENT CALENDAR GINGHAM SACK,-4,12/1/2010 14:33,5.95,12472,Germany,-23.8
546407,22719,wrong barcode (22467),-178,3/11/2011 16:24,0,Guest,United Kingdom,0
C570867,21669,BLUE STRIPE CERAMIC DRAWER KNOB,-12,10/12/2011 16:17,1.45,12607,USA,-17.4
C546858,21534,DAIRY MAID LARGE MILK JUG,-1,3/17/2011 14:24,4.95,14081,United Kingdom,-4.95
540100,22837,?,-106,1/4/2011 16:53,0,Guest,United Kingdom,0
C562375,22699,ROSES REGENCY TEACUP AND SAUCER ,-48,8/4/2011 14:46,2.55,14911,EIRE,-122.4
C570464,S,SAMPLES,-1,10/10/2011 16:01,47.98,Guest,United Kingdom,-47.98
C559486,23029,DRAWER KNOB CRACKLE GLAZE GREEN,-1,7/8/2011 13:51,1.65,13047,United Kingdom,-1.65
C546930,85131A,BEADED PEARL HEART WHITE ON STICK,-1,3/18/2011 10:37,1.25,14701,United Kingdom,-1.25
C555273,22328,ROUND SNACK BOXES SET OF 4 FRUITS ,-2,6/1/2011 16:33,2.95,12708,Germany,-5.9
C545886,M,Manual,-1,3/7/2011 15:53,222.59,Guest,United Kingdom,-222.59
C569851,23209,LUNCH BAG VINTAGE DOILY ,-1,10/6/2011 14:02,1.45,17511,United Kingdom,-1.45
C543026,22768,FAMILY PHOTO FRAME CORNICE,-2,2/2/2011 14:44,9.95,16717,United Kingdom,-19.9
C548972,22784,LANTERN CREAM GAZEBO ,-3,4/5/2011 11:42,4.95,15674,United Kingdom,-14.85
C577614,21499,BLUE POLKADOT WRAP,-200,11/21/2011 10:18,0.36,17888,United Kingdom,-72
C573092,21928,JUMBO BAG SCANDINAVIAN BLUE PAISLEY,-40,10/27/2011 14:38,1.79,13791,United Kingdom,-71.6
C542426,85049E,SCANDINAVIAN REDS RIBBONS,-12,1/28/2011 9:32,1.25,14146,United Kingdom,-15
C536543,22632,HAND WARMER RED RETROSPOT,-1,12/1/2010 14:30,2.1,17841,United Kingdom,-2.1
C569985,22627,MINT KITCHEN SCALES,-2,10/6/2011 19:51,8.5,15365,United Kingdom,-17
C559105,22138,BAKING SET 9 PIECE RETROSPOT ,-3,7/6/2011 11:10,4.95,16393,United Kingdom,-14.85
C557054,72807A,SET/3 ROSE CANDLE IN JEWELLED BOX,-2,6/16/2011 14:43,4.25,17828,Malta,-8.5
C547889,21122,SET/10 PINK POLKADOT PARTY CANDLES,-1,3/28/2011 10:02,1.25,14410,United Kingdom,-1.25
C567997,M,Manual,-1,9/23/2011 11:31,14.95,13097,United Kingdom,-14.95
C538341,21056,DOCTOR'S BAG SOFT TOY,-1,12/10/2010 14:03,8.95,15514,United Kingdom,-8.95
C546327,M,Manual,-1,3/11/2011 10:18,1687.17,14911,EIRE,-1687.17
571915,21627,check,-32,10/19/2011 15:34,0,Guest,United Kingdom,0
C579752,72802C,VANILLA SCENT CANDLE JEWELLED BOX,-1,11/30/2011 14:46,3.81,13777,United Kingdom,-3.81
C564940,22991,GIRAFFE WOODEN RULER,-400,8/31/2011 13:10,1.65,12931,United Kingdom,-660
C567690,23630,SET 10 CARDS HANGING BAUBLES 17080,-1,9/21/2011 17:01,2.99,15810,United Kingdom,-2.99
C539640,22774,RED DRAWER KNOB ACRYLIC EDWARDIAN,-1,12/20/2010 15:27,1.06,15311,United Kingdom,-1.06
C541829,22060,LARGE CAKE STAND HANGING HEARTS,-2,1/21/2011 17:08,9.95,14175,United Kingdom,-19.9
C570996,22909,SET OF 20 VINTAGE CHRISTMAS NAPKINS,-12,10/13/2011 12:02,0.85,14849,United Kingdom,-10.2
C554525,21658,GLASS  BEURRE DISH,-1,5/24/2011 17:19,3.95,15093,United Kingdom,-3.95
C552720,22204,MILK PAN BLUE POLKADOT,-1,5/11/2011 9:49,3.75,18272,United Kingdom,-3.75
C566820,22826,LOVE SEAT ANTIQUE WHITE METAL,-1,9/15/2011 11:30,85,17214,United Kingdom,-85
537455,22155,Unknown,-70,12/7/2010 9:31,0,Guest,United Kingdom,0
C570828,90059D,DIAMANTE HAIR GRIP PACK/2 PERIDOT,-6,10/12/2011 13:15,1.65,14911,EIRE,-9.9
C577737,23084,RABBIT NIGHT LIGHT,-12,11/21/2011 13:25,2.08,15681,United Kingdom,-24.96
C536548,22892,SET OF SALT AND PEPPER TOADSTOOLS,-7,12/1/2010 14:33,1.25,12472,Germany,-8.75
C569941,23412,HEART MIRROR ANTIQUE WHITE,-2,10/6/2011 18:06,7.5,16909,United Kingdom,-15
C578377,22923,FRIDGE MAGNETS LES ENFANTS ASSORTED,-120,11/24/2011 11:44,0.72,14277,France,-86.4
C548830,M,Manual,-1,4/4/2011 13:08,239.3,12744,Singapore,-239.3
C569987,22439,6 ROCKET BALLOONS ,-40,10/6/2011 19:54,0.65,18194,United Kingdom,-26
542882,22162,Unknown,-40,2/1/2011 12:55,0,Guest,United Kingdom,0
C541825,21877,HOME SWEET HOME MUG,-1,1/21/2011 17:01,1.25,12652,France,-1.25
C558522,22429,ENAMEL MEASURING JUG CREAM,-5,6/30/2011 10:33,4.25,15932,United Kingdom,-21.25
543521,22769,Unknown,-6,2/9/2011 11:49,0,Guest,United Kingdom,0
C572449,20795,LARGE BLUE PROVENCAL CERAMIC BALL,-1,10/24/2011 12:34,2.1,14428,United Kingdom,-2.1
C539065,84880,WHITE WIRE EGG HOLDER,-8,12/15/2010 16:52,5.95,14898,United Kingdom,-47.6
558378,79161A,Unknown,-13,6/28/2011 16:27,0,Guest,United Kingdom,0
C569682,11001,ASSTD DESIGN RACING CAR PEN,-2,10/5/2011 14:33,1.69,15351,United Kingdom,-3.38
C574584,82482,WOODEN PICTURE FRAME WHITE FINISH,-72,11/4/2011 18:11,2.55,15482,United Kingdom,-183.6
538159,21324,Unknown,-18,12/9/2010 17:17,0,Guest,United Kingdom,0
C562952,23017,APOTHECARY MEASURING JAR,-1,8/11/2011 10:10,12.5,12749,United Kingdom,-12.5
C570290,22812,PACK 3 BOXES CHRISTMAS PANNETONE,-12,10/10/2011 11:54,1.95,14665,United Kingdom,-23.4
C578110,23169,CLASSIC GLASS COOKIE JAR,-2,11/23/2011 9:23,4.15,15804,United Kingdom,-8.3
C574512,23085,ANTIQUE SILVER BAUBLE LAMP  ,-6,11/4/2011 13:28,10.4,12577,France,-62.4
C548495,21527,RED RETROSPOT TRADITIONAL TEAPOT ,-1,3/31/2011 13:34,7.95,17075,United Kingdom,-7.95
C554715,22423,REGENCY CAKESTAND 3 TIER,-3,5/26/2011 11:02,12.75,13658,United Kingdom,-38.25
C574507,22697,GREEN REGENCY TEACUP AND SAUCER,-1,11/4/2011 13:24,2.95,15345,United Kingdom,-2.95
C541009,21735,TWO DOOR CURIO CABINET,-1,1/13/2011 10:56,12.75,17581,United Kingdom,-12.75
C543469,22423,REGENCY CAKESTAND 3 TIER,-2,2/8/2011 14:55,10.95,12709,Germany,-21.9
C575940,84991,60 TEATIME FAIRY CAKE CASES,-24,11/13/2011 11:38,0.55,17838,United Kingdom,-13.2
C581229,84828,JUNGLE POPSICLES ICE LOLLY MOULDS,-24,12/8/2011 10:14,1.25,12558,USA,-30
C578124,22659,LUNCH BOX I LOVE LONDON,-1,11/23/2011 10:30,1.95,14049,United Kingdom,-1.95
561480,21858,Unknown,-12,7/27/2011 13:32,0,Guest,United Kingdom,0
C562221,82482,WOODEN PICTURE FRAME WHITE FINISH,-36,8/3/2011 14:22,2.1,16525,United Kingdom,-75.6
C569525,22488,NATURAL SLATE RECTANGLE CHALKBOARD,-4,10/4/2011 14:48,1.65,16474,United Kingdom,-6.6
C569636,23002,TRAVEL CARD WALLET SKULLS,-5,10/5/2011 12:14,0.42,12841,United Kingdom,-2.1
573547,84818,damages,-70,10/31/2011 13:21,0,Guest,United Kingdom,0
C572456,M,Manual,-1,10/24/2011 12:44,181.75,Guest,United Kingdom,-181.75
559374,22050,Unknown,-100,7/8/2011 10:37,0,Guest,United Kingdom,0
C566459,23112,PARISIENNE CURIO CABINET,-1,9/12/2011 17:17,7.5,13236,United Kingdom,-7.5
551586,21120,Unknown,-6,5/3/2011 11:24,0,Guest,United Kingdom,0
C536826,35004B,SET OF 3 BLACK FLYING DUCKS,-3,12/2/2010 17:30,4.65,17924,United Kingdom,-13.95
C562097,23199,JUMBO BAG APPLES,-1,8/2/2011 13:19,1.79,15311,United Kingdom,-1.79
C548972,22386,JUMBO BAG PINK POLKADOT,-10,4/5/2011 11:42,1.95,15674,United Kingdom,-19.5
C568157,23169,CLASSIC GLASS COOKIE JAR,-2,9/25/2011 12:18,4.15,14367,United Kingdom,-8.3
C569233,85114B,IVORY ENCHANTED FOREST PLACEMAT,-2,10/2/2011 15:26,1.65,17841,United Kingdom,-3.3
C559079,46000M,POLYESTER FILLER PAD 45x45cm,-1,7/6/2011 10:44,1.55,17841,United Kingdom,-1.55
C538897,D,Discount,-1,12/15/2010 9:14,42.5,16422,United Kingdom,-42.5
C564955,21671,RED SPOT CERAMIC DRAWER KNOB,-1,8/31/2011 13:39,1.25,15786,United Kingdom,-1.25
C568516,23147,SINGLE ANTIQUE ROSE HOOK IVORY,-1,9/27/2011 12:45,1.45,14456,United Kingdom,-1.45
C580707,23661,MILK MAIDS MUG ,-6,12/5/2011 16:32,1.65,12957,United Kingdom,-9.9
C569988,22766,PHOTO FRAME CORNICE,-1,10/6/2011 19:57,2.95,17231,United Kingdom,-2.95
C574027,23380,PACK OF 12 VINTAGE DOILY TISSUES,-24,11/2/2011 12:32,0.39,13394,United Kingdom,-9.36
C570867,37495,FAIRY CAKE BIRTHDAY CANDLE SET,-4,10/12/2011 16:17,3.75,12607,USA,-15
C556277,84078A,SET/4 WHITE RETRO STORAGE CUBES ,-2,6/9/2011 19:52,34.95,12980,United Kingdom,-69.9
C581466,21232,STRAWBERRY CERAMIC TRINKET POT,-1,12/8/2011 19:20,1.25,13883,United Kingdom,-1.25
C546758,22212,FOUR HOOK  WHITE LOVEBIRDS,-1,3/16/2011 13:47,2.1,Guest,United Kingdom,-2.1
546142,40016,damaged stock,-1100,3/9/2011 16:37,0,Guest,United Kingdom,0
C557653,85099F,JUMBO BAG STRAWBERRY,-1,6/21/2011 17:25,2.08,14040,United Kingdom,-2.08
C569655,47566,PARTY BUNTING,-1,10/5/2011 12:58,4.95,14534,United Kingdom,-4.95
C553880,21232,STRAWBERRY CERAMIC TRINKET BOX,-24,5/19/2011 15:23,1.25,13762,United Kingdom,-30
C538703,84949,SILVER HANGING T-LIGHT HOLDER,-3,12/14/2010 10:29,1.65,17519,United Kingdom,-4.95
C540390,22701,PINK DOG BOWL,-2,1/6/2011 18:01,2.95,16191,United Kingdom,-5.9
C567885,22699,ROSES REGENCY TEACUP AND SAUCER ,-6,9/22/2011 15:17,2.95,12879,United Kingdom,-17.7
C560208,22978,PANTRY ROLLING PIN,-5,7/15/2011 13:58,3.75,13013,United Kingdom,-18.75
C566467,22356,CHARLOTTE BAG PINK POLKADOT,-20,9/12/2011 18:04,0.85,14688,United Kingdom,-17
C550484,22858,EASTER TIN KEEPSAKE,-3,4/18/2011 14:14,1.65,16933,United Kingdom,-4.95
C552049,22082,RIBBON REEL STRIPES DESIGN ,-10,5/6/2011 10:00,1.65,17548,United Kingdom,-16.5
556319,22945,sold as set on dotcom,-618,6/10/2011 10:49,0,Guest,United Kingdom,0
573590,79323G,"Unsaleable, destroyed.",-657,10/31/2011 15:15,0,Guest,United Kingdom,0
C550463,22382,LUNCH BAG SPACEBOY DESIGN ,-1,4/18/2011 13:28,1.65,13157,United Kingdom,-1.65
C566167,22699,ROSES REGENCY TEACUP AND SAUCER ,-1,9/9/2011 12:00,2.95,17865,United Kingdom,-2.95
540683,84546,Unknown,-45,1/10/2011 17:00,0,Guest,United Kingdom,0
C555729,23110,PARISIENNE KEY CABINET ,-1,6/6/2011 16:50,5.75,13552,United Kingdom,-5.75
556069,84226,Unknown,-34,6/8/2011 14:41,0,Guest,United Kingdom,0
C538059,22698,PINK REGENCY TEACUP AND SAUCER,-6,12/9/2010 13:38,2.95,14205,United Kingdom,-17.7
C538642,22636,CHILDS BREAKFAST SET CIRCUS PARADE,-1,12/13/2010 14:37,8.5,12476,Germany,-8.5
536589,21777,Unknown,-10,12/1/2010 16:50,0,Guest,United Kingdom,0
C565425,23126,FELTCRAFT GIRL AMELIE KIT,-3,9/4/2011 12:40,4.95,15561,United Kingdom,-14.85
C562687,21158,MOODY GIRL DOOR HANGER ,-24,8/8/2011 13:53,0.39,15157,United Kingdom,-9.36
549266,84593,Unknown,-5,4/7/2011 12:45,0,Guest,United Kingdom,0
552222,21974,Unknown,-45,5/6/2011 15:22,0,Guest,United Kingdom,0
C543611,82494L,WOODEN FRAME ANTIQUE WHITE ,-2,2/10/2011 14:38,2.55,17850,United Kingdom,-5.1
C551947,22138,BAKING SET 9 PIECE RETROSPOT ,-3,5/5/2011 11:20,4.95,15147,United Kingdom,-14.85
C570486,22138,BAKING SET 9 PIECE RETROSPOT ,-6,10/10/2011 17:11,4.95,14533,United Kingdom,-29.7
C580740,20978,36 PENCILS TUBE SKULLS,-16,12/6/2011 9:25,1.25,12479,Germany,-20
C559908,21871,SAVE THE PLANET MUG,-72,7/13/2011 13:56,1.06,14088,United Kingdom,-76.32
C542793,22891,TEA FOR ONE POLKADOT,-6,2/1/2011 10:52,4.25,14113,United Kingdom,-25.5
C572029,22427,ENAMEL FLOWER JUG CREAM,-3,10/20/2011 11:48,5.95,17651,United Kingdom,-17.85
566122,23084,temp adjustment,-484,9/9/2011 10:57,0,Guest,United Kingdom,0
C577692,22800,ANTIQUE TALL SWIRLGLASS TRINKET POT,-2,11/21/2011 11:47,3.75,14426,United Kingdom,-7.5
C579878,84849A,HELLO SAILOR BLUE SOAP HOLDER,-16,11/30/2011 17:12,1.69,17340,United Kingdom,-27.04
C550611,22060,LARGE CAKE STAND HANGING HEARTS,-6,4/19/2011 12:23,3.95,12569,Germany,-23.7
562385,47559B,Unknown,-84,8/4/2011 15:42,0,Guest,United Kingdom,0
C571233,22667,RECIPE BOX RETROSPOT ,-24,10/14/2011 14:22,2.55,15856,United Kingdom,-61.2
C547368,21931,JUMBO STORAGE BAG SUKI,-1,3/22/2011 13:13,1.95,16809,United Kingdom,-1.95
C570683,85014B,RED RETROSPOT UMBRELLA,-1,10/11/2011 16:09,5.95,16161,United Kingdom,-5.95
C580312,22338,STAR DECORATION PAINTED ZINC ,-18,12/2/2011 15:09,0.65,13969,United Kingdom,-11.7
C537857,D,Discount,-1,12/8/2010 16:00,267.12,17340,United Kingdom,-267.12
C536818,84947,ANTIQUE SILVER TEA GLASS ENGRAVED,-1,12/2/2010 17:09,1.25,16995,United Kingdom,-1.25
565389,47343A,Unknown,-16,9/2/2011 16:19,0,Guest,United Kingdom,0
542547,20864,Unknown,-1,1/28/2011 14:45,0,Guest,United Kingdom,0
C537530,85047,WHITE BEADED GARLAND STRING 20LIGHT,-2,12/7/2010 11:47,6.35,13319,United Kingdom,-12.7
C563948,23029,DRAWER KNOB CRACKLE GLAZE GREEN,-6,8/22/2011 10:30,1.65,13089,United Kingdom,-9.9
549043,84990,Unknown,-24,4/5/2011 17:26,0,Guest,United Kingdom,0
C568689,21927,BLUE/CREAM STRIPE CUSHION COVER ,-3,9/28/2011 14:42,1.25,17841,United Kingdom,-3.75
C575679,35971,ROSE FOLKART HEART DECORATIONS,-16,11/10/2011 15:23,1.25,16863,United Kingdom,-20
C564281,84927A,WAKE UP COCKEREL TILE HOOK,-1,8/24/2011 10:54,0.39,14796,United Kingdom,-0.39
C569318,22328,ROUND SNACK BOXES SET OF 4 FRUITS ,-3,10/3/2011 12:14,2.95,13505,Switzerland,-8.85
C559079,84509A,SET OF 4 ENGLISH ROSE PLACEMATS,-1,7/6/2011 10:44,3.75,17841,United Kingdom,-3.75
C571329,22892,SET OF SALT AND PEPPER TOADSTOOLS,-1,10/17/2011 11:32,1,17706,United Kingdom,-1
C539221,22941,CHRISTMAS LIGHTS 10 REINDEER,-12,12/16/2010 12:56,8.5,14911,EIRE,-102
C572118,23395,BELLE JARDINIERE CUSHION COVER,-1,10/20/2011 19:21,3.75,18228,United Kingdom,-3.75
C538109,85048,15CM CHRISTMAS GLASS BALL 20 LIGHTS,-1,12/9/2010 15:23,7.95,16042,United Kingdom,-7.95
C550475,37446,MINI CAKE STAND WITH HANGING CAKES,-2,4/18/2011 13:59,1.25,13798,United Kingdom,-2.5
C559952,23147,SINGLE ANTIQUE ROSE HOOK IVORY,-7,7/14/2011 10:57,1.45,17696,United Kingdom,-10.15
C560540,23154,SET OF 4 JAM JAR MAGNETS,-1,7/19/2011 12:26,2.08,12415,Australia,-2.08
C548463,82483,WOOD 2 DRAWER CABINET WHITE FINISH,-18,3/31/2011 12:11,5.95,13225,United Kingdom,-107.1
C570867,22050,PINK PAISLEY ROSE GIFT WRAP,-25,10/12/2011 16:17,0.42,12607,USA,-10.5
C558059,23243,SET OF TEA COFFEE SUGAR TINS PANTRY,-1,6/24/2011 15:03,4.95,14194,United Kingdom,-4.95
C578061,21262,WHITE GOOSE FEATHER CHRISTMAS TREE ,-2,11/22/2011 15:29,2.95,15811,United Kingdom,-5.9
C557413,23176,ABC TREASURE BOOK BOX ,-1,6/20/2011 11:39,2.25,14701,United Kingdom,-2.25
575907,22268,check,-10,11/11/2011 15:52,0,Guest,United Kingdom,0
C564812,D,Discount,-1,8/30/2011 11:45,13,14527,United Kingdom,-13
C559664,21703,BAG 125g SWIRLY MARBLES,-1,7/11/2011 13:34,0.42,18142,United Kingdom,-0.42
C546217,23000,TRAVEL CARD WALLET TRANSPORT,-24,3/10/2011 12:04,0.42,14057,United Kingdom,-10.08
C551285,21930,JUMBO STORAGE BAG SKULLS,-1,4/27/2011 14:07,2.08,15005,United Kingdom,-2.08
C574065,22616,PACK OF 12 LONDON TISSUES ,-12,11/2/2011 14:43,0.39,13271,United Kingdom,-4.68
C568571,84625A,PINK NEW BAROQUECANDLESTICK CANDLE,-17,9/28/2011 9:05,0.85,17581,United Kingdom,-14.45
C566181,23252,VINTAGE RED ENAMEL TRIM JUG ,-2,9/9/2011 12:53,3.75,14243,United Kingdom,-7.5
C570867,23256,CHILDRENS CUTLERY SPACEBOY ,-4,10/12/2011 16:17,4.15,12607,USA,-16.6
C577196,23283,DOORMAT VINTAGE LEAF,-6,11/18/2011 11:45,8.25,16924,United Kingdom,-49.5
C548609,21277,FRENCH STYLE EMBOSSED HEART CABINET,-1,4/1/2011 11:22,21.95,15589,United Kingdom,-21.95
C556870,M,Manual,-1,6/15/2011 11:47,306.6,Guest,United Kingdom,-306.6
C562959,85066,CREAM SWEETHEART MINI CHEST,-6,8/11/2011 10:21,1.8,17389,United Kingdom,-10.8
C560699,15039,SANDALWOOD FAN,-4,7/20/2011 12:32,0.85,13217,United Kingdom,-3.4
C581229,22712,CARD DOLLY GIRL ,-12,12/8/2011 10:14,0.42,12558,USA,-5.04
C581229,23344,JUMBO BAG 50'S CHRISTMAS ,-10,12/8/2011 10:14,2.08,12558,USA,-20.8
C570867,21976,PACK OF 60 MUSHROOM CAKE CASES,-24,10/12/2011 16:17,0.55,12607,USA,-13.2
C552301,21426,WOODLAND STORAGE BOX SMALL,-1,5/8/2011 14:50,2.1,17323,United Kingdom,-2.1
C537613,M,Manual,-1,12/7/2010 13:28,313.78,Guest,United Kingdom,-313.78
C548469,21534,DAIRY MAID LARGE MILK JUG,-1,3/31/2011 12:32,4.95,14543,United Kingdom,-4.95
C564134,23198,PANTRY MAGNETIC  SHOPPING LIST,-7,8/23/2011 11:02,1.45,12456,Switzerland,-10.15
C559939,22079,RIBBON REEL HEARTS DESIGN ,-10,7/14/2011 10:19,1.65,14426,United Kingdom,-16.5
C577149,23322,LARGE WHITE HEART OF WICKER,-3,11/18/2011 9:44,2.95,17034,United Kingdom,-8.85
581210,23395,check,-26,12/7/2011 18:36,0,Guest,United Kingdom,0
C544655,37447,CERAMIC CAKE DESIGN SPOTTED PLATE,-5,2/22/2011 12:57,1.49,13113,United Kingdom,-7.45
C570556,22147,FELTCRAFT BUTTERFLY HEARTS,-840,10/11/2011 11:10,1.25,16029,United Kingdom,-1050
C570867,22649,STRAWBERRY FAIRY CAKE TEAPOT,-8,10/12/2011 16:17,4.95,12607,USA,-39.6
C571902,22812,PACK 3 BOXES CHRISTMAS PANNETONE,-3,10/19/2011 14:39,1.95,14488,United Kingdom,-5.85
561250,DCGS0071,Unknown,-2,7/26/2011 11:51,0,Guest,United Kingdom,0
558743,35810B,Unknown,-4,7/1/2011 15:56,0,Guest,United Kingdom,0
C554210,85132C,CHARLIE AND LOLA FIGURES TINS,-1,5/23/2011 12:16,1.95,14573,United Kingdom,-1.95
569377,22784,Unknown,-14,10/3/2011 16:30,0,Guest,United Kingdom,0
C541009,22411,JUMBO SHOPPER VINTAGE RED PAISLEY,-1,1/13/2011 10:56,1.95,17581,United Kingdom,-1.95
562279,21391,Unknown,-26,8/4/2011 10:28,0,Guest,United Kingdom,0
C556877,D,Discount,-1,6/15/2011 12:00,129.9,15498,United Kingdom,-129.9
C572855,23245,SET OF 3 REGENCY CAKE TINS,-2,10/26/2011 12:28,4.95,15215,United Kingdom,-9.9
C549540,22442,GROW YOUR OWN FLOWERS SET OF 3,-1,4/10/2011 10:12,7.95,17114,United Kingdom,-7.95
C564488,72807C,SET/3 VANILLA SCENTED CANDLE IN BOX,-3,8/25/2011 14:12,4.25,16859,United Kingdom,-12.75
C579532,22890,NOVELTY BISCUITS CAKE STAND 3 TIER,-4,11/30/2011 9:21,9.95,12494,France,-39.8
C547725,22403,MAGNETS PACK OF 4 VINTAGE LABELS ,-6,3/25/2011 10:43,1.25,Guest,United Kingdom,-7.5
C571196,22866,HAND WARMER SCOTTY DOG DESIGN,-12,10/14/2011 12:02,2.1,Guest,United Kingdom,-25.2
C577391,22109,FULL ENGLISH BREAKFAST PLATE,-2,11/18/2011 17:03,3.39,13078,United Kingdom,-6.78
C551018,22355,CHARLOTTE BAG SUKI DESIGN,-1,4/26/2011 11:19,0.85,12705,Germany,-0.85
552221,21043,Unknown,-38,5/6/2011 15:20,0,Guest,United Kingdom,0
C543817,79160,HEART SHAPE WIRELESS DOORBELL,-2,2/13/2011 15:28,2.1,17841,United Kingdom,-4.2
C570828,90185A,AMBER DIAMANTE EXPANDABLE RING,-6,10/12/2011 13:15,4.25,14911,EIRE,-25.5
548269,22036,Unknown,-45,3/30/2011 11:35,0,Guest,United Kingdom,0
C554688,23092,LARGE ANTIQUE WHITE PHOTO FRAME,-1,5/25/2011 16:50,7.9,14442,Channel Islands,-7.9
C566460,85099B,JUMBO BAG RED RETROSPOT,-1,9/12/2011 17:19,2.08,18223,United Kingdom,-2.08
549006,84508B,Unknown,-23,4/5/2011 14:38,0,Guest,United Kingdom,0
C538684,22946,WOODEN ADVENT CALENDAR CREAM,-1,12/14/2010 9:26,16.95,16161,United Kingdom,-16.95
C543791,85123A,WHITE HANGING HEART T-LIGHT HOLDER,-1,2/11/2011 17:13,2.55,15270,United Kingdom,-2.55
C561608,22720,SET OF 3 CAKE TINS PANTRY DESIGN ,-1,7/28/2011 12:19,4.95,15827,United Kingdom,-4.95
C553687,22778,GLASS CLOCHE SMALL,-2,5/18/2011 14:01,3.39,15311,United Kingdom,-6.78
577114,21786,check,-209,11/17/2011 17:59,0,Guest,United Kingdom,0
C539603,22197,SMALL POPCORN HOLDER,-2,12/20/2010 14:05,0.85,14911,EIRE,-1.7
C544413,22363,GLASS JAR MARMALADE ,-6,2/18/2011 14:36,2.95,14760,United Kingdom,-17.7
C572334,21733,RED HANGING HEART T-LIGHT HOLDER,-32,10/24/2011 10:25,2.55,14607,United Kingdom,-81.6
C554374,22666,RECIPE BOX PANTRY YELLOW DESIGN,-1,5/24/2011 11:27,2.95,15128,United Kingdom,-2.95
C580966,22130,PARTY CONE CHRISTMAS DECORATION ,-1,12/6/2011 14:52,0.85,16554,United Kingdom,-0.85
581212,22578,lost,-1050,12/7/2011 18:38,0,Guest,United Kingdom,0
C539069,22635,CHILDS BREAKFAST SET DOLLY GIRL ,-2,12/15/2010 16:57,9.95,12947,United Kingdom,-19.9
C546507,82494L,WOODEN FRAME ANTIQUE WHITE ,-2,3/14/2011 11:47,2.95,12712,Germany,-5.9
C560869,D,Discount,-1,7/21/2011 14:32,66.24,12830,United Kingdom,-66.24
C574912,23173,REGENCY TEAPOT ROSES ,-2,11/7/2011 15:51,8.15,13324,United Kingdom,-16.3
C566475,D,Discount,-1,9/12/2011 18:26,20.75,14527,United Kingdom,-20.75
C555636,22678,FRENCH BLUE METAL DOOR SIGN 3,-10,6/6/2011 12:33,1.25,15073,United Kingdom,-12.5
C581466,22720,SET OF 3 CAKE TINS PANTRY DESIGN ,-2,12/8/2011 19:20,4.95,13883,United Kingdom,-9.9
C540250,22411,JUMBO SHOPPER VINTAGE RED PAISLEY,-1,1/5/2011 16:02,1.65,17511,United Kingdom,-1.65
C563693,84050,PINK HEART SHAPE EGG FRYING PAN,-1,8/18/2011 13:04,1.65,17243,United Kingdom,-1.65
C538682,M,Manual,-1,12/13/2010 17:14,1130.9,Guest,United Kingdom,-1130.9
C539031,21731,RED TOADSTOOL LED NIGHT LIGHT,-1,12/15/2010 14:25,1.65,12647,Germany,-1.65
C556530,22501,PICNIC BASKET WICKER LARGE,-3,6/13/2011 11:42,9.95,18109,United Kingdom,-29.85
545565,47563B,Unknown,-10,3/3/2011 16:14,0,Guest,United Kingdom,0
C561510,22729,ALARM CLOCK BAKELIKE ORANGE,-1,7/27/2011 14:51,3.75,14534,United Kingdom,-3.75
C569112,85160B,BLACK BIRD GARDEN DESIGN MUG,-2,9/30/2011 12:47,0.39,17405,United Kingdom,-0.78
C574010,79321,CHILLI LIGHTS,-1,11/2/2011 11:51,5.75,17841,United Kingdom,-5.75
C574584,72802B,OCEAN SCENT CANDLE IN JEWELLED BOX,-162,11/4/2011 18:11,1,15482,United Kingdom,-162
C550648,22558,CLOTHES PEGS RETROSPOT PACK 24 ,-2,4/19/2011 16:36,1.65,13134,United Kingdom,-3.3
C560559,21067,VINTAGE RED TEATIME MUG,-3,7/19/2011 13:24,1.25,16145,United Kingdom,-3.75
C577398,21340,CLASSIC METAL BIRDCAGE PLANT HOLDER,-1,11/18/2011 17:15,12.75,16839,United Kingdom,-12.75
C579914,23032,DRAWER KNOB CRACKLE GLAZE IVORY,-4,12/1/2011 8:56,1.65,13267,United Kingdom,-6.6
C564131,22946,WOODEN ADVENT CALENDAR CREAM,-1,8/23/2011 10:55,16.95,14407,United Kingdom,-16.95
C573761,22360,GLASS JAR ENGLISH CONFECTIONERY,-3,11/1/2011 9:55,2.95,15489,United Kingdom,-8.85
C570958,85176,SEWING SUSAN 21 NEEDLE SET,-1,10/13/2011 11:30,0.85,16873,United Kingdom,-0.85
C556677,23169,CLASSIC GLASS COOKIE JAR,-2,6/13/2011 17:19,4.15,15643,United Kingdom,-8.3
C563655,22778,GLASS CLOCHE SMALL,-24,8/18/2011 10:44,3.39,15311,United Kingdom,-81.36
C562651,21991,BOHEMIAN COLLAGE STATIONERY SET,-12,8/8/2011 13:25,1.25,16951,United Kingdom,-15
C566167,22423,REGENCY CAKESTAND 3 TIER,-3,9/9/2011 12:00,12.75,17865,United Kingdom,-38.25
565296,84929,code mix up? 84930,-967,9/2/2011 12:04,0,Guest,United Kingdom,0
C553529,22838,3 TIER CAKE TIN RED AND CREAM,-1,5/17/2011 15:01,14.95,18118,United Kingdom,-14.95
C574505,22386,JUMBO BAG PINK POLKADOT,-4,11/4/2011 13:22,2.08,13534,United Kingdom,-8.32
C554530,21843,RED RETROSPOT CAKE STAND,-1,5/24/2011 17:28,10.95,15596,United Kingdom,-10.95
C558735,22424,ENAMEL BREAD BIN CREAM,-1,7/1/2011 15:09,12.75,16700,United Kingdom,-12.75
C544830,22057,CERAMIC PLATE STRAWBERRY DESIGN,-3,2/24/2011 9:59,1.49,13118,United Kingdom,-4.47
C537860,20897,VINTAGE NOTEBOOK PARIS DAYS,-6,12/8/2010 16:15,2.95,16252,United Kingdom,-17.7
C573471,85017B,ENVELOPE 50 BLOSSOM IMAGES,-12,10/31/2011 10:58,0.85,14286,United Kingdom,-10.2
C556911,23108,SET OF 10 LED DOLLY LIGHTS,-2,6/15/2011 13:25,5.39,17511,United Kingdom,-10.78
C553019,M,Manual,-1,5/12/2011 19:04,557.72,12757,Portugal,-557.72
C545677,M,Manual,-2,3/6/2011 10:48,10.65,14543,United Kingdom,-21.3
C545828,22697,GREEN REGENCY TEACUP AND SAUCER,-1,3/7/2011 13:05,2.95,15189,United Kingdom,-2.95
C577547,23032,DRAWER KNOB CRACKLE GLAZE IVORY,-1,11/20/2011 14:48,1.65,17841,United Kingdom,-1.65
C564134,22800,ANTIQUE TALL SWIRLGLASS TRINKET POT,-1,8/23/2011 11:02,3.75,12456,Switzerland,-3.75
C567964,22306,SILVER MUG BONE CHINA TREE OF LIFE,-3,9/23/2011 9:20,1.06,12995,United Kingdom,-3.18
C540417,20727,LUNCH BAG  BLACK SKULL.,-30,1/7/2011 10:56,1.65,13680,United Kingdom,-49.5
C561594,22430,ENAMEL WATERING CAN CREAM,-4,7/28/2011 11:22,4.95,17671,United Kingdom,-19.8
C559007,21928,JUMBO BAG SCANDINAVIAN BLUE PAISLEY,-11,7/5/2011 12:42,2.08,13534,United Kingdom,-22.88
C575224,85099C,JUMBO  BAG BAROQUE BLACK WHITE,-100,11/9/2011 11:41,1.79,17511,United Kingdom,-179
C576831,21843,RED RETROSPOT CAKE STAND,-132,11/16/2011 14:56,4,12748,United Kingdom,-528
C564488,23144,ZINC T-LIGHT HOLDER STARS SMALL,-9,8/25/2011 14:12,0.83,16859,United Kingdom,-7.47
C554330,22637,PIGGY BANK RETROSPOT ,-2,5/23/2011 17:08,2.55,12749,United Kingdom,-5.1
C554870,21175,GIN + TONIC DIET METAL SIGN,-3,5/27/2011 10:57,2.55,15078,United Kingdom,-7.65
557756,22567,Unknown,-14,6/22/2011 13:18,0,Guest,United Kingdom,0
C549824,21713,CITRONELLA CANDLE FLOWERPOT,-3,4/12/2011 12:43,2.1,15189,United Kingdom,-6.3
C564493,84949,SILVER HANGING T-LIGHT HOLDER,-6,8/25/2011 14:19,1.65,13089,United Kingdom,-9.9
C536825,22617,BAKING SET SPACEBOY DESIGN,-1,12/2/2010 17:27,4.95,15384,United Kingdom,-4.95
C580832,22667,RECIPE BOX RETROSPOT ,-3,12/6/2011 11:40,2.55,12753,Japan,-7.65
C580767,85099F,JUMBO BAG STRAWBERRY,-1,12/6/2011 10:52,2.08,14655,United Kingdom,-2.08
542551,21282,Unknown,-1,1/28/2011 14:46,0,Guest,United Kingdom,0
C559495,23288,GREEN VINTAGE SPOT BEAKER,-1,7/8/2011 13:54,0.85,14267,United Kingdom,-0.85
C573541,23462,ROCOCO WALL MIRROR WHITE,-1,10/31/2011 12:57,19.95,14738,United Kingdom,-19.95
C549945,POST,POSTAGE,-1,4/13/2011 12:39,5.95,18270,United Kingdom,-5.95
C567535,23166,MEDIUM CERAMIC TOP STORAGE JAR,-1,9/21/2011 9:50,1.25,15253,United Kingdom,-1.25
C542095,21877,HOME SWEET HOME MUG,-5,1/25/2011 12:49,1.25,17730,United Kingdom,-6.25
C577389,23108,SET OF 10 LED DOLLY LIGHTS,-2,11/18/2011 16:59,6.25,13381,United Kingdom,-12.5
C547236,22487,WHITE WOOD GARDEN PLANT LADDER,-1,3/21/2011 16:27,9.95,14180,United Kingdom,-9.95
C548469,21781,MA CAMPAGNE CUTLERY BOX,-7,3/31/2011 12:32,12.75,14543,United Kingdom,-89.25
C565379,85099B,JUMBO BAG RED RETROSPOT,-1,9/2/2011 15:17,2.08,14415,United Kingdom,-2.08
C576375,22583,PACK OF 6 HANDBAG GIFT BOXES,-1,11/15/2011 8:52,2.55,16878,United Kingdom,-2.55
C545532,22827,RUSTIC  SEVENTEEN DRAWER SIDEBOARD,-1,3/3/2011 13:57,85,15257,United Kingdom,-85
C572478,23012,GLASS APOTHECARY BOTTLE PERFUME,-1,10/24/2011 13:39,3.95,13098,United Kingdom,-3.95
C538350,20718,RED RETROSPOT SHOPPER BAG,-3,12/10/2010 15:01,1.06,13798,United Kingdom,-3.18
C563611,84755,COLOUR GLASS T-LIGHT HOLDER HANGING,-1,8/18/2011 6:38,0.65,17340,United Kingdom,-0.65
C570845,23024,LARGE BONNE JAM JAR  T-LIGHT HOLDER,-2,10/12/2011 14:29,2.49,17017,United Kingdom,-4.98
C543381,84754,S/15 SILVER GLASS BAUBLES IN BAG,-144,2/7/2011 15:52,1.06,15513,United Kingdom,-152.64
C553568,82482,WOODEN PICTURE FRAME WHITE FINISH,-2,5/18/2011 9:20,2.55,13650,United Kingdom,-5.1
C572991,23166,MEDIUM CERAMIC TOP STORAGE JAR,-1,10/27/2011 10:56,1.25,17672,United Kingdom,-1.25
C555046,22859,EASTER TIN BUNNY BOUQUET,-6,5/31/2011 11:29,1.65,12431,Australia,-9.9
C561019,21205,MULTICOLOUR 3D BALLS GARLAND,-12,7/22/2011 16:52,2.55,15187,United Kingdom,-30.6
C540948,20914,SET/5 RED RETROSPOT LID GLASS BOWLS,-2,1/12/2011 12:47,2.95,13093,United Kingdom,-5.9
C543353,22727,ALARM CLOCK BAKELIKE RED ,-2,2/7/2011 13:41,3.75,16033,United Kingdom,-7.5
C554100,84879,ASSORTED COLOUR BIRD ORNAMENT,-1,5/22/2011 13:27,1.69,15555,United Kingdom,-1.69
C540470,85159B,"WHITE TEA,COFFEE,SUGAR JARS",-2,1/7/2011 14:09,5.72,14505,United Kingdom,-11.44
C570099,82583,HOT BATHS METAL SIGN,-1,10/7/2011 12:11,1.85,13798,United Kingdom,-1.85
C573925,22098,BOUDOIR SQUARE TISSUE BOX,-7,11/2/2011 9:50,0.39,17109,United Kingdom,-2.73
C575963,22371,AIRLINE BAG VINTAGE TOKYO 78,-2,11/13/2011 12:30,4.25,16794,United Kingdom,-8.5
C581316,23020,GLASS  SONGBIRD STORAGE JAR,-1,12/8/2011 11:46,12.5,12523,France,-12.5
C568830,20728,LUNCH BAG CARS BLUE,-9,9/29/2011 11:34,1.65,13725,United Kingdom,-14.85
C562582,22241,GARLAND WOODEN HAPPY EASTER,-1,8/7/2011 13:53,1.25,15640,United Kingdom,-1.25
C538723,22094,RED RETROSPOT TISSUE BOX,-5,12/14/2010 11:12,1.25,12434,Australia,-6.25
549348,84251B,Unknown,-60,4/8/2011 11:13,0,Guest,United Kingdom,0
C568561,21530,DAIRY MAID TOASTRACK,-18,9/27/2011 16:45,0.79,15505,United Kingdom,-14.22
C574584,82486,3 DRAWER ANTIQUE WHITE WOOD CABINET,-24,11/4/2011 18:11,8.15,15482,United Kingdom,-195.6
C547502,22077,6 RIBBONS RUSTIC CHARM,-1,3/23/2011 12:42,1.65,14513,United Kingdom,-1.65
C544435,22962,JAM JAR WITH PINK LID,-4,2/18/2011 16:32,0.85,15122,United Kingdom,-3.4
C579945,22699,ROSES REGENCY TEACUP AND SAUCER ,-1,12/1/2011 10:41,2.95,15993,United Kingdom,-2.95
C564940,20974,12 PENCILS SMALL TUBE SKULL,-334,8/31/2011 13:10,0.65,12931,United Kingdom,-217.1
C544171,21363,HOME SMALL WOOD LETTERS,-2,2/16/2011 14:13,4.95,13001,United Kingdom,-9.9
C545824,22654,DELUXE SEWING KIT ,-3,3/7/2011 13:00,5.95,15241,United Kingdom,-17.85
C579914,22867,HAND WARMER BIRD DESIGN,-4,12/1/2011 8:56,2.1,13267,United Kingdom,-8.4
C542537,21041,RED RETROSPOT OVEN GLOVE DOUBLE,-1,1/28/2011 13:54,2.95,12501,Germany,-2.95
C560564,22352,LUNCH BOX WITH CUTLERY RETROSPOT ,-1,7/19/2011 13:42,2.55,12468,Germany,-2.55
C571893,23108,SET OF 10 LED DOLLY LIGHTS,-2,10/19/2011 14:13,6.25,13314,United Kingdom,-12.5
C560855,21248,DOOR HANGER  MUM + DADS ROOM,-1,7/21/2011 13:00,1.45,14410,United Kingdom,-1.45
C547725,84879,ASSORTED COLOUR BIRD ORNAMENT,-8,3/25/2011 10:43,1.69,Guest,United Kingdom,-13.52
C569944,23425,STORAGE TIN HOME SWEET HOME,-2,10/6/2011 18:12,2.49,17405,United Kingdom,-4.98
C560243,22501,PICNIC BASKET WICKER LARGE,-1,7/17/2011 12:04,9.95,14659,United Kingdom,-9.95
C578432,21559,STRAWBERRY LUNCH BOX WITH CUTLERY,-1,11/24/2011 12:20,2.55,12395,Belgium,-2.55
C570552,22961,JAM MAKING SET PRINTED,-192,10/11/2011 11:01,1.25,16029,United Kingdom,-240
C538350,85099C,JUMBO  BAG BAROQUE BLACK WHITE,-1,12/10/2010 15:01,1.65,13798,United Kingdom,-1.65
C562375,22978,PANTRY ROLLING PIN,-24,8/4/2011 14:46,3.39,14911,EIRE,-81.36
558445,22034,Unknown,-18,6/29/2011 13:39,0,Guest,United Kingdom,0
C559983,22910,PAPER CHAIN KIT VINTAGE CHRISTMAS,-5,7/14/2011 11:41,2.95,14562,United Kingdom,-14.75
C537132,22761,CHEST 7 DRAWER MA CAMPAGNE,-2,12/5/2010 12:29,21.95,15221,United Kingdom,-43.9
C574658,22384,LUNCH BAG PINK POLKADOT,-1,11/6/2011 11:44,1.65,15426,United Kingdom,-1.65
C553512,84688,BEACH HUT DESIGN BLACKBOARD,-1,5/17/2011 13:50,4.25,15005,United Kingdom,-4.25
539980,35001W,Unknown,-36,12/23/2010 14:34,0,Guest,United Kingdom,0
C538350,21166,COOK WITH WINE METAL SIGN ,-2,12/10/2010 15:01,1.69,13798,United Kingdom,-3.38
C544581,S,SAMPLES,-1,2/21/2011 14:32,55,Guest,United Kingdom,-55
C570692,23169,CLASSIC GLASS COOKIE JAR,-2,10/11/2011 16:48,4.15,13359,United Kingdom,-8.3
557029,22480,Unknown,-24,6/16/2011 13:29,0,Guest,United Kingdom,0
C557663,21933,PINK VINTAGE PAISLEY PICNIC BAG,-10,6/21/2011 17:59,2.95,Guest,EIRE,-29.5
C558444,75049L,LARGE CIRCULAR MIRROR MOBILE,-4,6/29/2011 13:29,0.85,15311,United Kingdom,-3.4
538158,20892,Unknown,-32,12/9/2010 17:17,0,Guest,United Kingdom,0
C572546,23108,SET OF 10 LED DOLLY LIGHTS,-1,10/24/2011 16:50,6.25,17481,United Kingdom,-6.25
C552805,22668,PINK BABY BUNTING,-5,5/11/2011 12:34,2.95,14149,United Kingdom,-14.75
C556896,21902,"KEY FOB , FRONT  DOOR ",-8,6/15/2011 12:51,0.65,12843,United Kingdom,-5.2
C557890,20914,SET/5 RED RETROSPOT LID GLASS BOWLS,-3,6/23/2011 13:54,2.95,17204,United Kingdom,-8.85
C551015,21452,TOADSTOOL MONEY BOX,-4,4/26/2011 11:06,2.55,12753,Japan,-10.2
C565681,21731,RED TOADSTOOL LED NIGHT LIGHT,-12,9/6/2011 10:42,1.65,15521,United Kingdom,-19.8
C542346,22423,REGENCY CAKESTAND 3 TIER,-4,1/27/2011 12:00,10.95,12709,Germany,-43.8
C556729,22423,REGENCY CAKESTAND 3 TIER,-1,6/14/2011 11:37,12.75,13319,United Kingdom,-12.75
C581316,23174,REGENCY SUGAR BOWL GREEN,-1,12/8/2011 11:46,4.15,12523,France,-4.15
C581390,21733,RED HANGING HEART T-LIGHT HOLDER,-3,12/8/2011 13:13,2.55,13081,United Kingdom,-7.65
549133,20759,Unknown,-52,4/6/2011 15:22,0,Guest,United Kingdom,0
C556272,22766,PHOTO FRAME CORNICE,-3,6/9/2011 19:43,2.95,15159,United Kingdom,-8.85
C577752,22065,CHRISTMAS PUDDING TRINKET POT ,-6,11/21/2011 14:37,0.39,16670,United Kingdom,-2.34
C560409,20718,RED RETROSPOT SHOPPER BAG,-10,7/18/2011 14:24,1.25,16717,United Kingdom,-12.5
C578136,23328,SET 6 SCHOOL MILK BOTTLES IN CRATE,-1,11/23/2011 10:57,3.75,14156,EIRE,-3.75
C563899,22726,ALARM CLOCK BAKELIKE GREEN,-1,8/21/2011 10:55,3.75,17097,Spain,-3.75
C569891,23263,SET OF 3 WOODEN HEART DECORATIONS,-1,10/6/2011 15:46,1.25,13924,United Kingdom,-1.25
C575079,22990,COTTON APRON PANTRY DESIGN,-2,11/8/2011 13:28,4.95,14911,EIRE,-9.9
C557659,20971,PINK BLUE FELT CRAFT TRINKET BOX,-12,6/21/2011 17:42,1.25,16186,United Kingdom,-15
C546211,22962,JAM JAR WITH PINK LID,-3,3/10/2011 11:32,0.85,15358,United Kingdom,-2.55
550759,21087,Unknown,-7,4/20/2011 12:09,0,Guest,United Kingdom,0
C568581,22778,GLASS CLOCHE SMALL,-1,9/28/2011 9:59,3.95,15804,United Kingdom,-3.95
C577849,22910,PAPER CHAIN KIT VINTAGE CHRISTMAS,-3,11/22/2011 10:59,2.95,14534,United Kingdom,-8.85
573490,85035A,CHECK,-59,10/31/2011 11:55,0,Guest,United Kingdom,0
547559,72759,thrown away-can't sell.,-524,3/23/2011 17:27,0,Guest,United Kingdom,0
570595,21823,check,-94,10/11/2011 11:47,0,Guest,United Kingdom,0
545549,15058B,Unknown,-61,3/3/2011 15:10,0,Guest,United Kingdom,0
560091,44236,Unknown,-10,7/14/2011 17:03,0,Guest,United Kingdom,0
565055,21172,Unknown,-10,8/31/2011 17:11,0,Guest,United Kingdom,0
C569996,23118,PARISIENNE JEWELLERY DRAWER ,-2,10/6/2011 20:38,7.5,15322,United Kingdom,-15
C571264,22776,SWEETHEART 3 TIER CAKE STAND ,-1,10/16/2011 11:07,9.95,17769,United Kingdom,-9.95
C548460,48129,DOORMAT TOPIARY,-2,3/31/2011 11:58,7.95,16801,United Kingdom,-15.9
C570221,21212,PACK OF 72 RETROSPOT CAKE CASES,-8,10/9/2011 12:56,0.55,13113,United Kingdom,-4.4
C538341,22943,CHRISTMAS LIGHTS 10 VINTAGE BAUBLES,-6,12/10/2010 14:03,4.95,15514,United Kingdom,-29.7
C538898,37503,TEA TIME CAKE STAND IN GIFT BOX,-1,12/15/2010 9:20,10.75,15078,United Kingdom,-10.75
C543026,22198,LARGE POPCORN HOLDER ,-2,2/2/2011 14:44,1.65,16717,United Kingdom,-3.3
C568596,21208,PASTEL COLOUR HONEYCOMB FAN,-6,9/28/2011 11:13,0.39,16493,United Kingdom,-2.34
C548724,22690,DOORMAT HOME SWEET HOME BLUE ,-2,4/4/2011 9:04,7.95,15632,United Kingdom,-15.9
C548576,22487,WHITE WOOD GARDEN PLANT LADDER,-1,4/1/2011 10:46,9.95,15696,United Kingdom,-9.95
C542732,22763,KEY CABINET MA CAMPAGNE,-2,1/31/2011 15:31,9.95,14180,United Kingdom,-19.9
C539644,22472,TV DINNER TRAY DOLLY GIRL,-1,12/20/2010 15:52,4.95,12471,Germany,-4.95
565307,21830,?,-443,9/2/2011 12:20,0,Guest,United Kingdom,0
C553910,22064,PINK DOUGHNUT TRINKET POT ,-1,5/19/2011 19:02,1.65,18168,United Kingdom,-1.65
C544829,20832,RED FLOCK LOVE HEART PHOTO FRAME,-1,2/24/2011 9:53,0.85,17314,United Kingdom,-0.85
542582,DCGS0057,Unknown,-6,1/28/2011 15:01,0,Guest,United Kingdom,0
C546889,72140E,BEST DAD CANDLE LETTERS,-1,3/17/2011 18:16,0.85,13971,United Kingdom,-0.85
561498,21610,Unknown,-14,7/27/2011 14:10,0,Guest,United Kingdom,0
C565044,22493,PAINT YOUR OWN CANVAS SET,-160,8/31/2011 17:02,1.45,12931,United Kingdom,-232
C569985,22623,BOX OF VINTAGE JIGSAW BLOCKS ,-3,10/6/2011 19:51,5.95,15365,United Kingdom,-17.85
573670,22176,check,-28,10/31/2011 17:02,0,Guest,United Kingdom,0
C577737,22599,CHRISTMAS MUSICAL ZINC STAR,-24,11/21/2011 13:25,0.85,15681,United Kingdom,-20.4
C576561,23275,SET OF 3 HANGING OWLS OLLIE BEAK,-4,11/15/2011 13:22,1.04,15311,United Kingdom,-4.16
C568421,23031,DRAWER KNOB CRACKLE GLAZE PINK,-1,9/27/2011 11:19,1.65,16626,United Kingdom,-1.65
C551178,21181,PLEASE ONE PERSON METAL SIGN,-3,4/26/2011 17:26,2.1,15805,United Kingdom,-6.3
555838,22966,Unknown,-6,6/7/2011 12:37,0,Guest,United Kingdom,0
C566960,22634,CHILDS BREAKFAST SET SPACEBOY ,-3,9/15/2011 17:02,9.95,12616,France,-29.85
549031,10134,Unknown,-19,4/5/2011 17:04,0,Guest,United Kingdom,0
C558727,22605,WOODEN CROQUET GARDEN SET,-1,7/1/2011 14:35,10.95,12709,Germany,-10.95
C568599,82484,WOOD BLACK BOARD ANT WHITE FINISH,-2,9/28/2011 11:20,7.95,14395,United Kingdom,-15.9
C555639,21754,HOME BUILDING BLOCK WORD,-1,6/6/2011 12:58,5.95,13458,United Kingdom,-5.95
C562953,21232,STRAWBERRY CERAMIC TRINKET BOX,-1,8/11/2011 10:12,1.25,16180,United Kingdom,-1.25
C551540,22980,PANTRY SCRUBBING BRUSH,-12,5/3/2011 8:47,1.65,14735,United Kingdom,-19.8
C558061,23245,SET OF 3 REGENCY CAKE TINS,-1,6/24/2011 15:15,4.95,12809,Portugal,-4.95
C580312,22340,NOEL GARLAND PAINTED ZINC ,-12,12/2/2011 15:09,1.45,13969,United Kingdom,-17.4
C567997,23181,BULL DOG BOTTLE TOP WALL CLOCK,-1,9/23/2011 11:31,8.25,13097,United Kingdom,-8.25
C536828,84946,ANTIQUE SILVER TEA GLASS ETCHED,-3,12/2/2010 17:35,1.25,14264,United Kingdom,-3.75
C580703,22424,ENAMEL BREAD BIN CREAM,-2,12/5/2011 16:26,12.75,16705,United Kingdom,-25.5
561668,44091A,Unknown,-2,7/28/2011 17:03,0,Guest,United Kingdom,0
C545556,82486,WOOD S/3 CABINET ANT WHITE FINISH,-1,3/3/2011 15:21,7.95,15005,United Kingdom,-7.95
C545837,22181,SNOWSTORM PHOTO FRAME FRIDGE MAGNET,-24,3/7/2011 13:32,0.85,12598,France,-20.4
566068,22268,Unknown,-86,9/8/2011 16:37,0,Guest,United Kingdom,0
C552569,D,Discount,-240,5/10/2011 12:06,0.03,12901,United Kingdom,-7.2
C553512,22997,TRAVEL CARD WALLET UNION JACK,-1,5/17/2011 13:50,0.42,15005,United Kingdom,-0.42
576369,21135,wet rusty,-288,11/14/2011 18:35,0,Guest,United Kingdom,0
C545843,22456,NATURAL SLATE CHALKBOARD LARGE ,-1,3/7/2011 13:37,4.95,12921,United Kingdom,-4.95
C572481,22730,ALARM CLOCK BAKELIKE IVORY,-1,10/24/2011 13:48,3.75,15632,United Kingdom,-3.75
C537860,22637,PIGGY BANK RETROSPOT ,-6,12/8/2010 16:15,2.55,16252,United Kingdom,-15.3
C579266,71477,COLOURED GLASS STAR T-LIGHT HOLDER,-24,11/29/2011 9:25,3.29,15621,United Kingdom,-78.96
C553376,POST,POSTAGE,-1,5/16/2011 14:56,18.75,Guest,United Kingdom,-18.75
C540845,22970,LONDON BUS COFFEE MUG,-4,1/11/2011 16:57,2.1,16191,United Kingdom,-8.4
C550494,82001S,VINYL RECORD FRAME SILVER,-1,4/18/2011 14:54,3.39,15311,United Kingdom,-3.39
C546680,21942,SKULLS DESIGN FLANNEL,-12,3/15/2011 16:51,0.85,13121,United Kingdom,-10.2
C543445,22231,JIGSAW TREE WITH BIRDHOUSE,-12,2/8/2011 11:45,1.45,12662,Germany,-17.4
C540243,22558,CLOTHES PEGS RETROSPOT PACK 24 ,-1,1/5/2011 15:32,1.49,12585,Germany,-1.49
C556269,22636,CHILDS BREAKFAST SET CIRCUS PARADE,-1,6/9/2011 19:36,8.5,13456,United Kingdom,-8.5
549005,16020C,Unknown,-5,4/5/2011 14:37,0,Guest,United Kingdom,0
C573097,23249,VINTAGE RED ENAMEL TRIM PLATE,-6,10/27/2011 14:42,1.65,15038,United Kingdom,-9.9
C579929,22768,FAMILY PHOTO FRAME CORNICE,-2,12/1/2011 9:34,9.95,17828,Malta,-19.9
C573180,23048,SET OF 10 LANTERNS FAIRY LIGHT STAR,-1,10/28/2011 11:00,4.15,Guest,United Kingdom,-4.15
537016,21836,Unknown,-15,12/3/2010 15:41,0,Guest,United Kingdom,0
C539600,22910,PAPER CHAIN KIT VINTAGE CHRISTMAS,-12,12/20/2010 13:57,2.95,13329,United Kingdom,-35.4
C545677,22627,MINT KITCHEN SCALES,-1,3/6/2011 10:48,7.65,14543,United Kingdom,-7.65
C564094,21658,GLASS  BEURRE DISH,-2,8/23/2011 10:30,3.95,16550,United Kingdom,-7.9
C541009,22943,CHRISTMAS LIGHTS 10 VINTAGE BAUBLES,-1,1/13/2011 10:56,4.95,17581,United Kingdom,-4.95
C548748,84755,COLOUR GLASS T-LIGHT HOLDER HANGING,-16,4/4/2011 12:28,0.65,15223,United Kingdom,-10.4
557778,21161,Unknown,-38,6/22/2011 15:11,0,Guest,United Kingdom,0
C548469,22627,MINT KITCHEN SCALES,-1,3/31/2011 12:32,0.76,14543,United Kingdom,-0.76
C559253,22556,PLASTERS IN TIN CIRCUS PARADE ,-1,7/7/2011 11:44,1.65,12472,Germany,-1.65
C567685,22994,TRAVEL CARD WALLET RETROSPOT,-1,9/21/2011 16:35,0.42,16394,United Kingdom,-0.42
C581409,85199L,LARGE HANGING IVORY & RED WOOD BIRD,-1,12/8/2011 14:08,0.65,12476,Germany,-0.65
C558252,22156,HEART DECORATION WITH PEARLS ,-4,6/27/2011 17:02,0.85,18155,United Kingdom,-3.4
C569663,21670,BLUE SPOT CERAMIC DRAWER KNOB,-1,10/5/2011 13:29,1.45,17841,United Kingdom,-1.45
C548487,22667,RECIPE BOX RETROSPOT ,-1,3/31/2011 12:57,2.95,14952,United Kingdom,-2.95
C548695,37449,CERAMIC CAKE STAND + HANGING CAKES,-1,4/3/2011 10:08,9.95,17243,United Kingdom,-9.95
C569410,21669,BLUE STRIPE CERAMIC DRAWER KNOB,-12,10/4/2011 9:48,1.45,13364,United Kingdom,-17.4
C558423,21890,S/6 WOODEN SKITTLES IN COTTON BAG,-1,6/29/2011 12:05,2.75,16966,United Kingdom,-2.75
C567956,85034A,3 GARDENIA MORRIS BOXED CANDLES,-2,9/23/2011 8:54,4.25,12895,United Kingdom,-8.5
C570331,51014C,"FEATHER PEN,COAL BLACK",-1,10/10/2011 12:18,0.39,14606,United Kingdom,-0.39
560831,81950V,Unknown,-1,7/21/2011 12:04,0,Guest,United Kingdom,0
C550181,84596F,SMALL MARSHMALLOWS PINK BOWL,-16,4/14/2011 17:43,0.42,13069,United Kingdom,-6.72
C570099,21936,RED RETROSPOT PICNIC BAG,-5,10/7/2011 12:11,1.65,13798,United Kingdom,-8.25
C543661,22423,REGENCY CAKESTAND 3 TIER,-7,2/11/2011 10:41,10.95,12471,Germany,-76.65
549331,40018F,Unknown,-22,4/8/2011 10:54,0,Guest,United Kingdom,0
C564209,22121,NOEL WOODEN BLOCK LETTERS ,-1,8/24/2011 9:07,5.95,14189,United Kingdom,-5.95
C548460,22722,SET OF 6 SPICE TINS PANTRY DESIGN,-4,3/31/2011 11:58,3.95,16801,United Kingdom,-15.8
C560559,21314,SMALL GLASS HEART TRINKET POT,-3,7/19/2011 13:24,0.85,16145,United Kingdom,-2.55
C576231,23198,PANTRY MAGNETIC  SHOPPING LIST,-3,11/14/2011 13:24,1.45,14868,United Kingdom,-4.35
C581148,37449,CERAMIC CAKE STAND + HANGING CAKES,-1,12/7/2011 14:02,9.95,12462,Spain,-9.95
549268,84856S,Unknown,-7,4/7/2011 12:47,0,Guest,United Kingdom,0
C567532,84879,ASSORTED COLOUR BIRD ORNAMENT,-8,9/21/2011 9:44,1.69,15888,United Kingdom,-13.52
C574584,72802C,VANILLA SCENT CANDLE JEWELLED BOX,-180,11/4/2011 18:11,1,15482,United Kingdom,-180
C578274,72807C,SET/3 VANILLA SCENTED CANDLE IN BOX,-1,11/23/2011 13:42,4.25,17828,Malta,-4.25
565042,85185B,Unknown,-27,8/31/2011 17:01,0,Guest,United Kingdom,0
C573099,22654,DELUXE SEWING KIT ,-2,10/27/2011 14:47,5.95,12921,United Kingdom,-11.9
580378,22792,damages,-73,12/2/2011 17:56,0,Guest,United Kingdom,0
C561230,23031,DRAWER KNOB CRACKLE GLAZE PINK,-1,7/26/2011 10:19,1.65,14329,United Kingdom,-1.65
C562952,23110,PARISIENNE KEY CABINET ,-1,8/11/2011 10:10,5.75,12749,United Kingdom,-5.75
C542792,22505,MEMO BOARD COTTAGE DESIGN,-1,2/1/2011 10:49,4.95,14627,United Kingdom,-4.95
577111,22587,check,-41,11/17/2011 17:55,0,Guest,United Kingdom,0
C570552,85099B,JUMBO BAG RED RETROSPOT,-300,10/11/2011 11:01,1.74,16029,United Kingdom,-522
C536548,22244,3 HOOK HANGER MAGIC GARDEN,-4,12/1/2010 14:33,1.95,12472,Germany,-7.8
C542101,22649,STRAWBERRY FAIRY CAKE TEAPOT,-1,1/25/2011 13:15,4.95,12471,Germany,-4.95
C545773,22429,ENAMEL MEASURING JUG CREAM,-1,3/7/2011 12:06,4.25,17139,United Kingdom,-4.25
C553478,23082,SET 6 PAPER TABLE LANTERN HEARTS ,-1,5/17/2011 11:47,3.75,17677,United Kingdom,-3.75
C538833,20728,LUNCH BAG CARS BLUE,-1,12/14/2010 13:05,1.65,14680,United Kingdom,-1.65
542560,47579,Unknown,-1,1/28/2011 14:51,0,Guest,United Kingdom,0
C540246,35598D,PINK/WHITE CHRISTMAS TREE 60CM,-1,1/5/2011 15:43,0.65,13081,United Kingdom,-0.65
C570553,23048,SET OF 10 LANTERNS FAIRY LIGHT STAR,-1,10/11/2011 11:01,4.15,14800,United Kingdom,-4.15
C543763,22767,TRIPLE PHOTO FRAME CORNICE ,-2,2/11/2011 15:14,9.95,13050,United Kingdom,-19.9
C569978,22867,HAND WARMER BIRD DESIGN,-12,10/6/2011 19:27,2.1,13988,United Kingdom,-25.2
C560855,85186C,BUNNY EGG GARLAND,-20,7/21/2011 13:00,0.42,14410,United Kingdom,-8.4
C544897,21633,SUNFLOWER DECORATIVE PARASOL,-1,2/24/2011 12:27,12.75,17867,United Kingdom,-12.75
C554150,22762,CUPBOARD 3 DRAWER MA CAMPAGNE,-1,5/23/2011 11:07,14.95,14573,United Kingdom,-14.95
C547661,21874,GIN AND TONIC MUG,-1,3/24/2011 13:09,1.25,13736,United Kingdom,-1.25
C564944,84251B,"GREETING CARD, STICKY GORDON",-12,8/31/2011 13:24,0.19,13078,United Kingdom,-2.28
C566174,22634,CHILDS BREAKFAST SET SPACEBOY ,-1,9/9/2011 12:26,9.95,16309,United Kingdom,-9.95
C562884,22900,SET 2 TEA TOWELS I LOVE LONDON ,-3,8/10/2011 11:25,3.25,14056,United Kingdom,-9.75
C538098,22168,ORGANISER WOOD ANTIQUE WHITE ,-1,12/9/2010 14:57,8.5,14441,United Kingdom,-8.5
C562952,82486,WOOD S/3 CABINET ANT WHITE FINISH,-1,8/11/2011 10:10,8.95,12749,United Kingdom,-8.95
C577693,22654,DELUXE SEWING KIT ,-2,11/21/2011 11:48,5.95,12628,Germany,-11.9
C539576,22896,PEG BAG APPLES DESIGN,-12,12/20/2010 12:25,2.55,14911,EIRE,-30.6
C536548,22077,6 RIBBONS RUSTIC CHARM,-6,12/1/2010 14:33,1.65,12472,Germany,-9.9
C538341,22729,ALARM CLOCK BAKELIKE ORANGE,-1,12/10/2010 14:03,3.75,15514,United Kingdom,-3.75
C543768,37500,TEA TIME TEAPOT IN GIFT BOX,-1,2/11/2011 15:20,9.95,14497,United Kingdom,-9.95
C573925,22720,SET OF 3 CAKE TINS PANTRY DESIGN ,-1,11/2/2011 9:50,4.95,17109,United Kingdom,-4.95
C543643,22382,LUNCH BAG SPACEBOY DESIGN ,-1,2/10/2011 17:44,1.65,16161,United Kingdom,-1.65
C542150,22492,MINI PAINT SET VINTAGE ,-1,1/26/2011 10:30,0.65,14049,United Kingdom,-0.65
C548695,82486,WOOD S/3 CABINET ANT WHITE FINISH,-1,4/3/2011 10:08,8.95,17243,United Kingdom,-8.95
C540097,22835,HOT WATER BOTTLE I AM SO POORLY,-4,1/4/2011 15:46,4.65,15373,United Kingdom,-18.6
C552704,22136,LOVE HEART SOCK HANGER,-1,5/10/2011 16:05,1.45,13098,United Kingdom,-1.45
C569112,23425,STORAGE TIN HOME SWEET HOME,-2,9/30/2011 12:47,2.49,17405,United Kingdom,-4.98
C537143,20685,DOORMAT RED RETROSPOT,-1,12/5/2010 12:58,7.95,12748,United Kingdom,-7.95
C544414,22960,JAM MAKING SET WITH JARS,-2,2/18/2011 14:54,3.75,13408,United Kingdom,-7.5
C562016,21650,ASSORTED TUTTI FRUTTI BRACELET,-24,8/1/2011 14:12,0.19,14738,United Kingdom,-4.56
C539644,22820,GIFT BAG BIRTHDAY,-2,12/20/2010 15:52,0.65,12471,Germany,-1.3
C541861,22796,PHOTO FRAME 3 CLASSIC HANGING,-2,1/23/2011 15:48,9.95,13742,United Kingdom,-19.9
C545446,22661,CHARLOTTE BAG DOLLY GIRL DESIGN,-1,3/2/2011 16:33,0.72,12753,Japan,-0.72
C578832,23285,PINK VINTAGE SPOT BEAKER,-2,11/25/2011 15:18,0.85,13069,United Kingdom,-1.7
542581,90091,Unknown,-1,1/28/2011 14:58,0,Guest,United Kingdom,0
C569829,D,Discount,-1,10/6/2011 12:37,16.74,14527,United Kingdom,-16.74
560830,81953B,Unknown,-6,7/21/2011 12:03,0,Guest,United Kingdom,0
556232,21135,sold as set on dotcom,-304,6/9/2011 15:15,0,Guest,United Kingdom,0
C563894,21042,RED RETROSPOT APRON ,-1,8/21/2011 9:18,5.95,16330,United Kingdom,-5.95
C579877,22138,BAKING SET 9 PIECE RETROSPOT ,-1,11/30/2011 17:07,4.95,16240,United Kingdom,-4.95
C540151,21843,RED RETROSPOT CAKE STAND,-1,1/5/2011 11:13,10.95,12494,France,-10.95
577122,23348,sold with wrong barcode,-57,11/17/2011 18:33,0,Guest,United Kingdom,0
C543465,22778,GLASS CLOCHE SMALL,-2,2/8/2011 14:32,3.95,13873,United Kingdom,-7.9
C577227,D,Discount,-1,11/18/2011 12:06,16.76,14527,United Kingdom,-16.76
C567716,22624,IVORY KITCHEN SCALES,-1,9/22/2011 10:16,8.5,14543,United Kingdom,-8.5
C551386,M,Manual,-1,4/28/2011 11:38,1.01,16422,United Kingdom,-1.01
C565044,20829,GLITTER HANGING BUTTERFLY STRING,-113,8/31/2011 17:02,1.69,12931,United Kingdom,-190.97
C554849,21232,STRAWBERRY CERAMIC TRINKET BOX,-2,5/26/2011 19:58,1.06,17865,United Kingdom,-2.12
C562952,23020,GLASS  SONGBIRD STORAGE JAR,-1,8/11/2011 10:10,12.5,12749,United Kingdom,-12.5
C552300,84755,COLOUR GLASS T-LIGHT HOLDER HANGING,-4,5/8/2011 14:45,0.65,14606,United Kingdom,-2.6
C566966,23395,BELLE JARDINIERE CUSHION COVER,-1,9/15/2011 18:02,3.75,16362,United Kingdom,-3.75
C564209,22996,TRAVEL CARD WALLET VINTAGE TICKET,-1,8/24/2011 9:07,0.42,14189,United Kingdom,-0.42
C560540,23292,SPACEBOY CHILDRENS CUP,-1,7/19/2011 12:26,1.25,12415,Australia,-1.25
C574291,22622,BOX OF VINTAGE ALPHABET BLOCKS,-6,11/3/2011 15:19,11.95,15290,United Kingdom,-71.7
C546529,22764,"RUSTIC WOODEN CABINET, GLASS DOORS",-1,3/14/2011 13:05,24.95,15502,United Kingdom,-24.95
C543244,21463,MIRRORED DISCO BALL ,-1,2/4/2011 14:06,5.95,16725,United Kingdom,-5.95
C562845,21754,HOME BUILDING BLOCK WORD,-1,8/10/2011 9:21,5.95,14903,United Kingdom,-5.95
C574473,23234,BISCUIT TIN VINTAGE CHRISTMAS,-6,11/4/2011 12:05,2.89,15809,United Kingdom,-17.34
C547187,37448,CERAMIC CAKE DESIGN SPOTTED MUG,-6,3/21/2011 12:20,1.49,12779,Poland,-8.94
C553397,22863,SOAP DISH BROCANTE,-1,5/16/2011 16:58,2.95,17841,United Kingdom,-2.95
C537572,BANK CHARGES,Bank Charges,-1,12/7/2010 12:00,95.38,Guest,United Kingdom,-95.38
C550024,22456,NATURAL SLATE CHALKBOARD LARGE ,-3,4/14/2011 11:19,4.95,13089,United Kingdom,-14.85
C563856,21789,KIDS RAIN MAC PINK,-19,8/19/2011 15:39,0.85,13090,United Kingdom,-16.15
C570867,23166,MEDIUM CERAMIC TOP STORAGE JAR,-12,10/12/2011 16:17,1.25,12607,USA,-15
C559983,22916,HERB MARKER THYME,-12,7/14/2011 11:41,0.65,14562,United Kingdom,-7.8
C537644,AMAZONFEE,AMAZON FEE,-1,12/7/2010 15:34,13474.79,Guest,United Kingdom,-13474.79
C554532,47566,PARTY BUNTING,-4,5/24/2011 17:32,4.95,14194,United Kingdom,-19.8
C545451,22442,GROW YOUR OWN FLOWERS SET OF 3,-1,3/2/2011 16:53,7.95,13477,United Kingdom,-7.95
C572346,BANK CHARGES,Bank Charges,-1,10/24/2011 10:58,49.65,Guest,United Kingdom,-49.65
C550181,84596B,SMALL DOLLY MIX DESIGN ORANGE BOWL,-16,4/14/2011 17:43,0.42,13069,United Kingdom,-6.72
C558433,21708,FOLDING UMBRELLA CREAM POLKADOT,-1,6/29/2011 12:31,4.95,14606,United Kingdom,-4.95
C560396,22577,WOODEN HEART CHRISTMAS SCANDINAVIAN,-96,7/18/2011 13:49,0.85,18087,United Kingdom,-81.6
C574248,22486,PLASMATRONIC LAMP,-1,11/3/2011 13:00,12.75,13925,United Kingdom,-12.75
C562221,21155,RED RETROSPOT PEG BAG,-6,8/3/2011 14:22,2.55,16525,United Kingdom,-15.3
C558753,21364,PEACE SMALL WOOD LETTERS,-1,7/3/2011 11:54,6.75,15033,United Kingdom,-6.75
551837,79164,damages/credits from ASOS.,-1512,5/4/2011 13:23,0,Guest,United Kingdom,0
566066,15060B,Unknown,-52,9/8/2011 16:36,0,Guest,United Kingdom,0
C569985,71053,WHITE METAL LANTERN,-8,10/6/2011 19:51,3.75,15365,United Kingdom,-30
C552213,22251,BIRDHOUSE DECORATION MAGIC GARDEN,-4,5/6/2011 15:10,1.25,13499,United Kingdom,-5
C567527,23113,PANTRY CHOPPING BOARD,-756,9/21/2011 9:16,5.06,17450,United Kingdom,-3825.36
C569743,23201,JUMBO BAG ALPHABET,-110,10/6/2011 10:57,1.79,15769,United Kingdom,-196.9
C537600,AMAZONFEE,AMAZON FEE,-1,12/7/2010 12:41,1,Guest,United Kingdom,-1
C572831,22571,ROCKING HORSE RED CHRISTMAS ,-12,10/26/2011 11:37,0.85,14895,United Kingdom,-10.2
C554905,15058A,BLUE POLKADOT GARDEN PARASOL,-2,5/27/2011 11:17,7.95,14191,United Kingdom,-15.9
C577486,23198,PANTRY MAGNETIC  SHOPPING LIST,-5,11/20/2011 11:59,1.45,15533,United Kingdom,-7.25
C581322,22909,SET OF 20 VINTAGE CHRISTMAS NAPKINS,-1,12/8/2011 11:51,0.85,18223,United Kingdom,-0.85
C578832,47566,PARTY BUNTING,-6,11/25/2011 15:18,4.95,13069,United Kingdom,-29.7
C562423,22627,MINT KITCHEN SCALES,-2,8/4/2011 17:06,8.5,12584,Italy,-17
C572334,23351,ROLL WRAP 50'S CHRISTMAS,-72,10/24/2011 10:25,1.04,14607,United Kingdom,-74.88
C571507,21731,RED TOADSTOOL LED NIGHT LIGHT,-3,10/17/2011 15:24,1.65,13919,Denmark,-4.95
C549692,85053,FRENCH ENAMEL CANDLEHOLDER,-1,4/11/2011 13:43,1.69,13668,United Kingdom,-1.69
C543772,22355,CHARLOTTE BAG SUKI DESIGN,-1,2/11/2011 15:43,0.85,13534,United Kingdom,-0.85
C543661,22720,SET OF 3 CAKE TINS PANTRY DESIGN ,-3,2/11/2011 10:41,4.95,12471,Germany,-14.85
C553914,84279B,CHERRY BLOSSOM DECORATIVE FLASK,-2,5/19/2011 19:50,3.75,18109,United Kingdom,-7.5
C540112,21735,TWO DOOR CURIO CABINET,-18,1/4/2011 17:14,10.95,15973,United Kingdom,-197.1
C550935,M,Manual,-1,4/21/2011 15:15,194.97,Guest,United Kingdom,-194.97
C560540,23306,SET OF 36 DOILIES PANTRY DESIGN,-1,7/19/2011 12:26,1.45,12415,Australia,-1.45
C575980,23238,SET OF 4 KNICK KNACK TINS LONDON ,-6,11/13/2011 13:39,4.15,12867,United Kingdom,-24.9
561504,21361,Unknown,-7,7/27/2011 14:15,0,Guest,United Kingdom,0
C537402,22849,BREAD BIN DINER STYLE MINT,-4,12/6/2010 14:43,14.95,15502,United Kingdom,-59.8
C543347,22242,5 HOOK HANGER MAGIC TOADSTOOL,-5,2/7/2011 12:44,1.65,12472,Germany,-8.25
C548155,22781,GUMBALL MAGAZINE RACK,-6,3/29/2011 13:18,7.65,15906,United Kingdom,-45.9
C552744,POST,POSTAGE,-1,5/11/2011 11:15,3.15,16297,United Kingdom,-3.15
542396,22146,Unknown,-4,1/27/2011 15:12,0,Guest,United Kingdom,0
C559742,22960,JAM MAKING SET WITH JARS,-12,7/12/2011 11:11,3.75,14267,United Kingdom,-45
C562126,21533,RETROSPOT LARGE MILK JUG,-2,8/2/2011 17:31,4.95,15764,United Kingdom,-9.9
C571196,23351,ROLL WRAP 50'S CHRISTMAS,-12,10/14/2011 12:02,1.25,Guest,United Kingdom,-15
C571695,22523,CHILDS GARDEN FORK PINK,-12,10/18/2011 14:46,0.85,14776,United Kingdom,-10.2
C570012,23401,RUSTIC MIRROR WITH LACE HEART,-1,10/7/2011 9:53,6.25,15344,United Kingdom,-6.25
C557637,22178,VICTORIAN GLASS HANGING T-LIGHT,-2,6/21/2011 16:00,1.25,13630,United Kingdom,-2.5
C575082,21843,RED RETROSPOT CAKE STAND,-4,11/8/2011 13:30,10.95,12613,Germany,-43.8
C556874,BANK CHARGES,Bank Charges,-1,6/15/2011 11:49,464.52,Guest,United Kingdom,-464.52
572699,72818,Unknown,-48,10/25/2011 14:26,0,Guest,United Kingdom,0
C560912,23252,VINTAGE RED ENAMEL TRIM JUG ,-4,7/21/2011 18:05,3.75,14400,United Kingdom,-15
569378,72799F,Unknown,-5,10/3/2011 16:31,0,Guest,United Kingdom,0
C562375,22697,GREEN REGENCY TEACUP AND SAUCER,-48,8/4/2011 14:46,2.55,14911,EIRE,-122.4
C560409,22794,SWEETHEART WIRE MAGAZINE RACK,-2,7/18/2011 14:24,7.95,16717,United Kingdom,-15.9
C564104,23199,JUMBO BAG APPLES,-10,8/23/2011 10:38,2.08,12530,Germany,-20.8
C566671,23091,ZINC HERB GARDEN CONTAINER,-1,9/14/2011 11:39,6.25,17841,United Kingdom,-6.25
C572492,22770,MIRROR CORNICE,-1,10/24/2011 14:04,14.95,12940,United Kingdom,-14.95
C562559,21232,STRAWBERRY CERAMIC TRINKET BOX,-24,8/5/2011 17:08,1.25,16743,United Kingdom,-30
554319,47574B,Unknown,-13,5/23/2011 15:31,0,Guest,United Kingdom,0
C543792,22849,BREAD BIN DINER STYLE MINT,-1,2/11/2011 17:14,16.95,13725,United Kingdom,-16.95
C540403,85123A,WHITE HANGING HEART T-LIGHT HOLDER,-1,1/7/2011 9:32,2.55,17230,United Kingdom,-2.55
C537602,21843,RED RETROSPOT CAKE STAND,-1,12/7/2010 12:45,9.95,17511,United Kingdom,-9.95
C567681,22614,PACK OF 12 SPACEBOY TISSUES,-22,9/21/2011 16:24,0.39,15433,United Kingdom,-8.58
C561596,22231,JIGSAW TREE WITH BIRDHOUSE,-4,7/28/2011 11:23,0.59,16558,United Kingdom,-2.36
C556414,22456,NATURAL SLATE CHALKBOARD LARGE ,-6,6/10/2011 12:14,4.95,13985,United Kingdom,-29.7
559792,21067,Unknown,-66,7/12/2011 12:31,0,Guest,United Kingdom,0
549178,47502,Unknown,-19,4/6/2011 17:33,0,Guest,United Kingdom,0
C572118,85048,15CM CHRISTMAS GLASS BALL 20 LIGHTS,-1,10/20/2011 19:21,6.95,18228,United Kingdom,-6.95
C539221,22592,CARDHOLDER HOLLY WREATH METAL,-1,12/16/2010 12:56,3.75,14911,EIRE,-3.75
C539602,21733,RED HANGING HEART T-LIGHT HOLDER,-3,12/20/2010 14:02,2.95,13369,United Kingdom,-8.85
C564492,S,SAMPLES,-1,8/25/2011 14:16,239.07,Guest,United Kingdom,-239.07
C556676,23243,SET OF TEA COFFEE SUGAR TINS PANTRY,-1,6/13/2011 17:18,4.95,13397,United Kingdom,-4.95
C580766,21430,SET/3 RED GINGHAM ROSE STORAGE BOX,-1,12/6/2011 10:46,3.75,14562,United Kingdom,-3.75
C570484,22576,SWALLOW WOODEN CHRISTMAS DECORATION,-6,10/10/2011 17:08,0.85,14911,EIRE,-5.1
C550099,20682,RED RETROSPOT CHILDRENS UMBRELLA,-1,4/14/2011 12:28,3.25,16933,United Kingdom,-3.25
C580686,22842,BISCUIT TIN VINTAGE RED,-1,12/5/2011 15:28,6.75,15984,United Kingdom,-6.75
C539576,85123A,WHITE HANGING HEART T-LIGHT HOLDER,-24,12/20/2010 12:25,2.95,14911,EIRE,-70.8
C551526,M,Manual,-1,5/1/2011 12:38,1.95,16401,United Kingdom,-1.95
C552237,22441,GROW YOUR OWN BASIL IN ENAMEL MUG,-1,5/6/2011 16:44,2.1,14056,United Kingdom,-2.1
C558405,22720,SET OF 3 CAKE TINS PANTRY DESIGN ,-16,6/29/2011 10:30,4.25,13881,United Kingdom,-68
C560221,22456,NATURAL SLATE CHALKBOARD LARGE ,-2,7/15/2011 15:23,4.25,13408,United Kingdom,-8.5
568403,84905,Unknown,-3,9/27/2011 10:35,0,Guest,United Kingdom,0
C573081,D,Discount,-1,10/27/2011 14:20,23.27,14527,United Kingdom,-23.27
C572481,84687,BEACH HUT SHELF W 3 DRAWERS,-1,10/24/2011 13:48,5.95,15632,United Kingdom,-5.95
C575749,23244,ROUND STORAGE TIN VINTAGE LEAF,-1,11/11/2011 10:24,1.95,12856,United Kingdom,-1.95
C574507,23462,ROCOCO WALL MIRROR WHITE,-1,11/4/2011 13:24,19.95,15345,United Kingdom,-19.95
C539719,82613C,"METAL SIGN,CUPCAKE SINGLE HOOK",-20,12/21/2010 13:15,0.42,14643,United Kingdom,-8.4
550762,85030,Unknown,-9,4/20/2011 12:10,0,Guest,United Kingdom,0
C538341,22728,ALARM CLOCK BAKELIKE PINK,-3,12/10/2010 14:03,3.75,15514,United Kingdom,-11.25
C540837,21733,RED HANGING HEART T-LIGHT HOLDER,-1,1/11/2011 15:02,2.55,14733,United Kingdom,-2.55
C555636,22680,FRENCH BLUE METAL DOOR SIGN 5,-10,6/6/2011 12:33,1.25,15073,United Kingdom,-12.5
548381,22127,sold in set?,-690,3/30/2011 16:45,0,Guest,United Kingdom,0
C564362,23110,PARISIENNE KEY CABINET ,-2,8/24/2011 16:20,5.75,13148,United Kingdom,-11.5
C558255,22699,ROSES REGENCY TEACUP AND SAUCER ,-1,6/27/2011 17:06,2.95,12955,United Kingdom,-2.95
C564299,22725,ALARM CLOCK BAKELIKE CHOCOLATE,-8,8/24/2011 11:00,3.75,12853,United Kingdom,-30
C549686,22978,PANTRY ROLLING PIN,-6,4/11/2011 13:26,3.75,15646,United Kingdom,-22.5
C556037,D,Discount,-1,6/8/2011 12:37,20.92,14527,United Kingdom,-20.92
C550174,23004,TRAVEL CARD WALLET PANTRY,-6,4/14/2011 17:07,0.42,16394,United Kingdom,-2.52
C539644,22646,CERAMIC STRAWBERRY CAKE MONEY BANK,-8,12/20/2010 15:52,1.45,12471,Germany,-11.6
C548193,20726,LUNCH BAG WOODLAND,-2,3/29/2011 15:27,1.65,14680,United Kingdom,-3.3
C575651,21754,HOME BUILDING BLOCK WORD,-1,11/10/2011 14:26,6.25,17653,United Kingdom,-6.25
C551551,84600,NEW BAROQUE JEWELLERY BOX ,-1,5/3/2011 10:08,7.95,17841,United Kingdom,-7.95
C568579,21314,SMALL GLASS HEART TRINKET POT,-1,9/28/2011 9:45,2.1,14934,Channel Islands,-2.1
C547502,22189,CREAM HEART CARD HOLDER,-1,3/23/2011 12:42,3.95,14513,United Kingdom,-3.95
C552552,22219,LOVEBIRD HANGING DECORATION WHITE ,-12,5/10/2011 10:51,0.85,16525,United Kingdom,-10.2
C576561,22386,JUMBO BAG PINK POLKADOT,-2,11/15/2011 13:22,1.79,15311,United Kingdom,-3.58
C554687,22776,SWEETHEART CAKESTAND 3 TIER,-1,5/25/2011 16:49,9.95,13479,United Kingdom,-9.95
C574922,22632,HAND WARMER RED RETROSPOT,-6,11/7/2011 16:39,2.1,15502,United Kingdom,-12.6
C570199,22393,PAPERWEIGHT VINTAGE COLLAGE,-3,10/7/2011 15:52,2.55,13090,United Kingdom,-7.65
C581235,23273,HEART T-LIGHT HOLDER WILLIE WINKIE,-1,12/8/2011 10:34,1.65,15950,United Kingdom,-1.65
C538085,82483,WOOD 2 DRAWER CABINET WHITE FINISH,-1,12/9/2010 14:43,5.95,16350,United Kingdom,-5.95
C555935,22431,WATERING CAN BLUE ELEPHANT,-6,6/8/2011 9:14,1.95,12567,France,-11.7
C571285,22924,FRIDGE MAGNETS LA VIE EN ROSE,-30,10/16/2011 14:26,0.85,16533,United Kingdom,-25.5
552767,79164,Unknown,-47,5/11/2011 11:42,0,Guest,United Kingdom,0
C556888,20723,STRAWBERRY CHARLOTTE BAG,-1,6/15/2011 12:37,0.85,15005,United Kingdom,-0.85
C548460,22457,NATURAL SLATE HEART CHALKBOARD ,-6,3/31/2011 11:58,2.95,16801,United Kingdom,-17.7
C552805,22107,PIZZA PLATE IN BOX,-4,5/11/2011 12:34,3.75,14149,United Kingdom,-15
C569995,23154,SET OF 4 JAM JAR MAGNETS,-48,10/6/2011 20:36,2.08,14557,United Kingdom,-99.84
C548577,22659,LUNCH BOX I LOVE LONDON,-64,4/1/2011 10:46,1.65,13694,United Kingdom,-105.6
548615,16010,Unknown,-7,4/1/2011 11:47,0,Guest,United Kingdom,0
C540164,21144,PINK POODLE HANGING DECORATION ,-12,1/5/2011 12:02,0.38,14911,EIRE,-4.56
C546730,22720,SET OF 3 CAKE TINS PANTRY DESIGN ,-1,3/16/2011 11:39,4.95,18183,United Kingdom,-4.95
C575650,22726,ALARM CLOCK BAKELIKE GREEN,-1,11/10/2011 14:24,3.75,14194,United Kingdom,-3.75
C548460,22425,ENAMEL COLANDER CREAM,-3,3/31/2011 11:58,4.95,16801,United Kingdom,-14.85
C559939,22937,BAKING MOULD CHOCOLATE CUPCAKES,-6,7/14/2011 10:19,2.55,14426,United Kingdom,-15.3
539995,85064,Unknown,-12,1/4/2011 10:12,0,Guest,United Kingdom,0
C570290,21166,COOK WITH WINE METAL SIGN ,-12,10/10/2011 11:54,2.08,14665,United Kingdom,-24.96
C549191,22086,PAPER CHAIN KIT 50'S CHRISTMAS ,-40,4/7/2011 10:15,2.55,16422,United Kingdom,-102
C571196,23483,HANGING  BUTTERFLY T-LIGHT HOLDER,-12,10/14/2011 12:02,1.25,Guest,United Kingdom,-15
C550456,21108,FAIRY CAKE FLANNEL ASSORTED COLOUR,-3114,4/18/2011 13:08,2.1,15749,United Kingdom,-6539.4
C563240,22616,PACK OF 12 LONDON TISSUES ,-12,8/15/2011 10:06,0.29,15048,United Kingdom,-3.48
551020,22719,wrong code,-110,4/26/2011 11:19,0,Guest,United Kingdom,0
C562582,15034,PAPER POCKET TRAVELING FAN ,-18,8/7/2011 13:53,0.14,15640,United Kingdom,-2.52
C560289,22197,POPCORN HOLDER,-7,7/18/2011 10:14,0.85,16398,United Kingdom,-5.95
C555636,22673,FRENCH GARDEN SIGN BLUE METAL,-12,6/6/2011 12:33,1.25,15073,United Kingdom,-15
567143,21179,damaged,-14,9/16/2011 15:02,0,Guest,United Kingdom,0
569817,21870,Unknown,-26,10/6/2011 12:09,0,Guest,United Kingdom,0
C541821,22960,JAM MAKING SET WITH JARS,-2,1/21/2011 16:41,4.25,15281,United Kingdom,-8.5
C571196,84991,60 TEATIME FAIRY CAKE CASES,-24,10/14/2011 12:02,0.55,Guest,United Kingdom,-13.2
546756,79067,Unknown,-5,3/16/2011 13:31,0,Guest,United Kingdom,0
C560855,22860,EASTER TIN CHICKS PINK DAISY,-9,7/21/2011 13:00,1.65,14410,United Kingdom,-14.85
C572473,84347,ROTATING SILVER ANGELS T-LIGHT HLDR,-1,10/24/2011 13:34,2.55,18188,United Kingdom,-2.55
C573949,23014,GLASS APOTHECARY BOTTLE ELIXIR,-4,11/2/2011 10:47,3.95,14511,United Kingdom,-15.8
C569944,22720,SET OF 3 CAKE TINS PANTRY DESIGN ,-1,10/6/2011 18:12,4.95,17405,United Kingdom,-4.95
C537860,21624,VINTAGE UNION JACK DOORSTOP,-3,12/8/2010 16:15,5.95,16252,United Kingdom,-17.85
C570276,22138,BAKING SET 9 PIECE RETROSPOT ,-3,10/10/2011 11:03,4.95,17419,United Kingdom,-14.85
C566078,D,Discount,-1,9/9/2011 9:38,45.33,13137,United Kingdom,-45.33
C562375,22979,PANTRY WASHING UP BRUSH,-72,8/4/2011 14:46,1.25,14911,EIRE,-90
C562799,84949,SILVER HANGING T-LIGHT HOLDER,-2,8/9/2011 14:31,1.65,16609,United Kingdom,-3.3
573259,85136A,damages,-77,10/28/2011 12:20,0,Guest,United Kingdom,0
541600,22866,Unknown,-64,1/19/2011 16:48,0,Guest,United Kingdom,0
C567691,21673,WHITE SPOT BLUE CERAMIC DRAWER KNOB,-4,9/21/2011 17:04,1.45,17567,United Kingdom,-5.8
C558110,22427,ENAMEL FLOWER JUG CREAM,-3,6/26/2011 15:47,5.95,17731,United Kingdom,-17.85
C543769,72807C,SET/3 VANILLA SCENTED CANDLE IN BOX,-1,2/11/2011 15:22,4.25,17213,United Kingdom,-4.25
C553533,21088,SET/6 FRUIT SALAD PAPER CUPS,-12,5/17/2011 15:13,0.19,17612,United Kingdom,-2.28
C561232,85053,FRENCH ENAMEL CANDLEHOLDER,-4,7/26/2011 10:21,2.1,16133,United Kingdom,-8.4
C539569,22923,FRIDGE MAGNETS LES ENFANTS ASSORTED,-13,12/20/2010 12:01,0.85,17204,United Kingdom,-11.05
C551511,22762,CUPBOARD 3 DRAWER MA CAMPAGNE,-1,4/28/2011 19:49,14.95,14311,United Kingdom,-14.95
C537039,20936,FORKED CACTUS CANDLE,-1,12/5/2010 10:25,2.95,15708,United Kingdom,-2.95
C557405,23240,SET OF 4 KNICK KNACK TINS DOILEY ,-3,6/20/2011 11:28,4.15,12708,Germany,-12.45
C573219,21672,WHITE SPOT RED CERAMIC DRAWER KNOB,-1,10/28/2011 11:49,1.45,14415,United Kingdom,-1.45
C569655,22962,JAM JAR WITH PINK LID,-12,10/5/2011 12:58,0.85,14534,United Kingdom,-10.2
577788,23056,rusty throw away,-210,11/21/2011 16:28,0,Guest,United Kingdom,0
C574517,22720,SET OF 3 CAKE TINS PANTRY DESIGN ,-1,11/4/2011 13:40,4.95,17109,United Kingdom,-4.95
C555254,23175,REGENCY MILK JUG PINK ,-1,6/1/2011 15:17,3.25,14740,United Kingdom,-3.25
C567704,23250,VINTAGE RED TRIM ENAMEL BOWL ,-12,9/22/2011 9:41,1.25,17716,United Kingdom,-15
C572226,23273,HEART T-LIGHT HOLDER WILLIE WINKIE,-1,10/21/2011 13:58,1.65,15321,United Kingdom,-1.65
C569655,22383,LUNCH BAG SUKI DESIGN ,-2,10/5/2011 12:58,1.65,14534,United Kingdom,-3.3
C579760,22620,4 TRADITIONAL SPINNING TOPS,-2,11/30/2011 15:05,1.45,17096,United Kingdom,-2.9
C542385,22943,CHRISTMAS LIGHTS 10 VINTAGE BAUBLES,-1,1/27/2011 14:32,4.25,14290,United Kingdom,-4.25
C559461,23201,JUMBO BAG ALPHABET,-1,7/8/2011 13:04,2.08,14680,United Kingdom,-2.08
C539950,85099B,JUMBO BAG RED RETROSPOT,-10,12/23/2010 11:50,1.95,13534,United Kingdom,-19.5
C558110,22767,TRIPLE PHOTO FRAME CORNICE ,-2,6/26/2011 15:47,9.95,17731,United Kingdom,-19.9
569876,90210D,check,-28,10/6/2011 15:08,0,Guest,United Kingdom,0
C544580,S,SAMPLES,-1,2/21/2011 14:25,20.55,Guest,United Kingdom,-20.55
C547992,22180,RETROSPOT LAMP,-1,3/29/2011 9:58,9.95,18225,United Kingdom,-9.95
C555006,23301,GARDENERS KNEELING PAD KEEP CALM ,-48,5/31/2011 9:51,1.45,13694,United Kingdom,-69.6
C559917,AMAZONFEE,AMAZON FEE,-1,7/13/2011 15:21,6497.47,Guest,United Kingdom,-6497.47
C542413,22910,PAPER CHAIN KIT VINTAGE CHRISTMAS,-18,1/27/2011 17:11,2.95,16923,United Kingdom,-53.1
537006,21648,Unknown,-130,12/3/2010 15:36,0,Guest,United Kingdom,0
C545728,21232,STRAWBERRY CERAMIC TRINKET BOX,-2,3/7/2011 11:41,1.25,12484,Spain,-2.5
C564506,84818,DANISH ROSE PHOTO FRAME,-24,8/25/2011 14:26,0.79,15315,United Kingdom,-18.96
C574876,85048,15CM CHRISTMAS GLASS BALL 20 LIGHTS,-2,11/7/2011 13:13,7.95,14426,United Kingdom,-15.9
C570004,47594A,CAROUSEL DESIGN WASHBAG,-1,10/7/2011 9:21,1.95,13198,United Kingdom,-1.95
C542366,20934,SET/3 POT PLANT CANDLES,-2,1/27/2011 12:54,4.95,13777,United Kingdom,-9.9
C546208,21318,GLASS CHALICE BLUE SMALL ,-6,3/10/2011 11:19,1.65,12417,Belgium,-9.9
549427,22797,damages,-12,4/8/2011 11:56,0,Guest,United Kingdom,0
C567902,22296,HEART IVORY TRELLIS LARGE,-1,9/22/2011 16:29,1.65,15555,United Kingdom,-1.65
C566940,20914,SET/5 RED RETROSPOT LID GLASS BOWLS,-1,9/15/2011 16:13,2.95,14105,United Kingdom,-2.95
C537853,22697,GREEN REGENCY TEACUP AND SAUCER,-1,12/8/2010 15:57,2.95,13370,United Kingdom,-2.95
C537251,22536,MAGIC DRAWING SLATE PURDEY,-11,12/6/2010 10:45,0.42,Guest,United Kingdom,-4.62
C570480,22382,LUNCH BAG SPACEBOY DESIGN ,-10,10/10/2011 17:00,1.65,17552,United Kingdom,-16.5
C547899,M,Manual,-1,3/28/2011 11:51,1486.12,Guest,United Kingdom,-1486.12
C546363,POST,POSTAGE,-1,3/11/2011 11:30,7.06,16912,United Kingdom,-7.06
C559540,21850,BLUE  DIAMANTE PEN IN GIFT BOX,-36,7/10/2011 12:39,4.25,18024,United Kingdom,-153
C564488,85231G,ORANGE SCENTED SET/9 T-LIGHTS,-10,8/25/2011 14:12,0.85,16859,United Kingdom,-8.5
C554266,23126,FELTCRAFT GIRL AMELIE KIT,-1,5/23/2011 12:48,4.95,12474,Germany,-4.95
537001,21653,Unknown,-6,12/3/2010 15:33,0,Guest,United Kingdom,0
C537596,22968,ROSE COTTAGE KEEPSAKE BOX ,-2,12/7/2010 12:31,9.95,17954,United Kingdom,-19.9
C570290,22865,HAND WARMER OWL DESIGN,-12,10/10/2011 11:54,2.1,14665,United Kingdom,-25.2
C577832,23245,SET OF 3 REGENCY CAKE TINS,-4,11/22/2011 10:18,4.95,18274,United Kingdom,-19.8
C544902,22629,SPACEBOY LUNCH BOX ,-1,2/24/2011 13:05,1.95,12362,Belgium,-1.95
578529,22087,Unknown,-23,11/24/2011 14:29,0,Guest,United Kingdom,0
C556268,22776,SWEETHEART CAKESTAND 3 TIER,-2,6/9/2011 19:34,9.95,13317,United Kingdom,-19.9
C560560,22423,REGENCY CAKESTAND 3 TIER,-1,7/19/2011 13:26,12.75,17738,United Kingdom,-12.75
C539486,22336,DOVE DECORATION PAINTED ZINC ,-23,12/20/2010 8:27,0.65,18256,United Kingdom,-14.95
C564491,22423,REGENCY CAKESTAND 3 TIER,-1,8/25/2011 14:15,12.75,18204,United Kingdom,-12.75
C558905,POST,POSTAGE,-1,7/4/2011 16:27,4.9,13826,United Kingdom,-4.9
C541779,22659,LUNCH BOX I LOVE LONDON,-12,1/21/2011 11:50,1.95,13102,United Kingdom,-23.4
C543603,82483,WOOD 2 DRAWER CABINET WHITE FINISH,-1,2/10/2011 13:40,6.95,15570,United Kingdom,-6.95
574171,21818,check,-130,11/3/2011 11:45,0,Guest,United Kingdom,0
C546168,22892,SET OF SALT AND PEPPER TOADSTOOLS,-12,3/10/2011 10:22,1.25,16670,United Kingdom,-15
C555328,22768,FAMILY PHOTO FRAME CORNICE,-2,6/2/2011 11:07,9.95,16449,United Kingdom,-19.9
C540307,22083,PAPER CHAIN KIT RETROSPOT,-36,1/6/2011 12:58,2.95,15823,United Kingdom,-106.2
C542832,35004B,SET OF 3 BLACK FLYING DUCKS,-12,2/1/2011 11:28,4.65,15694,United Kingdom,-55.8
559376,48116,Unknown,-35,7/8/2011 10:38,0,Guest,United Kingdom,0
C537684,22301,COFFEE MUG CAT + BIRD DESIGN,-1,12/8/2010 10:18,2.55,14901,United Kingdom,-2.55
571459,20839,damages,-80,10/17/2011 14:03,0,Guest,United Kingdom,0
C560874,23194,GYMKHANA TREASURE BOOK BOX,-3,7/21/2011 14:53,2.25,17677,United Kingdom,-6.75
C551684,22456,NATURAL SLATE CHALKBOARD LARGE ,-1,5/3/2011 12:49,4.95,12947,United Kingdom,-4.95
C544635,22993,SET OF 4 PANTRY JELLY MOULDS,-12,2/22/2011 11:04,1.25,18257,United Kingdom,-15
C547043,22467,GUMBALL COAT RACK,-1,3/20/2011 11:19,2.55,16156,United Kingdom,-2.55
C548467,22502,PICNIC BASKET WICKER SMALL,-2,3/31/2011 12:20,5.95,16619,United Kingdom,-11.9
C542426,21874,GIN AND TONIC MUG,-12,1/28/2011 9:32,1.25,14146,United Kingdom,-15
C571023,23118,PARISIENNE JEWELLERY DRAWER ,-1,10/13/2011 12:18,7.5,15239,United Kingdom,-7.5
C538500,82484,WOOD BLACK BOARD ANT WHITE FINISH,-2,12/12/2010 12:51,6.45,13715,United Kingdom,-12.9
C558745,22243,5 HOOK HANGER RED MAGIC TOADSTOOL,-1,7/1/2011 17:02,1.65,14415,United Kingdom,-1.65
C579886,22170,PICTURE FRAME WOOD TRIPLE PORTRAIT,-3,11/30/2011 17:39,6.75,15676,United Kingdom,-20.25
C539574,22766,PHOTO FRAME CORNICE,-1,12/20/2010 12:23,2.95,16713,United Kingdom,-2.95
C578673,22946,WOODEN ADVENT CALENDAR CREAM,-1,11/24/2011 18:05,16.95,16016,United Kingdom,-16.95
561486,21765,Unknown,-2,7/27/2011 13:48,0,Guest,United Kingdom,0
C540246,22352,LUNCH BOX WITH CUTLERY RETROSPOT ,-1,1/5/2011 15:43,2.55,13081,United Kingdom,-2.55
C544559,85180A,RED HEARTS LIGHT CHAIN ,-6,2/21/2011 12:38,4.65,14329,United Kingdom,-27.9
C556880,23172,REGENCY TEA PLATE PINK,-1,6/15/2011 12:12,1.65,18073,United Kingdom,-1.65
C577394,23493,VINTAGE DOILY TRAVEL SEWING KIT,-1,11/18/2011 17:09,1.95,14902,United Kingdom,-1.95
C574095,22614,PACK OF 12 SPACEBOY TISSUES,-1,11/3/2011 9:54,0.39,12674,France,-0.39
C561018,23165,LARGE CERAMIC TOP STORAGE JAR,-1,7/22/2011 16:50,1.65,14916,United Kingdom,-1.65
572693,35810A,check,-78,10/25/2011 14:20,0,Guest,United Kingdom,0
C570828,90013A,MIDNIGHT BLUE VINTAGE EARRINGS,-8,10/12/2011 13:15,3.75,14911,EIRE,-30
C562121,22061,LARGE CAKE STAND  HANGING STRAWBERY,-1,8/2/2011 17:15,9.95,16523,United Kingdom,-9.95
C564913,22963,JAM JAR WITH GREEN LID,-2,8/31/2011 12:39,0.72,12560,Germany,-1.44
C556414,22327,ROUND SNACK BOXES SET OF 4 SKULLS,-2,6/10/2011 12:14,2.95,13985,United Kingdom,-5.9
C580312,22598,CHRISTMAS MUSICAL ZINC TREE,-6,12/2/2011 15:09,0.85,13969,United Kingdom,-5.1
561491,21781,Unknown,-2,7/27/2011 13:56,0,Guest,United Kingdom,0
C573105,22467,GUMBALL COAT RACK,-1,10/27/2011 15:04,2.55,13969,United Kingdom,-2.55
C564941,22189,CREAM HEART CARD HOLDER,-4,8/31/2011 13:18,3.95,13709,United Kingdom,-15.8
C570867,84991,60 TEATIME FAIRY CAKE CASES,-24,10/12/2011 16:17,0.55,12607,USA,-13.2
C551646,79160,HEART SHAPE WIRELESS DOORBELL,-5,5/3/2011 11:58,2.1,12888,United Kingdom,-10.5
C562728,22848,BREAD BIN DINER STYLE PINK,-4,8/9/2011 9:41,14.95,12406,Denmark,-59.8
C567690,22659,LUNCH BOX I LOVE LONDON,-7,9/21/2011 17:01,1.95,15810,United Kingdom,-13.65
544063,22837,Unknown,-9,2/15/2011 13:37,0,Guest,United Kingdom,0
C580507,22423,REGENCY CAKESTAND 3 TIER,-1,12/4/2011 13:37,12.75,15867,United Kingdom,-12.75
C577753,21314,SMALL GLASS HEART TRINKET POT,-24,11/21/2011 14:40,1.85,13756,United Kingdom,-44.4
C550455,22382,LUNCH BAG SPACEBOY DESIGN ,-1,4/18/2011 13:02,1.65,13098,United Kingdom,-1.65
C543761,22569,FELTCRAFT CUSHION BUTTERFLY,-1,2/11/2011 15:13,3.75,12943,United Kingdom,-3.75
561639,84799,Unknown,-346,7/28/2011 14:58,0,Guest,United Kingdom,0
C564956,20979,36 PENCILS TUBE RED RETROSPOT,-16,8/31/2011 13:41,1.25,16303,United Kingdom,-20
C569743,23343,JUMBO BAG VINTAGE CHRISTMAS ,-40,10/6/2011 10:57,2.08,15769,United Kingdom,-83.2
C579897,23382,BOX OF 6 CHRISTMAS CAKE DECORATIONS,-2,12/1/2011 8:29,3.75,17636,United Kingdom,-7.5
C566749,22426,ENAMEL WASH BOWL CREAM,-3,9/14/2011 15:38,3.75,13999,United Kingdom,-11.25
C577832,22989,SET 2 PANTRY DESIGN TEA TOWELS,-6,11/22/2011 10:18,3.25,18274,United Kingdom,-19.5
C542413,21756,BATH BUILDING BLOCK WORD,-2,1/27/2011 17:11,5.95,16923,United Kingdom,-11.9
C556445,M,Manual,-1,6/10/2011 15:31,38970,15098,United Kingdom,-38970
C561464,D,Discount,-1,7/27/2011 12:40,26.05,14527,United Kingdom,-26.05
C571066,21238,RED RETROSPOT CUP,-1,10/13/2011 15:05,0.85,12709,Germany,-0.85
C539945,71459,HANGING JAM JAR T-LIGHT HOLDER,-1,12/23/2010 11:40,0.85,17069,United Kingdom,-0.85
C552805,21090,SET/6 COLLAGE PAPER PLATES,-12,5/11/2011 12:34,0.39,14149,United Kingdom,-4.68
538046,85008,Unknown,-15,12/9/2010 13:12,0,Guest,United Kingdom,0
C559939,22024,RAINY LADIES BIRTHDAY CARD,-12,7/14/2011 10:19,0.42,14426,United Kingdom,-5.04
C542403,22789,T-LIGHT HOLDER SWEETHEART HANGING,-1,1/27/2011 16:07,1.95,13534,United Kingdom,-1.95
C564759,22843,BISCUIT TIN VINTAGE GREEN,-1,8/30/2011 10:40,6.75,14911,EIRE,-6.75
C563838,37495,FAIRY CAKE BIRTHDAY CANDLE SET,-4,8/19/2011 13:13,3.75,18241,United Kingdom,-15
C571707,22173,METAL 4 HOOK HANGER FRENCH CHATEAU,-1,10/18/2011 15:33,3.29,14056,United Kingdom,-3.29
C565789,22488,NATURAL SLATE RECTANGLE CHALKBOARD,-12,9/7/2011 9:07,1.65,16735,United Kingdom,-19.8
C565237,85123A,WHITE HANGING HEART T-LIGHT HOLDER,-8,9/2/2011 9:47,2.95,14299,United Kingdom,-23.6
C562118,47594A,CAROUSEL DESIGN WASHBAG,-5,8/2/2011 16:23,1.95,12457,Switzerland,-9.75
C574473,21993,FLORAL FOLK STATIONERY SET,-12,11/4/2011 12:05,1.25,15809,United Kingdom,-15
C554266,22433,WATERING CAN GREEN DINOSAUR,-1,5/23/2011 12:48,1.95,12474,Germany,-1.95
C552029,20982,12 PENCILS TALL TUBE SKULLS,-1,5/5/2011 18:11,0.85,15622,United Kingdom,-0.85
C579887,23490,T-LIGHT HOLDER HANGING LOVE BIRD,-3,11/30/2011 17:42,3.75,16717,United Kingdom,-11.25
549173,84218,Unknown,-2,4/6/2011 17:28,0,Guest,United Kingdom,0
C569655,22730,ALARM CLOCK BAKELIKE IVORY,-1,10/5/2011 12:58,3.75,14534,United Kingdom,-3.75
C579739,22762,CUPBOARD 3 DRAWER MA CAMPAGNE,-1,11/30/2011 14:28,14.95,16956,United Kingdom,-14.95
C541656,22178,VICTORIAN GLASS HANGING T-LIGHT,-1,1/20/2011 12:07,1.25,17315,United Kingdom,-1.25
C558716,51014C,"FEATHER PEN,COAL BLACK",-12,7/1/2011 13:22,0.39,17888,United Kingdom,-4.68
C542138,22211,WOOD STAMP SET FLOWERS,-48,1/25/2011 17:21,1.45,17368,United Kingdom,-69.6
C553851,21539,RED RETROSPOT BUTTER DISH,-1,5/19/2011 13:04,4.95,15811,United Kingdom,-4.95
C538059,21535,RED RETROSPOT SMALL MILK JUG,-6,12/9/2010 13:38,2.55,14205,United Kingdom,-15.3
C540377,21911,GARDEN METAL SIGN ,-12,1/6/2011 17:31,1.65,16656,United Kingdom,-19.8
C570654,POST,POSTAGE,-1,10/11/2011 13:55,14.95,Guest,United Kingdom,-14.95
568442,37327,damages,-131,9/27/2011 11:31,0,Guest,United Kingdom,0
C577547,21927,BLUE/CREAM STRIPE CUSHION COVER ,-3,11/20/2011 14:48,1.25,17841,United Kingdom,-3.75
577113,22271,check,-43,11/17/2011 17:58,0,Guest,United Kingdom,0
C565428,22230,JIGSAW TREE WITH WATERING CAN,-1,9/4/2011 12:53,0.78,12867,United Kingdom,-0.78
C538059,48187,DOORMAT NEW ENGLAND,-2,12/9/2010 13:38,7.95,14205,United Kingdom,-15.9
C542413,22144,CHRISTMAS CRAFT LITTLE FRIENDS,-30,1/27/2011 17:11,2.1,16923,United Kingdom,-63
C552237,22380,TOY TIDY SPACEBOY  ,-1,5/6/2011 16:44,2.1,14056,United Kingdom,-2.1
C553370,POST,POSTAGE,-1,5/16/2011 14:30,19.29,Guest,United Kingdom,-19.29
C570828,90208,PAIR OF PINK FLOWER CLUSTER SLIDE,-6,10/12/2011 13:15,2.55,14911,EIRE,-15.3
C570867,84987,SET OF 36 TEATIME PAPER DOILIES,-12,10/12/2011 16:17,1.45,12607,USA,-17.4
C564946,23201,JUMBO BAG ALPHABET,-2,8/31/2011 13:27,2.08,13534,United Kingdom,-4.16
C547235,82486,WOOD S/3 CABINET ANT WHITE FINISH,-2,3/21/2011 16:25,8.95,15291,United Kingdom,-17.9
573597,79341,"Unsaleable, destroyed.",-905,10/31/2011 15:18,0,Guest,United Kingdom,0
C553906,22776,SWEETHEART CAKESTAND 3 TIER,-1,5/19/2011 18:13,9.95,16554,United Kingdom,-9.95
C546416,22128,PARTY CONES CANDY ASSORTED,-2,3/13/2011 10:48,1.25,14800,United Kingdom,-2.5
C564257,22098,BOUDOIR SQUARE TISSUE BOX,-36,8/24/2011 10:45,0.39,16607,United Kingdom,-14.04
C551285,22649,STRAWBERRY FAIRY CAKE TEAPOT,-1,4/27/2011 14:07,4.95,15005,United Kingdom,-4.95
C540417,21430,SET/3 RED GINGHAM ROSE STORAGE BOX,-24,1/7/2011 10:56,3.39,13680,United Kingdom,-81.36
C550494,75049L,LARGE CIRCULAR MIRROR MOBILE,-7,4/18/2011 14:54,0.85,15311,United Kingdom,-5.95
C562375,23171,REGENCY TEA PLATE GREEN ,-48,8/4/2011 14:46,1.45,14911,EIRE,-69.6
555821,21399,Unknown,-116,6/7/2011 12:01,0,Guest,United Kingdom,0
C560540,22720,SET OF 3 CAKE TINS PANTRY DESIGN ,-1,7/19/2011 12:26,4.95,12415,Australia,-4.95
C550489,22427,ENAMEL FLOWER JUG CREAM,-6,4/18/2011 14:30,5.95,16033,United Kingdom,-35.7
C547856,47566,PARTY BUNTING,-4,3/27/2011 12:14,4.95,16256,United Kingdom,-19.8
C542866,85063,CREAM SWEETHEART MAGAZINE RACK,-2,2/1/2011 12:14,14.95,15311,United Kingdom,-29.9
C540643,22423,REGENCY CAKESTAND 3 TIER,-2,1/10/2011 14:08,10.95,12471,Germany,-21.9
C569485,23241,TREASURE TIN GYMKHANA DESIGN,-2,10/4/2011 12:47,2.08,12705,Germany,-4.16
C564490,85132C,CHARLIE AND LOLA FIGURES TINS,-1,8/25/2011 14:14,1.95,13266,United Kingdom,-1.95
C578832,21981,PACK OF 12 WOODLAND TISSUES ,-7,11/25/2011 15:18,0.39,13069,United Kingdom,-2.73
C554856,21528,DAIRY MAID TRADITIONAL TEAPOT ,-1,5/27/2011 9:55,6.95,17166,United Kingdom,-6.95
C555600,23200,JUMBO BAG PEARS,-10,6/6/2011 11:17,2.08,12633,Germany,-20.8
C566470,23199,JUMBO BAG APPLES,-1,9/12/2011 18:16,2.08,13136,United Kingdom,-2.08
C541863,21936,RED RETROSPOT PICNIC BAG,-1,1/23/2011 16:08,2.55,13798,United Kingdom,-2.55
C557381,M,Manual,-1,6/20/2011 11:01,1216.12,Guest,EIRE,-1216.12
C545189,47594B,SCOTTIES DESIGN WASHBAG,-1,2/28/2011 15:19,1.95,17841,United Kingdom,-1.95
C552535,22501,PICNIC BASKET WICKER LARGE,-1,5/10/2011 9:59,9.95,13269,United Kingdom,-9.95
C558905,72760B,VINTAGE CREAM 3 BASKET CAKE STAND,-1,7/4/2011 16:27,9.95,13826,United Kingdom,-9.95
C575224,21928,JUMBO BAG SCANDINAVIAN BLUE PAISLEY,-100,11/9/2011 11:41,1.79,17511,United Kingdom,-179
C548972,22423,REGENCY CAKESTAND 3 TIER,-3,4/5/2011 11:42,12.75,15674,United Kingdom,-38.25
C540380,71053,WHITE METAL LANTERN,-5,1/6/2011 17:36,3.75,16094,United Kingdom,-18.75
C550456,85123A,WHITE HANGING HEART T-LIGHT HOLDER,-1930,4/18/2011 13:08,2.55,15749,United Kingdom,-4921.5
C559939,21212,PACK OF 72 RETROSPOT CAKE CASES,-24,7/14/2011 10:19,0.55,14426,United Kingdom,-13.2
541601,22632,Unknown,-84,1/19/2011 16:48,0,Guest,United Kingdom,0
C555864,23084,RABBIT NIGHT LIGHT,-5,6/7/2011 14:29,2.08,15189,United Kingdom,-10.4
562384,23175,Unknown,-44,8/4/2011 15:41,0,Guest,United Kingdom,0
C551180,22533,MAGIC DRAWING SLATE BAKE A CAKE ,-24,4/26/2011 17:32,0.42,14586,United Kingdom,-10.08
C551196,84970S,HANGING HEART ZINC T-LIGHT HOLDER,-1,4/27/2011 11:26,0.85,17069,United Kingdom,-0.85
C540246,22201,FRYING PAN BLUE POLKADOT,-1,1/5/2011 15:43,4.25,13081,United Kingdom,-4.25
C567704,23075,PARLOUR CERAMIC WALL HOOK,-4,9/22/2011 9:41,4.15,17716,United Kingdom,-16.6
C544653,85064,CREAM SWEETHEART LETTER RACK,-1,2/22/2011 12:55,4.65,13113,United Kingdom,-4.65
C572722,23243,SET OF TEA COFFEE SUGAR TINS PANTRY,-4,10/25/2011 15:08,4.95,16869,United Kingdom,-19.8
C547836,22423,REGENCY CAKESTAND 3 TIER,-9,3/27/2011 10:19,10.95,15465,United Kingdom,-98.55
561919,85017B,Unknown,-188,8/1/2011 12:08,0,Guest,United Kingdom,0
C539221,90185B,AMETHYST DIAMANTE EXPANDABLE RING,-3,12/16/2010 12:56,4.25,14911,EIRE,-12.75
C570658,82616B,FRAPPUCINO SCARF KNITTING KIT,-9,10/11/2011 14:14,1.25,16120,United Kingdom,-11.25
C557566,22103,MIRROR MOSAIC T-LIGHT HOLDER ROUND,-2,6/21/2011 10:39,1.65,15998,United Kingdom,-3.3
C545529,22464,HANGING METAL HEART LANTERN,-1,3/3/2011 13:26,1.65,16191,United Kingdom,-1.65
C542150,21703,BAG 125g SWIRLY MARBLES,-1,1/26/2011 10:30,0.42,14049,United Kingdom,-0.42
C550534,85035A,GARDENIA 3 WICK MORRIS BOXED CANDLE,-4,4/19/2011 11:08,4.25,14326,United Kingdom,-17
C571707,23198,PANTRY MAGNETIC  SHOPPING LIST,-1,10/18/2011 15:33,1.45,14056,United Kingdom,-1.45
C555254,22698,PINK REGENCY TEACUP AND SAUCER,-2,6/1/2011 15:17,2.95,14740,United Kingdom,-5.9
C549786,21626,VINTAGE UNION JACK PENNANT,-5,4/12/2011 11:58,1.95,14071,United Kingdom,-9.75
C570867,21671,RED SPOT CERAMIC DRAWER KNOB,-12,10/12/2011 16:17,1.45,12607,USA,-17.4
C554685,22487,WHITE WOOD GARDEN PLANT LADDER,-1,5/25/2011 16:30,9.95,16161,United Kingdom,-9.95
C555636,22674,FRENCH TOILET SIGN BLUE METAL,-12,6/6/2011 12:33,1.25,15073,United Kingdom,-15
555823,47021G,Unknown,-52,6/7/2011 12:06,0,Guest,United Kingdom,0
573487,23400,check,-19,10/31/2011 11:46,0,Guest,United Kingdom,0
C557148,23193,BUFFALO BILL TREASURE BOOK BOX,-6,6/17/2011 10:52,2.25,13735,United Kingdom,-13.5
C569655,23309,SET OF 60 I LOVE LONDON CAKE CASES ,-1,10/5/2011 12:58,0.55,14534,United Kingdom,-0.55
C570828,90183A,AMBER DROP EARRINGS W LONG BEADS,-6,10/12/2011 13:15,2.95,14911,EIRE,-17.7
C546932,90201B,BLACK ENAMEL FLOWER RING,-1,3/18/2011 11:01,2.95,16297,United Kingdom,-2.95
C547763,22963,JAM JAR WITH GREEN LID,-12,3/25/2011 11:31,0.85,14194,United Kingdom,-10.2
574257,72818,Unknown,-3,11/3/2011 13:46,0,Guest,United Kingdom,0
569466,23270,incorrect stock entry.,-2880,10/4/2011 11:42,0,Guest,United Kingdom,0
C541415,22464,HANGING METAL HEART LANTERN,-1,1/17/2011 16:20,1.65,14292,United Kingdom,-1.65
C537251,22327,ROUND SNACK BOXES SET OF 4 SKULLS,-4,12/6/2010 10:45,2.95,Guest,United Kingdom,-11.8
C547915,M,Manual,-1,3/28/2011 12:37,165.29,Guest,United Kingdom,-165.29
C556276,79163,BLACK CHAMPAGNE GLASS,-2,6/9/2011 19:48,0.39,14696,United Kingdom,-0.78
C566222,23118,PARISIENNE JEWELLERY DRAWER ,-1,9/9/2011 16:34,7.5,13458,United Kingdom,-7.5
C557148,23176,ABC TREASURE BOOK BOX ,-6,6/17/2011 10:52,2.25,13735,United Kingdom,-13.5
C566468,22842,BISCUIT TIN VINTAGE RED,-1,9/12/2011 18:14,5.95,13319,United Kingdom,-5.95
555334,84805A,wet damaged,-96,6/2/2011 11:12,0,Guest,United Kingdom,0
C549905,21781,MA CAMPAGNE CUTLERY BOX,-2,4/12/2011 16:21,14.95,17576,United Kingdom,-29.9
C572456,POST,POSTAGE,-1,10/24/2011 12:44,22.56,Guest,United Kingdom,-22.56
C548469,22624,IVORY KITCHEN SCALES,-4,3/31/2011 12:32,7.65,14543,United Kingdom,-30.6
C556938,21868,POTTING SHED TEA MUG,-1,6/15/2011 16:15,1.25,15625,United Kingdom,-1.25
C548564,20750,RED RETROSPOT MINI CASES,-1,4/1/2011 10:22,7.95,12616,France,-7.95
C558422,23300,GARDENERS KNEELING PAD CUP OF TEA ,-1,6/29/2011 11:54,1.65,16779,United Kingdom,-1.65
571116,23131,?,-49,10/13/2011 17:46,0,Guest,United Kingdom,0
C552049,22585,PACK OF 6 BIRDY GIFT TAGS,-24,5/6/2011 10:00,1.25,17548,United Kingdom,-30
561487,22168,Unknown,-1,7/27/2011 13:51,0,Guest,United Kingdom,0
C556656,22457,NATURAL SLATE HEART CHALKBOARD ,-1,6/13/2011 16:21,2.95,13148,United Kingdom,-2.95
C560409,84949,SILVER HANGING T-LIGHT HOLDER,-6,7/18/2011 14:24,1.65,16717,United Kingdom,-9.9
C547229,22801,ANTIQUE GLASS PEDESTAL BOWL,-1,3/21/2011 15:49,3.75,17213,United Kingdom,-3.75
C569410,23396,LE JARDIN BOTANIQUE CUSHION COVER,-4,10/4/2011 9:48,3.75,13364,United Kingdom,-15
559378,21781,damages?,-39,7/8/2011 10:40,0,Guest,United Kingdom,0
C563591,23296,SET OF 6 TEA TIME BAKING CASES,-4,8/18/2011 6:10,1.25,16145,United Kingdom,-5
572477,20665,adjustment,-15,10/24/2011 13:39,0,Guest,United Kingdom,0
C567359,21154,RED RETROSPOT OVEN GLOVE ,-1,9/19/2011 16:33,1.25,15201,United Kingdom,-1.25
C574065,22944,CHRISTMAS METAL POSTCARD WITH BELLS,-12,11/2/2011 14:43,0.39,13271,United Kingdom,-4.68
545135,22028,Unknown,-30,2/28/2011 12:06,0,Guest,United Kingdom,0
C549019,22258,FELT FARM ANIMAL RABBIT,-1,4/5/2011 15:22,1.25,12474,Germany,-1.25
C563716,22470,HEART OF WICKER LARGE,-1,8/18/2011 16:14,2.95,15706,United Kingdom,-2.95
C571499,23064,CINDERELLA CHANDELIER ,-10,10/17/2011 15:07,41.75,12454,Spain,-417.5
C546854,22468,BABUSHKA LIGHTS STRING OF 10,-1,3/17/2011 13:55,5.95,17511,United Kingdom,-5.95
C575224,23199,JUMBO BAG APPLES,-100,11/9/2011 11:41,1.79,17511,United Kingdom,-179
C569989,23247,BISCUIT TIN 50'S CHRISTMAS,-36,10/6/2011 20:08,2.49,16839,United Kingdom,-89.64
C572850,22796,PHOTO FRAME 3 CLASSIC HANGING,-1,10/26/2011 12:22,9.95,17841,United Kingdom,-9.95
C548374,21658,GLASS  BEURRE DISH,-2,3/30/2011 16:36,3.95,13047,United Kingdom,-7.9
C566775,22718,CARD CAT AND TREE ,-12,9/15/2011 9:51,0.42,14060,United Kingdom,-5.04
C570828,90003D,CRYSTAL PAIR HEART HAIR SLIDES,-4,10/12/2011 13:15,3.75,14911,EIRE,-15
C575082,22492,MINI PAINT SET VINTAGE ,-12,11/8/2011 13:30,0.65,12613,Germany,-7.8
C569989,22631,CIRCUS PARADE LUNCH BOX ,-7,10/6/2011 20:08,1.95,16839,United Kingdom,-13.65
C549041,21156,RETROSPOT CHILDRENS APRON,-8,4/5/2011 17:22,1.95,17644,United Kingdom,-15.6
554143,79030G,damages,-413,5/23/2011 10:40,0,Guest,United Kingdom,0
C574955,22424,ENAMEL BREAD BIN CREAM,-2,11/8/2011 9:56,12.75,15066,United Kingdom,-25.5
C557649,21735,TWO DOOR CURIO CABINET,-1,6/21/2011 17:15,12.75,15498,United Kingdom,-12.75
C570867,22417,PACK OF 60 SPACEBOY CAKE CASES,-24,10/12/2011 16:17,0.55,12607,USA,-13.2
C556966,23253,16 PIECE CUTLERY SET PANTRY DESIGN,-1,6/16/2011 9:55,15.95,13523,United Kingdom,-15.95
567059,22452,Unknown,-63,9/16/2011 11:41,0,Guest,United Kingdom,0
537453,21248,Unknown,-18,12/7/2010 9:28,0,Guest,United Kingdom,0
C565681,23254,CHILDRENS CUTLERY DOLLY GIRL ,-4,9/6/2011 10:42,4.15,15521,United Kingdom,-16.6
C537602,22659,LUNCH BOX I LOVE LONDON,-4,12/7/2010 12:45,1.65,17511,United Kingdom,-6.6
C540347,22191,IVORY DINER WALL CLOCK,-6,1/6/2011 13:56,8.5,16424,United Kingdom,-51
C543786,22191,IVORY DINER WALL CLOCK,-1,2/11/2011 17:01,8.5,13078,United Kingdom,-8.5
543260,84613A,thrown away,-230,2/4/2011 16:07,0,Guest,United Kingdom,0
C574712,22393,PAPERWEIGHT VINTAGE COLLAGE,-1,11/6/2011 14:25,2.55,14502,United Kingdom,-2.55
C560608,15056P,EDWARDIAN PARASOL PINK,-1,7/20/2011 10:35,5.95,16271,United Kingdom,-5.95
C557927,D,Discount,-1,6/23/2011 14:56,10,16029,United Kingdom,-10
C571059,21257,VICTORIAN SEWING BOX MEDIUM,-1,10/13/2011 14:27,7.95,17813,United Kingdom,-7.95
C566467,85099F,JUMBO BAG STRAWBERRY,-14,9/12/2011 18:04,2.08,14688,United Kingdom,-29.12
C575577,23322,LARGE WHITE HEART OF WICKER,-3,11/10/2011 11:46,2.95,15597,United Kingdom,-8.85
C578122,POST,POSTAGE,-2,11/23/2011 10:27,1,12452,Switzerland,-2
572514,20774,Unknown,-4,10/24/2011 14:36,0,Guest,United Kingdom,0
C541863,20725,LUNCH BAG RED RETROSPOT,-1,1/23/2011 16:08,1.45,13798,United Kingdom,-1.45
C544831,22974,CHILDRENS DOLLY GIRL MUG,-2,2/24/2011 10:01,1.65,15146,United Kingdom,-3.3
C572481,22553,PLASTERS IN TIN SKULLS,-24,10/24/2011 13:48,1.65,15632,United Kingdom,-39.6
C539059,22722,SET OF 6 SPICE TINS PANTRY DESIGN,-2,12/15/2010 16:43,3.95,14829,United Kingdom,-7.9
C577388,23118,PARISIENNE JEWELLERY DRAWER ,-1,11/18/2011 16:58,7.5,14911,EIRE,-7.5
C559915,AMAZONFEE,AMAZON FEE,-1,7/13/2011 15:18,4383.62,Guest,United Kingdom,-4383.62
C569743,21929,JUMBO BAG PINK VINTAGE PAISLEY,-100,10/6/2011 10:57,1.79,15769,United Kingdom,-179
C560540,23237,SET OF 4 KNICK KNACK TINS LEAF,-1,7/19/2011 12:26,4.15,12415,Australia,-4.15
C577395,22666,RECIPE BOX PANTRY YELLOW DESIGN,-2,11/18/2011 17:10,2.95,12779,Poland,-5.9
C566467,22380,TOY TIDY SPACEBOY  ,-6,9/12/2011 18:04,2.1,14688,United Kingdom,-12.6
544834,90200C,Unknown,-33,2/24/2011 10:15,0,Guest,United Kingdom,0
C570290,21908,CHOCOLATE THIS WAY METAL SIGN,-12,10/10/2011 11:54,2.1,14665,United Kingdom,-25.2
552979,35970,Unknown,-217,5/12/2011 14:49,0,Guest,United Kingdom,0
C542404,20711,JUMBO BAG TOYS ,-1,1/27/2011 16:08,1.95,13534,United Kingdom,-1.95
C547581,22236,CAKE STAND 3 TIER MAGIC GARDEN,-1,3/24/2011 10:58,12.75,12474,Germany,-12.75
C563899,21340,CLASSIC METAL BIRDCAGE PLANT HOLDER,-1,8/21/2011 10:55,12.75,17097,Spain,-12.75
C569390,M,Manual,-1,10/3/2011 16:53,120,15502,United Kingdom,-120
C571893,22720,SET OF 3 CAKE TINS PANTRY DESIGN ,-3,10/19/2011 14:13,4.95,13314,United Kingdom,-14.85
C541254,21667,GLASS CAKE COVER AND PLATE,-2,1/16/2011 13:53,14.95,17841,United Kingdom,-29.9
C554154,M,Manual,-1,5/23/2011 11:24,1241.98,12757,Portugal,-1241.98
C548460,22760,"TRAY, BREAKFAST IN BED",-1,3/31/2011 11:58,12.75,16801,United Kingdom,-12.75
C540246,22198,LARGE POPCORN HOLDER ,-1,1/5/2011 15:43,1.65,13081,United Kingdom,-1.65
C555288,23079,TOADSTOOL BEDSIDE LIGHT ,-2,6/2/2011 9:57,8.95,12431,Australia,-17.9
576763,23035,check,-64,11/16/2011 13:09,0,Guest,United Kingdom,0
C555273,21531,RED RETROSPOT SUGAR JAM BOWL,-1,6/1/2011 16:33,2.55,12708,Germany,-2.55
C562876,22360,GLASS JAR ENGLISH CONFECTIONERY,-1,8/10/2011 10:42,2.95,15110,United Kingdom,-2.95
C563600,22625,RED KITCHEN SCALES,-1,8/18/2011 6:24,8.5,14911,EIRE,-8.5
C562267,84755,COLOUR GLASS T-LIGHT HOLDER HANGING,-1,8/3/2011 16:33,0.65,14056,United Kingdom,-0.65
C537043,11001,ASSTD DESIGN RACING CAR PEN,-1,12/5/2010 10:48,1.69,15351,United Kingdom,-1.69
C552029,22684,FRENCH BLUE METAL DOOR SIGN 9,-1,5/5/2011 18:11,1.25,15622,United Kingdom,-1.25
C560099,84692,BOX OF 24 COCKTAIL PARASOLS,-5,7/14/2011 17:47,0.42,16779,United Kingdom,-2.1
C575763,22726,ALARM CLOCK BAKELIKE GREEN,-1,11/11/2011 10:55,3.75,15034,United Kingdom,-3.75
C553748,21658,GLASS  BEURRE DISH,-2,5/19/2011 9:57,3.95,16676,United Kingdom,-7.9
558244,84796B,Unknown,-2,6/27/2011 15:52,0,Guest,United Kingdom,0
560737,84798B,Unknown,-109,7/20/2011 15:34,0,Guest,United Kingdom,0
C560842,D,Discount,-1,7/21/2011 12:25,12.15,14527,United Kingdom,-12.15
C544780,21527,RED RETROSPOT TRADITIONAL TEAPOT ,-3,2/23/2011 12:05,6.95,16701,United Kingdom,-20.85
C548391,22698,PINK REGENCY TEACUP AND SAUCER,-1,3/30/2011 17:06,2.95,13488,United Kingdom,-2.95
C570203,22386,JUMBO BAG PINK POLKADOT,-2,10/7/2011 16:49,1.79,15311,United Kingdom,-3.58
C564213,23110,PARISIENNE KEY CABINET ,-1,8/24/2011 9:15,5.75,15301,United Kingdom,-5.75
C557300,M,Manual,-1,6/19/2011 14:05,0.77,12421,Spain,-0.77
C563587,21314,SMALL GLASS HEART TRINKET POT,-5,8/17/2011 17:37,2.1,18248,United Kingdom,-10.5
C580165,23245,SET OF 3 REGENCY CAKE TINS,-2,12/2/2011 11:21,4.95,12359,Cyprus,-9.9
C574344,POST,POSTAGE,-1,11/4/2011 10:18,262.73,12415,Australia,-262.73
C570207,23077,DOUGHNUT LIP GLOSS ,-20,10/9/2011 10:20,1.25,16326,United Kingdom,-25
C540787,22360,GLASS JAR ENGLISH CONFECTIONERY,-4,1/11/2011 11:45,2.55,13408,United Kingdom,-10.2
C554867,82484,WOOD BLACK BOARD ANT WHITE FINISH,-1,5/27/2011 10:48,7.95,13050,United Kingdom,-7.95
C565597,22980,PANTRY SCRUBBING BRUSH,-1,9/5/2011 14:29,1.65,12709,Germany,-1.65
549326,21738,Unknown,-5,4/8/2011 10:45,0,Guest,United Kingdom,0
C577388,22698,PINK REGENCY TEACUP AND SAUCER,-1,11/18/2011 16:58,2.95,14911,EIRE,-2.95
C564751,22065,CHRISTMAS PUDDING TRINKET POT ,-4,8/30/2011 10:06,1.45,17828,Malta,-5.8
C570867,22738,RIBBON REEL SNOWY VILLAGE,-10,10/12/2011 16:17,1.65,12607,USA,-16.5
C554521,22848,BREAD BIN DINER STYLE PINK,-1,5/24/2011 17:11,16.95,14407,United Kingdom,-16.95
C546858,22839,3 TIER CAKE TIN GREEN AND CREAM,-1,3/17/2011 14:24,14.95,14081,United Kingdom,-14.95
C568385,22666,RECIPE BOX PANTRY YELLOW DESIGN,-2,9/27/2011 9:51,2.95,15398,United Kingdom,-5.9
C548193,21731,RED TOADSTOOL LED NIGHT LIGHT,-2,3/29/2011 15:27,1.65,14680,United Kingdom,-3.3
C569971,23247,BISCUIT TIN 50'S CHRISTMAS,-3,10/6/2011 19:20,2.89,16875,United Kingdom,-8.67
C548748,22722,SET OF 6 SPICE TINS PANTRY DESIGN,-4,4/4/2011 12:28,3.95,15223,United Kingdom,-15.8
537426,84968E,check,-35,12/6/2010 15:36,0,Guest,United Kingdom,0
C578991,22997,TRAVEL CARD WALLET UNION JACK,-1,11/27/2011 15:31,0.42,15555,United Kingdom,-0.42
C557944,23169,CLASSIC GLASS COOKIE JAR,-1,6/23/2011 16:10,4.15,15669,United Kingdom,-4.15
C562124,23168,CLASSIC CAFE SUGAR DISPENSER,-1,8/2/2011 17:23,1.04,13081,United Kingdom,-1.04
578477,72807A,???missing,-224,11/24/2011 12:45,0,Guest,United Kingdom,0
C580099,23485,BOTANICAL GARDENS WALL CLOCK ,-1,12/1/2011 15:06,20.8,13171,United Kingdom,-20.8
C543620,21217,RED RETROSPOT ROUND CAKE TINS,-1,2/10/2011 14:52,9.95,14081,United Kingdom,-9.95
C538341,22729,ALARM CLOCK BAKELIKE ORANGE,-4,12/10/2010 14:03,3.75,15514,United Kingdom,-15
C557004,85159B,"WHITE TEA,COFFEE,SUGAR JARS",-1,6/16/2011 11:16,1.95,16729,United Kingdom,-1.95
C551659,21668,RED STRIPE CERAMIC DRAWER KNOB,-3,5/3/2011 12:14,1.06,13668,United Kingdom,-3.18
C569636,23307,SET OF 60 PANTRY DESIGN CAKE CASES ,-22,10/5/2011 12:14,0.55,12841,United Kingdom,-12.1
C569233,22467,GUMBALL COAT RACK,-2,10/2/2011 15:26,2.55,17841,United Kingdom,-5.1
C554522,22892,SET OF SALT AND PEPPER TOADSTOOLS,-5,5/24/2011 17:12,1.25,18223,United Kingdom,-6.25
C574548,22699,ROSES REGENCY TEACUP AND SAUCER ,-1,11/4/2011 15:11,2.95,18044,United Kingdom,-2.95
C569370,22221,CAKE STAND LOVEBIRD 2 TIER PINK,-1,10/3/2011 15:41,9.95,12484,Spain,-9.95
C553414,POST,POSTAGE,-1,5/17/2011 9:57,18,12600,Germany,-18
C575635,M,Manual,-1,11/10/2011 13:45,549.34,12473,Germany,-549.34
C560855,21874,GIN AND TONIC MUG,-3,7/21/2011 13:00,1.25,14410,United Kingdom,-3.75
C548487,22798,ANTIQUE GLASS DRESSING TABLE POT,-1,3/31/2011 12:57,2.95,14952,United Kingdom,-2.95
C539467,22801,ANTIQUE GLASS PEDESTAL BOWL,-1,12/19/2010 12:46,3.75,15044,United Kingdom,-3.75
C543347,21673,WHITE SPOT BLUE CERAMIC DRAWER KNOB,-2,2/7/2011 12:44,1.25,12472,Germany,-2.5
C567955,23173,REGENCY TEAPOT ROSES ,-7,9/23/2011 8:52,8.15,17428,United Kingdom,-57.05
C540400,22768,FAMILY PHOTO FRAME CORNICE,-4,1/7/2011 9:25,9.95,16150,United Kingdom,-39.8
C554005,21747,SMALL SKULL WINDMILL,-12,5/20/2011 12:23,1.25,15620,United Kingdom,-15
578733,21643,damaged,-9,11/25/2011 11:32,0,Guest,United Kingdom,0
C549900,22236,CAKE STAND 3 TIER MAGIC GARDEN,-1,4/12/2011 16:10,12.75,17180,United Kingdom,-12.75
561527,20666,Unknown,-5,7/27/2011 17:40,0,Guest,United Kingdom,0
C571196,20727,LUNCH BAG  BLACK SKULL.,-10,10/14/2011 12:02,1.65,Guest,United Kingdom,-16.5
C540392,22567,20 DOLLY PEGS RETROSPOT,-3,1/6/2011 18:06,1.25,12753,Japan,-3.75
C563483,23108,SET OF 10 LED DOLLY LIGHTS,-1,8/16/2011 15:59,6.25,14175,United Kingdom,-6.25
C541994,22111,SCOTTIE DOG HOT WATER BOTTLE,-24,1/25/2011 9:49,4.25,14113,United Kingdom,-102
C564812,D,Discount,-1,8/30/2011 11:45,10.06,14527,United Kingdom,-10.06
C571695,23078,ICE CREAM PEN LIP GLOSS ,-24,10/18/2011 14:46,1.25,14776,United Kingdom,-30
C543980,22728,ALARM CLOCK BAKELIKE PINK,-1,2/14/2011 16:39,3.75,14189,United Kingdom,-3.75
C553880,22464,HANGING METAL HEART LANTERN,-72,5/19/2011 15:23,1.45,13762,United Kingdom,-104.4
C576561,75049L,LARGE CIRCULAR MIRROR MOBILE,-3,11/15/2011 13:22,0.85,15311,United Kingdom,-2.55
C556265,D,Discount,-1,6/9/2011 19:24,28.04,16684,United Kingdom,-28.04
C539063,POST,POSTAGE,-1,12/15/2010 16:50,12.34,15107,United Kingdom,-12.34
C546997,22403,MAGNETS PACK OF 4 VINTAGE LABELS ,-6,3/18/2011 13:32,1.25,12748,United Kingdom,-7.5
C573228,20682,RED RETROSPOT CHILDRENS UMBRELLA,-1,10/28/2011 11:54,3.25,16764,United Kingdom,-3.25
C578097,23355,HOT WATER BOTTLE KEEP CALM,-48,11/22/2011 17:31,4.15,Guest,United Kingdom,-199.2
C554150,21042,RED RETROSPOT APRON ,-1,5/23/2011 11:07,5.95,14573,United Kingdom,-5.95
538092,37467,Unknown,-177,12/9/2010 14:49,0,Guest,United Kingdom,0
C540393,71477,COLOUR GLASS. STAR T-LIGHT HOLDER,-1,1/6/2011 18:08,3.25,17428,United Kingdom,-3.25
C537756,84949,SILVER HANGING T-LIGHT HOLDER,-8,12/8/2010 11:33,1.65,14952,United Kingdom,-13.2
C558080,22847,BREAD BIN DINER STYLE IVORY,-1,6/26/2011 11:35,16.95,15104,United Kingdom,-16.95
C556643,22893,MINI CAKE STAND T-LIGHT HOLDER,-2,6/13/2011 15:48,0.42,17841,United Kingdom,-0.84
C577737,23393,HOME SWEET HOME CUSHION COVER ,-12,11/21/2011 13:25,3.75,15681,United Kingdom,-45
C541863,37450,CERAMIC CAKE BOWL + HANGING CAKES,-1,1/23/2011 16:08,2.55,13798,United Kingdom,-2.55
C557663,22630,DOLLY GIRL LUNCH BOX,-9,6/21/2011 17:59,1.95,Guest,EIRE,-17.55
568401,21394,damages,-35,9/27/2011 10:30,0,Guest,United Kingdom,0
C555346,22636,CHILDS BREAKFAST SET CIRCUS PARADE,-1,6/2/2011 11:54,8.5,12710,Germany,-8.5
C547091,22766,PHOTO FRAME CORNICE,-12,3/20/2011 16:14,2.95,Guest,United Kingdom,-35.4
C570867,22090,PAPER BUNTING RETROSPOT,-6,10/12/2011 16:17,2.95,12607,USA,-17.7
C559670,23031,DRAWER KNOB CRACKLE GLAZE PINK,-2,7/11/2011 13:51,1.65,16033,United Kingdom,-3.3
C566671,22487,WHITE WOOD GARDEN PLANT LADDER,-1,9/14/2011 11:39,9.95,17841,United Kingdom,-9.95
551579,85098B,Unknown,-5,5/3/2011 11:20,0,Guest,United Kingdom,0
C550475,21175,GIN + TONIC DIET METAL SIGN,-1,4/18/2011 13:59,2.08,13798,United Kingdom,-2.08
565302,21682,?display?,-156,9/2/2011 12:16,0,Guest,United Kingdom,0
C543818,85071A,BLUE CHARLIE+LOLA PERSONAL DOORSIGN,-2,2/13/2011 15:45,2.95,16897,United Kingdom,-5.9
C571707,10135,COLOURING PENCILS BROWN TUBE,-1,10/18/2011 15:33,1.25,14056,United Kingdom,-1.25
C567351,23318,BOX OF 6 MINI VINTAGE CRACKERS,-6,9/19/2011 16:05,2.08,15251,United Kingdom,-12.48
C539602,90211B,JET BLACK LAS VEGAS NECKLACE 45CM,-2,12/20/2010 14:02,5.95,13369,United Kingdom,-11.9
C568419,51014C,"FEATHER PEN,COAL BLACK",-96,9/27/2011 11:16,0.39,13694,United Kingdom,-37.44
547346,21000,Unknown,-41,3/22/2011 11:56,0,Guest,United Kingdom,0
C567945,22781,GUMBALL MAGAZINE RACK,-4,9/23/2011 7:57,7.65,17340,United Kingdom,-30.6
C569949,22844,VINTAGE CREAM DOG FOOD CONTAINER,-2,10/6/2011 18:27,8.5,12584,Italy,-17
C577683,22726,ALARM CLOCK BAKELIKE GREEN,-1,11/21/2011 10:51,3.75,14493,United Kingdom,-3.75
561924,22042,Unknown,-197,8/1/2011 12:27,0,Guest,United Kingdom,0
C560574,M,Manual,-1,7/19/2011 14:56,106.4,14437,United Kingdom,-106.4
C545674,22892,SET OF SALT AND PEPPER TOADSTOOLS,-1,3/6/2011 10:25,1.25,18223,United Kingdom,-1.25
C579887,84946,ANTIQUE SILVER T-LIGHT GLASS,-1,11/30/2011 17:42,1.25,16717,United Kingdom,-1.25
C545033,22630,DOLLY GIRL LUNCH BOX,-192,2/25/2011 16:26,1.65,14156,EIRE,-316.8
C549253,22725,ALARM CLOCK BAKELIKE CHOCOLATE,-1,4/7/2011 12:20,3.75,12408,Belgium,-3.75
C540307,21537,RED RETROSPOT PUDDING BOWL,-48,1/6/2011 12:58,3.75,15823,United Kingdom,-180
C570290,23355,HOT WATER BOTTLE KEEP CALM,-8,10/10/2011 11:54,4.95,14665,United Kingdom,-39.6
C580954,21428,SET3 BOOK BOX GREEN GINGHAM FLOWER ,-25,12/6/2011 14:19,3.75,12967,United Kingdom,-93.75
576566,21830,Unknown,-186,11/15/2011 13:39,0,Guest,United Kingdom,0
C536548,22242,5 HOOK HANGER MAGIC TOADSTOOL,-5,12/1/2010 14:33,1.65,12472,Germany,-8.25
C545720,22797,CHEST OF DRAWERS GINGHAM HEART ,-1,3/7/2011 10:33,16.95,15039,United Kingdom,-16.95
C570515,90201C,RED ENAMEL FLOWER RING,-6,10/11/2011 10:39,2.95,12719,France,-17.7
C565284,23236,STORAGE TIN VINTAGE DOILY ,-1,9/2/2011 11:31,2.89,12471,Germany,-2.89
C574238,D,Discount,-1,11/3/2011 12:39,11.59,13408,United Kingdom,-11.59
C540142,21430,SET/3 RED GINGHAM ROSE STORAGE BOX,-1,1/5/2011 10:50,3.75,12782,Portugal,-3.75
C577889,22248,DECORATION  PINK CHICK MAGIC GARDEN,-16,11/22/2011 11:42,0.85,16191,United Kingdom,-13.6
C550812,22180,RETROSPOT LAMP,-1,4/20/2011 16:28,9.95,15655,United Kingdom,-9.95
C562020,23029,DRAWER KNOB CRACKLE GLAZE GREEN,-4,8/1/2011 15:13,1.65,16774,United Kingdom,-6.6
556292,21472,Unknown,-1,6/10/2011 9:24,0,Guest,United Kingdom,0
C560409,84755,COLOUR GLASS T-LIGHT HOLDER HANGING,-16,7/18/2011 14:24,0.65,16717,United Kingdom,-10.4
C557663,84803B,WHITE ALLIUM  ARTIFICIAL FLOWER,-3,6/21/2011 17:59,1.69,Guest,EIRE,-5.07
C545828,84978,HANGING HEART JAR T-LIGHT HOLDER,-1,3/7/2011 13:05,1.25,15189,United Kingdom,-1.25
C574955,22139,RETROSPOT TEA SET CERAMIC 11 PC ,-3,11/8/2011 9:56,4.95,15066,United Kingdom,-14.85
555505,79030G,Water damaged,-16,6/3/2011 15:48,0,Guest,United Kingdom,0
C577547,23148,MINIATURE ANTIQUE ROSE HOOK IVORY,-7,11/20/2011 14:48,0.83,17841,United Kingdom,-5.81
C572444,POST,POSTAGE,-1,10/24/2011 12:12,15.53,Guest,United Kingdom,-15.53
C546647,22832,BROCANTE SHELF WITH HOOKS,-1,3/15/2011 13:55,10.75,17419,United Kingdom,-10.75
C568879,23207,LUNCH BAG ALPHABET DESIGN,-82,9/29/2011 12:38,1.45,14680,United Kingdom,-118.9
C579929,72807C,SET/3 VANILLA SCENTED CANDLE IN BOX,-1,12/1/2011 9:34,4.25,17828,Malta,-4.25
C578110,15039,SANDALWOOD FAN,-2,11/23/2011 9:23,0.85,15804,United Kingdom,-1.7
C574483,22426,ENAMEL WASH BOWL CREAM,-4,11/4/2011 12:48,3.75,14359,United Kingdom,-15
C565848,85099F,JUMBO BAG STRAWBERRY,-1,9/7/2011 12:48,2.08,14606,United Kingdom,-2.08
C580954,22276,WASH BAG VINTAGE ROSE PAISLEY,-6,12/6/2011 14:19,2.55,12967,United Kingdom,-15.3
C543469,21258,VICTORIAN SEWING BOX LARGE,-1,2/8/2011 14:55,10.95,12709,Germany,-10.95
C550808,22960,JAM MAKING SET WITH JARS,-1,4/20/2011 15:57,4.25,14323,United Kingdom,-4.25
573592,79323GR,"Unsaleable, destroyed.",-1158,10/31/2011 15:16,0,Guest,United Kingdom,0
C569982,M,Manual,-1,10/6/2011 19:39,218.72,15365,United Kingdom,-218.72
C577786,22469,HEART OF WICKER SMALL,-40,11/21/2011 16:27,1.45,13246,United Kingdom,-58
548678,35015,Unknown,-9,4/1/2011 16:41,0,Guest,United Kingdom,0
C576561,23089,GLASS BON BON JAR,-1,11/15/2011 13:22,1.65,15311,United Kingdom,-1.65
C581466,22838,3 TIER CAKE TIN RED AND CREAM,-1,12/8/2011 19:20,14.95,13883,United Kingdom,-14.95
C549162,21844,RED RETROSPOT MUG,-2,4/6/2011 17:16,2.95,17438,United Kingdom,-5.9
C539657,22348,TEA BAG PLATE RED RETROSPOT,-12,12/20/2010 17:24,0.85,16134,United Kingdom,-10.2
C569851,22605,WOODEN CROQUET GARDEN SET,-1,10/6/2011 14:02,12.75,17511,United Kingdom,-12.75
C559663,22649,STRAWBERRY FAIRY CAKE TEAPOT,-1,7/11/2011 13:33,4.95,17706,United Kingdom,-4.95
C550365,POST,POSTAGE,-1,4/18/2011 11:31,11,12731,France,-11
C570203,21929,JUMBO BAG PINK VINTAGE PAISLEY,-1,10/7/2011 16:49,1.79,15311,United Kingdom,-1.79
C542270,22960,JAM MAKING SET WITH JARS,-1,1/27/2011 9:35,4.25,13050,United Kingdom,-4.25
561479,21594,Unknown,-1,7/27/2011 13:32,0,Guest,United Kingdom,0
549264,21337,Unknown,-21,4/7/2011 12:45,0,Guest,United Kingdom,0
C542352,22666,RECIPE BOX PANTRY YELLOW DESIGN,-1,1/27/2011 12:18,2.95,15596,United Kingdom,-2.95
C578276,21240,BLUE POLKADOT CUP,-2,11/23/2011 13:48,0.72,17511,United Kingdom,-1.44
C575081,22633,HAND WARMER UNION JACK,-1,11/8/2011 13:30,2.1,12483,Sweden,-2.1
C537893,22634,CHILDS BREAKFAST SET SPACEBOY ,-2,12/9/2010 10:14,9.95,12721,France,-19.9
C540846,22342,HOME GARLAND PAINTED ZINC ,-24,1/11/2011 16:59,0.85,13162,United Kingdom,-20.4
C570099,82583,HOT BATHS METAL SIGN,-4,10/7/2011 12:11,1.85,13798,United Kingdom,-7.4
C542639,22941,CHRISTMAS LIGHTS 10 REINDEER,-1,1/31/2011 11:18,8.5,16570,United Kingdom,-8.5
C569410,22805,BLUE DRAWER KNOB ACRYLIC EDWARDIAN,-12,10/4/2011 9:48,1.25,13364,United Kingdom,-15
C551509,22968,ROSE COTTAGE KEEPSAKE BOX ,-6,4/28/2011 18:27,8.5,15845,United Kingdom,-51
C574957,23084,RABBIT NIGHT LIGHT,-5,11/8/2011 9:57,2.08,17924,United Kingdom,-10.4
C552706,21843,RED RETROSPOT CAKE STAND,-1,5/10/2011 16:15,10.95,13014,United Kingdom,-10.95
C543628,22960,JAM MAKING SET WITH JARS,-1,2/10/2011 15:51,4.25,16558,United Kingdom,-4.25
C566626,22461,SAVOY ART DECO CLOCK,-2,9/14/2011 10:07,3.95,15380,United Kingdom,-7.9
C548748,22178,VICTORIAN GLASS HANGING T-LIGHT,-12,4/4/2011 12:28,1.25,15223,United Kingdom,-15
C567543,23345, DOLLY GIRL BEAKER,-6,9/21/2011 10:19,1.25,13418,United Kingdom,-7.5
C572112,84406B,CREAM CUPID HEARTS COAT HANGER,-1,10/20/2011 19:13,3.75,14113,United Kingdom,-3.75
C549945,84968C,SET OF 16 VINTAGE PISTACHIO CUTLERY,-3,4/13/2011 12:39,12.75,18270,United Kingdom,-38.25
C565077,23239,SET OF 4 KNICK KNACK TINS POPPIES,-1,8/31/2011 17:31,4.15,17451,United Kingdom,-4.15
C546536,22165,"DIAMANTE HEART SHAPED WALL MIRROR, ",-1,3/14/2011 14:28,12.75,15493,United Kingdom,-12.75
C546997,21135,VICTORIAN  METAL POSTCARD SPRING,-4,3/18/2011 13:32,1.69,12748,United Kingdom,-6.76
C566165,23110,PARISIENNE KEY CABINET ,-2,9/9/2011 11:57,5.75,14911,EIRE,-11.5
C548738,22303,COFFEE MUG APPLES DESIGN,-6,4/4/2011 11:22,2.55,14711,United Kingdom,-15.3
C551336,22960,JAM MAKING SET WITH JARS,-1,4/27/2011 16:53,4.25,13993,United Kingdom,-4.25
C570203,23089,GLASS BON BON JAR,-1,10/7/2011 16:49,1.65,15311,United Kingdom,-1.65
C554331,22847,BREAD BIN DINER STYLE IVORY,-2,5/23/2011 17:13,14.95,16523,United Kingdom,-29.9
C567953,22178,VICTORIAN GLASS HANGING T-LIGHT,-144,9/23/2011 8:28,1.65,18198,United Kingdom,-237.6
C574504,84279P,CHERRY BLOSSOM  DECORATIVE FLASK,-4,11/4/2011 13:20,3.75,17434,United Kingdom,-15
C540854,22461,SAVOY ART DECO CLOCK,-1,1/12/2011 9:54,12.75,Guest,United Kingdom,-12.75
C539605,21314,SMALL GLASS HEART TRINKET POT,-3,12/20/2010 14:07,2.1,13050,United Kingdom,-6.3
C536822,21430,SET/3 RED GINGHAM ROSE STORAGE BOX,-1,12/2/2010 17:19,3.75,14625,United Kingdom,-3.75
561253,DCGS0068,ebay,-10,7/26/2011 11:52,0,Guest,United Kingdom,0
C562267,23237,SET OF 4 KNICK KNACK TINS LEAF,-3,8/3/2011 16:33,4.15,14056,United Kingdom,-12.45
537005,21692,Unknown,-70,12/3/2010 15:35,0,Guest,United Kingdom,0
C553532,23158,SET OF 5 LUCKY CAT MAGNETS ,-12,5/17/2011 15:13,2.08,14911,EIRE,-24.96
C566963,22495,SET OF 2 ROUND TINS CAMEMBERT ,-6,9/15/2011 17:09,2.95,17573,United Kingdom,-17.7
C572334,21288,STRIPEY CHOCOLATE NESTING BOXES,-24,10/24/2011 10:25,2.55,14607,United Kingdom,-61.2
C580168,22628,PICNIC BOXES SET OF 3 RETROSPOT ,-1,12/2/2011 11:34,4.95,12465,Belgium,-4.95
C537834,22798,ANTIQUE GLASS DRESSING TABLE POT,-3,12/8/2010 14:54,2.95,13267,United Kingdom,-8.85
C547851,21558,SKULL LUNCH BOX WITH CUTLERY ,-1,3/27/2011 12:08,2.55,16782,United Kingdom,-2.55
C544428,22637,PIGGY BANK RETROSPOT ,-2,2/18/2011 15:44,2.55,16306,United Kingdom,-5.1
C540780,22423,REGENCY CAKESTAND 3 TIER,-23,1/11/2011 11:19,10.95,14299,United Kingdom,-251.85
C539071,22697,GREEN REGENCY TEACUP AND SAUCER,-1,12/15/2010 17:04,2.95,17820,United Kingdom,-2.95
C550648,22697,GREEN REGENCY TEACUP AND SAUCER,-1,4/19/2011 16:36,2.95,13134,United Kingdom,-2.95
C552029,22681,FRENCH BLUE METAL DOOR SIGN 6,-1,5/5/2011 18:11,1.25,15622,United Kingdom,-1.25
C565848,22698,PINK REGENCY TEACUP AND SAUCER,-2,9/7/2011 12:48,2.95,14606,United Kingdom,-5.9
C548972,84077,WORLD WAR 2 GLIDERS ASSTD DESIGNS,-48,4/5/2011 11:42,0.29,15674,United Kingdom,-13.92
C569970,23239,SET OF 4 KNICK KNACK TINS POPPIES,-1,10/6/2011 18:57,4.15,13055,United Kingdom,-4.15
C562709,22197,POPCORN HOLDER,-3,8/8/2011 14:32,0.72,17511,United Kingdom,-2.16
549351,85006,Unknown,-21,4/8/2011 11:14,0,Guest,United Kingdom,0
546138,21815,?,-300,3/9/2011 16:34,0,Guest,United Kingdom,0
C570867,23513,EMBROIDERED RIBBON REEL SUSIE ,-6,10/12/2011 16:17,2.08,12607,USA,-12.48
C557505,22960,JAM MAKING SET WITH JARS,-5,6/20/2011 16:05,3.75,17490,United Kingdom,-18.75
C566779,23165,LARGE CERAMIC TOP STORAGE JAR,-4,9/15/2011 10:03,1.65,13931,United Kingdom,-6.6
549174,21160,Unknown,-7,4/6/2011 17:30,0,Guest,United Kingdom,0
C567091,22960,JAM MAKING SET WITH JARS,-6,9/16/2011 12:45,4.25,12513,France,-25.5
C575940,21876,POTTERING MUG,-12,11/13/2011 11:38,1.65,17838,United Kingdom,-19.8
C576974,22467,GUMBALL COAT RACK,-1,11/17/2011 11:52,2.55,12474,Germany,-2.55
C539276,85135C,RED DRAGONFLY HELICOPTER,-1,12/16/2010 15:36,7.95,16503,United Kingdom,-7.95
C547237,21833,CAMOUFLAGE LED TORCH,-24,3/21/2011 16:29,1.69,16080,United Kingdom,-40.56
C552706,37446,MINI CAKE STAND WITH HANGING CAKES,-1,5/10/2011 16:15,1.45,13014,United Kingdom,-1.45
C563655,22844,VINTAGE CREAM DOG FOOD CONTAINER,-12,8/18/2011 10:44,7.65,15311,United Kingdom,-91.8
C566741,23404,HOME SWEET HOME BLACKBOARD,-1,9/14/2011 14:55,4.95,15618,United Kingdom,-4.95
C581117,23238,SET OF 4 KNICK KNACK TINS LONDON ,-2,12/7/2011 12:24,4.15,16393,United Kingdom,-8.3
C574503,22178,VICTORIAN GLASS HANGING T-LIGHT,-1,11/4/2011 13:19,1.95,16191,United Kingdom,-1.95
C538115,22233,JIGSAW RABBIT AND BIRDHOUSE,-12,12/9/2010 15:30,1.65,16817,United Kingdom,-19.8
C537251,22429,ENAMEL MEASURING JUG CREAM,-2,12/6/2010 10:45,4.25,Guest,United Kingdom,-8.5
C571695,22741,FUNKY DIVA PEN,-48,10/18/2011 14:46,0.85,14776,United Kingdom,-40.8
C540503,22158,3 HEARTS HANGING DECORATION RUSTIC,-1,1/9/2011 10:59,2.95,13668,United Kingdom,-2.95
C550529,M,Manual,-1,4/19/2011 10:49,158.21,18102,United Kingdom,-158.21
C562954,20914,SET/5 RED RETROSPOT LID GLASS BOWLS,-1,8/11/2011 10:13,2.95,17429,United Kingdom,-2.95
C572410,23170,REGENCY TEA PLATE ROSES ,-20,10/24/2011 11:58,1.45,16742,United Kingdom,-29
C569981,22312,OFFICE MUG WARMER POLKADOT,-2,10/6/2011 19:36,2.95,12679,France,-5.9
542365,21897,Unknown,-22,1/27/2011 12:51,0,Guest,United Kingdom,0
C578832,22469,HEART OF WICKER SMALL,-20,11/25/2011 15:18,1.65,13069,United Kingdom,-33
C558360,23168,CLASSIC CAFE SUGAR DISPENSER,-1,6/28/2011 15:10,1.25,16701,United Kingdom,-1.25
C560540,21918,SET 12 KIDS COLOUR  CHALK STICKS,-1,7/19/2011 12:26,0.42,12415,Australia,-0.42
C568879,20719,WOODLAND CHARLOTTE BAG,-20,9/29/2011 12:38,0.72,14680,United Kingdom,-14.4
C572481,23251,VINTAGE RED ENAMEL TRIM MUG ,-12,10/24/2011 13:48,1.25,15632,United Kingdom,-15
C539644,21232,STRAWBERRY CERAMIC TRINKET BOX,-2,12/20/2010 15:52,1.25,12471,Germany,-2.5
C541710,22558,CLOTHES PEGS RETROSPOT PACK 24 ,-12,1/21/2011 11:17,1.49,14320,United Kingdom,-17.88
C542537,21918,SET 12 KIDS COLOUR  CHALK STICKS,-12,1/28/2011 13:54,0.42,12501,Germany,-5.04
C542413,22960,JAM MAKING SET WITH JARS,-4,1/27/2011 17:11,4.25,16923,United Kingdom,-17
C575156,22892,SET OF SALT AND PEPPER TOADSTOOLS,-12,11/8/2011 16:18,1.25,16602,United Kingdom,-15
C559983,22086,PAPER CHAIN KIT 50'S CHRISTMAS ,-6,7/14/2011 11:41,2.95,14562,United Kingdom,-17.7
C572228,22111,SCOTTIE DOG HOT WATER BOTTLE,-10,10/21/2011 14:03,3.45,15728,United Kingdom,-34.5
C578367,23221,REINDEER HEART DECORATION SILVER,-12,11/24/2011 11:00,0.83,14640,United Kingdom,-9.96
C578367,23433,HANGING QUILTED PATCHWORK APPLES,-24,11/24/2011 11:00,0.83,14640,United Kingdom,-19.92
549170,82545A,Unknown,-4,4/6/2011 17:25,0,Guest,United Kingdom,0
570874,23020,smashed,-4,10/12/2011 16:42,0,Guest,United Kingdom,0
C549822,84884A,ANT WHITE WIRE HEART SPIRAL,-1,4/12/2011 12:35,3.95,12854,United Kingdom,-3.95
C556448,22502,PICNIC BASKET WICKER SMALL,-60,6/10/2011 15:39,4.95,15098,United Kingdom,-297
C540393,22699,ROSES REGENCY TEACUP AND SAUCER ,-4,1/6/2011 18:08,2.95,17428,United Kingdom,-11.8
C550176,23155,KNICKERBOCKERGLORY MAGNET ASSORTED ,-6,4/14/2011 17:13,0.83,14619,United Kingdom,-4.98
C570683,20725,LUNCH BAG RED RETROSPOT,-1,10/11/2011 16:09,1.65,16161,United Kingdom,-1.65
C579752,85123A,WHITE HANGING HEART T-LIGHT HOLDER,-1,11/30/2011 14:46,2.55,13777,United Kingdom,-2.55
C543775,21871,SAVE THE PLANET MUG,-6,2/11/2011 16:10,1.25,13102,United Kingdom,-7.5
C565681,22333,RETROSPOT PARTY BAG + STICKER SET,-8,9/6/2011 10:42,1.65,15521,United Kingdom,-13.2
C569989,22384,LUNCH BAG PINK POLKADOT,-70,10/6/2011 20:08,1.45,16839,United Kingdom,-101.5
C557663,20717,STRAWBERRY SHOPPER BAG,-12,6/21/2011 17:59,1.25,Guest,EIRE,-15
C555596,23147,SINGLE ANTIQUE ROSE HOOK IVORY,-2,6/6/2011 10:17,1.45,17644,United Kingdom,-2.9
C567948,23406,HOME SWEET HOME KEY HOLDER,-2,9/23/2011 8:21,6.25,14769,United Kingdom,-12.5
C564427,23197,SKETCHBOOK MAGNETIC SHOPPING LIST,-1,8/25/2011 11:18,1.45,17841,United Kingdom,-1.45
C577351,22367,CHILDRENS APRON SPACEBOY DESIGN,-2,11/18/2011 15:37,1.95,17728,United Kingdom,-3.9
C563258,20727,LUNCH BAG  BLACK SKULL.,-1,8/15/2011 12:08,1.45,15311,United Kingdom,-1.45
C562953,22699,ROSES REGENCY TEACUP AND SAUCER ,-1,8/11/2011 10:12,2.95,16180,United Kingdom,-2.95
579743,21810,check,-135,11/30/2011 14:36,0,Guest,United Kingdom,0
C567978,22941,CHRISTMAS LIGHTS 10 REINDEER,-1,9/23/2011 10:40,8.5,14546,United Kingdom,-8.5
C548721,21713,CITRONELLA CANDLE FLOWERPOT,-2,4/4/2011 8:59,2.1,12957,United Kingdom,-4.2
C578832,22378,WALL TIDY RETROSPOT ,-1,11/25/2011 15:18,2.1,13069,United Kingdom,-2.1
C552016,22697,GREEN REGENCY TEACUP AND SAUCER,-1,5/5/2011 17:38,2.95,15696,United Kingdom,-2.95
C566748,22838,3 TIER CAKE TIN RED AND CREAM,-2,9/14/2011 15:37,14.95,12822,United Kingdom,-29.9
C540535,84508A,CAMOUFLAGE DESIGN TEDDY,-1,1/9/2011 14:17,2.55,15005,United Kingdom,-2.55
C551465,21714,CITRONELLA CANDLE GARDEN POT,-3,4/28/2011 16:17,1.25,14640,United Kingdom,-3.75
C552535,21735,TWO DOOR CURIO CABINET,-1,5/10/2011 9:59,12.75,13269,United Kingdom,-12.75
C540386,22666,RECIPE BOX PANTRY YELLOW DESIGN,-1,1/6/2011 17:57,2.95,12417,Belgium,-2.95
C539031,22203,MILK PAN RED RETROSPOT,-1,12/15/2010 14:25,3.75,12647,Germany,-3.75
C557508,23166,MEDIUM CERAMIC TOP STORAGE JAR,-240,6/20/2011 16:13,1.04,16684,United Kingdom,-249.6
578474,72807A,damages,-56,11/24/2011 12:44,0,Guest,United Kingdom,0
C560855,23178,JAM CLOCK MAGNET,-1,7/21/2011 13:00,2.89,14410,United Kingdom,-2.89
C570099,21231,SWEETHEART CERAMIC TRINKET BOX,-6,10/7/2011 12:11,1.06,13798,United Kingdom,-6.36
C545677,22207,FRYING PAN UNION FLAG,-1,3/6/2011 10:48,4.25,14543,United Kingdom,-4.25
C575385,23099,FRENCH CARRIAGE LANTERN,-1,11/9/2011 15:19,6.65,15916,United Kingdom,-6.65
C543768,22794,SWEETHEART WIRE MAGAZINE RACK,-1,2/11/2011 15:20,7.95,14497,United Kingdom,-7.95
C551551,21925,UNION STRIPE CUSHION COVER ,-1,5/3/2011 10:08,1.25,17841,United Kingdom,-1.25
C558326,22720,SET OF 3 CAKE TINS PANTRY DESIGN ,-1,6/28/2011 11:59,4.95,13300,United Kingdom,-4.95
C545677,22625,RED KITCHEN SCALES,-2,3/6/2011 10:48,7.65,14543,United Kingdom,-15.3
C543112,22960,JAM MAKING SET WITH JARS,-3,2/3/2011 12:59,4.25,14133,United Kingdom,-12.75
C557624,M,Manual,-1,6/21/2011 14:22,0.75,16422,United Kingdom,-0.75
C570655,20979,36 PENCILS TUBE RED RETROSPOT,-2,10/11/2011 14:03,1.25,15208,United Kingdom,-2.5
C566953,23324,RUSTIC STRAWBERRY JAM POT LARGE ,-12,9/15/2011 16:37,2.08,15804,United Kingdom,-24.96
572548,23343,20713 wrongly marked,-200,10/24/2011 17:01,0,Guest,United Kingdom,0
C552720,20932,PINK POT PLANT CANDLE,-1,5/11/2011 9:49,2.95,18272,United Kingdom,-2.95
555330,84804A,wet damaged,-125,6/2/2011 11:11,0,Guest,United Kingdom,0
C548908,21314,SMALL GLASS HEART TRINKET POT,-1,4/5/2011 8:25,2.1,18108,United Kingdom,-2.1
C542426,22077,6 RIBBONS RUSTIC CHARM,-12,1/28/2011 9:32,1.65,14146,United Kingdom,-19.8
549463,84919,Unknown,-17,4/8/2011 14:21,0,Guest,United Kingdom,0
571010,22848,Unknown,-16,10/13/2011 12:13,0,Guest,United Kingdom,0
C581148,22059,CERAMIC STRAWBERRY DESIGN MUG,-2,12/7/2011 14:02,1.49,12462,Spain,-2.98
C580263,21934,SKULL SHOULDER BAG,-10,12/2/2011 12:43,1.65,12536,France,-16.5
C540791,22780,LIGHT GARLAND BUTTERFILES PINK,-1,1/11/2011 11:49,4.25,13534,United Kingdom,-4.25
C543818,22423,REGENCY CAKESTAND 3 TIER,-2,2/13/2011 15:45,12.75,16897,United Kingdom,-25.5
552223,22524,Unknown,-49,5/6/2011 15:24,0,Guest,United Kingdom,0
C571861,71477,COLOUR GLASS. STAR T-LIGHT HOLDER,-1,10/19/2011 13:43,3.95,16670,United Kingdom,-3.95
C544049,BANK CHARGES,Bank Charges,-1,2/15/2011 12:39,566.37,Guest,United Kingdom,-566.37
560583,17096,Unknown,-7,7/19/2011 15:31,0,Guest,United Kingdom,0
C558112,23091,ZINC HERB GARDEN CONTAINER,-1,6/26/2011 16:08,6.25,17114,United Kingdom,-6.25
C570290,23344,JUMBO BAG 50'S CHRISTMAS ,-20,10/10/2011 11:54,2.08,14665,United Kingdom,-41.6
C562952,23015,CORDIAL GLASS JUG,-1,8/11/2011 10:10,8.25,12749,United Kingdom,-8.25
C540503,21586,KINGS CHOICE GIANT TUBE MATCHES,-1,1/9/2011 10:59,2.55,13668,United Kingdom,-2.55
C579172,22427,ENAMEL FLOWER JUG CREAM,-12,11/28/2011 14:31,5.45,17811,United Kingdom,-65.4
C569422,20979,36 PENCILS TUBE RED RETROSPOT,-16,10/4/2011 10:38,1.25,12546,Spain,-20
C564900,20970,PINK FLORAL FELTCRAFT SHOULDER BAG,-2,8/31/2011 11:34,3.75,12948,United Kingdom,-7.5
569102,21098,Unknown,-129,9/30/2011 12:25,0,Guest,United Kingdom,0
C544587,AMAZONFEE,AMAZON FEE,-1,2/21/2011 15:07,5575.28,Guest,United Kingdom,-5575.28
C543764,79191D,RETRO PLASTIC DAISY TRAY,-12,2/11/2011 15:16,0.85,17035,United Kingdom,-10.2
C568571,84625C,BLUE NEW BAROQUE CANDLESTICK CANDLE,-4,9/28/2011 9:05,0.85,17581,United Kingdom,-3.4
540010,22501,reverse 21/5/10 adjustment,-100,1/4/2011 11:13,0,Guest,United Kingdom,0
C575537,21155,RED RETROSPOT PEG BAG,-1,11/10/2011 11:14,2.55,14606,United Kingdom,-2.55
C556275,22333,RETROSPOT PARTY BAG + STICKER SET,-6,6/9/2011 19:48,1.65,13115,United Kingdom,-9.9
C541651,M,Manual,-1,1/20/2011 11:48,1283.8,Guest,United Kingdom,-1283.8
C570122,22361,GLASS JAR DAISY FRESH COTTON WOOL,-1,10/7/2011 12:58,2.95,15874,United Kingdom,-2.95
C538350,82581,TOILET METAL SIGN,-1,12/10/2010 15:01,0.42,13798,United Kingdom,-0.42
C547725,84929,ASSTD FRUIT+FLOWERS FRIDGE MAGNETS,-144,3/25/2011 10:43,0.55,Guest,United Kingdom,-79.2
C546901,22776,SWEETHEART CAKESTAND 3 TIER,-1,3/17/2011 18:29,9.95,14112,United Kingdom,-9.95
C542642,22423,REGENCY CAKESTAND 3 TIER,-1,1/31/2011 11:27,12.75,15827,United Kingdom,-12.75
C553409,22978,PANTRY ROLLING PIN,-6,5/17/2011 9:23,3.75,18136,United Kingdom,-22.5
C548460,48138,DOORMAT UNION FLAG,-2,3/31/2011 11:58,7.95,16801,United Kingdom,-15.9
C553486,71459,HANGING JAM JAR T-LIGHT HOLDER,-24,5/17/2011 12:29,0.72,17423,United Kingdom,-17.28
C568879,21668,RED STRIPE CERAMIC DRAWER KNOB,-6,9/29/2011 12:38,1.45,14680,United Kingdom,-8.7
C540380,84945,MULTI COLOUR SILVER T-LIGHT HOLDER,-7,1/6/2011 17:36,0.85,16094,United Kingdom,-5.95
577116,21165,check,-28,11/17/2011 18:04,0,Guest,United Kingdom,0
C571499,22423,REGENCY CAKESTAND 3 TIER,-32,10/17/2011 15:07,10.95,12454,Spain,-350.4
C543744,21655,HANGING RIDGE GLASS T-LIGHT HOLDER,-12,2/11/2011 13:43,1.69,13672,United Kingdom,-20.28
C540250,21928,JUMBO BAG SCANDINAVIAN PAISLEY,-1,1/5/2011 16:02,1.65,17511,United Kingdom,-1.65
C550181,22381,TOY TIDY PINK POLKADOT,-10,4/14/2011 17:43,2.1,13069,United Kingdom,-21
C540393,22457,NATURAL SLATE HEART CHALKBOARD ,-1,1/6/2011 18:08,2.95,17428,United Kingdom,-2.95
C558883,23108,SET OF 10 LED DOLLY LIGHTS,-4,7/4/2011 14:51,6.25,17063,United Kingdom,-25
C549840,22697,GREEN REGENCY TEACUP AND SAUCER,-2,4/12/2011 13:51,2.95,15189,United Kingdom,-5.9
C560540,85099B,JUMBO BAG RED RETROSPOT,-1,7/19/2011 12:26,2.08,12415,Australia,-2.08
C577547,85123A,WHITE HANGING HEART T-LIGHT HOLDER,-1,11/20/2011 14:48,2.95,17841,United Kingdom,-2.95
C574078,23427,STOOL HOME SWEET HOME ,-1,11/2/2011 16:16,12.5,14911,EIRE,-12.5
C548362,22355,CHARLOTTE BAG SUKI DESIGN,-10,3/30/2011 15:40,0.85,13268,United Kingdom,-8.5
C557043,23146,TRIPLE HOOK ANTIQUE IVORY ROSE,-1,6/16/2011 14:33,3.29,14245,United Kingdom,-3.29
543654,22525,Unknown,-57,2/11/2011 10:29,0,Guest,United Kingdom,0
C557883,90200B,BLACK SWEETHEART BRACELET,-1,6/23/2011 13:30,4.25,17611,United Kingdom,-4.25
C564084,23574,PACKING CHARGE,-1,8/23/2011 9:16,7.5,14911,EIRE,-7.5
C563600,22423,REGENCY CAKESTAND 3 TIER,-1,8/18/2011 6:24,12.75,14911,EIRE,-12.75
C556057,22456,NATURAL SLATE CHALKBOARD LARGE ,-1,6/8/2011 13:50,4.95,14221,United Kingdom,-4.95
C572855,85048,15CM CHRISTMAS GLASS BALL 20 LIGHTS,-3,10/26/2011 12:28,7.95,15215,United Kingdom,-23.85
C555885,22193,RED DINER WALL CLOCK,-1,6/7/2011 15:50,8.5,14842,United Kingdom,-8.5
C563223,37446,MINI CAKE STAND WITH HANGING CAKES,-1,8/14/2011 14:30,1.45,16292,United Kingdom,-1.45
562391,22854,Unknown,-40,8/4/2011 16:02,0,Guest,United Kingdom,0
C545509,22197,SMALL POPCORN HOLDER,-5,3/3/2011 11:54,0.85,17017,United Kingdom,-4.25
C546997,22711,WRAP CIRCUS PARADE,-25,3/18/2011 13:32,0.42,12748,United Kingdom,-10.5
569347,85086A,Unknown,-6,10/3/2011 14:38,0,Guest,United Kingdom,0
C541779,22663,JUMBO BAG DOLLY GIRL DESIGN,-10,1/21/2011 11:50,1.95,13102,United Kingdom,-19.5
549344,21825,Unknown,-14,4/8/2011 11:08,0,Guest,United Kingdom,0
C555475,21906,PHARMACIE FIRST AID TIN,-1,6/3/2011 12:11,6.75,18232,United Kingdom,-6.75
C555272,22386,JUMBO BAG PINK POLKADOT,-10,6/1/2011 16:29,2.08,16496,United Kingdom,-20.8
C574003,21813,GARLAND WITH STARS AND BELLS,-6,11/2/2011 11:44,4.95,14390,United Kingdom,-29.7
C541492,84870B,BLUE GEISHA GIRL ,-1,1/18/2011 14:24,3.75,Guest,United Kingdom,-3.75
537432,35833G,damages,-43,12/6/2010 16:10,0,Guest,United Kingdom,0
C574493,23375,50'S CHRISTMAS PAPER GIFT BAG,-1,11/4/2011 13:09,0.82,14842,United Kingdom,-0.82
552768,22087,Unknown,-26,5/11/2011 11:43,0,Guest,United Kingdom,0
C562119,23245,SET OF 3 REGENCY CAKE TINS,-1,8/2/2011 16:26,4.95,13505,Switzerland,-4.95
C562126,23243,SET OF TEA COFFEE SUGAR TINS PANTRY,-1,8/2/2011 17:31,4.95,15764,United Kingdom,-4.95
C545569,22720,SET OF 3 CAKE TINS PANTRY DESIGN ,-2,3/3/2011 16:25,4.95,14239,United Kingdom,-9.9
C559486,22423,REGENCY CAKESTAND 3 TIER,-1,7/8/2011 13:51,12.75,13047,United Kingdom,-12.75
547950,35241,damages?,-40,3/28/2011 15:11,0,Guest,United Kingdom,0
C577159,22796,PHOTO FRAME 3 CLASSIC HANGING,-2,11/18/2011 9:58,9.95,15406,United Kingdom,-19.9
C553914,84279P,CHERRY BLOSSOM  DECORATIVE FLASK,-2,5/19/2011 19:50,3.75,18109,United Kingdom,-7.5
C554335,21154,RED RETROSPOT OVEN GLOVE ,-1,5/23/2011 17:18,1.25,15201,United Kingdom,-1.25
568404,22497,Unknown,-17,9/27/2011 10:36,0,Guest,United Kingdom,0
C579192,23320,GIANT 50'S CHRISTMAS CRACKER,-12,11/28/2011 15:43,2.89,12657,France,-34.68
C554029,22303,COFFEE MUG APPLES DESIGN,-2,5/20/2011 13:54,2.55,12681,France,-5.1
C570867,23434,3 RAFFIA RIBBONS 50'S CHRISTMAS ,-10,10/12/2011 16:17,0.79,12607,USA,-7.9
C538350,82551,LAUNDRY 15C METAL SIGN,-1,12/10/2010 15:01,1.25,13798,United Kingdom,-1.25
C545723,22960,JAM MAKING SET WITH JARS,-1,3/7/2011 11:16,4.25,17048,United Kingdom,-4.25
C555421,23108,SET OF 10 LED DOLLY LIGHTS,-4,6/3/2011 10:36,6.25,12779,Poland,-25
C559008,22570,FELTCRAFT CUSHION RABBIT,-1,7/5/2011 12:44,3.75,15518,United Kingdom,-3.75
C561059,47599B,BLUE PARTY BAGS ,-50,7/24/2011 13:26,2.1,13802,United Kingdom,-105
C539726,22791,T-LIGHT GLASS FLUTED ANTIQUE,-10,12/21/2010 14:24,1.25,17007,United Kingdom,-12.5
C556635,22699,ROSES REGENCY TEACUP AND SAUCER ,-1,6/13/2011 15:25,2.95,13505,Switzerland,-2.95
C559474,22727,ALARM CLOCK BAKELIKE RED ,-1,7/8/2011 13:41,3.75,13078,United Kingdom,-3.75
C562728,22849,BREAD BIN DINER STYLE MINT,-1,8/9/2011 9:41,14.95,12406,Denmark,-14.95
C546496,22928,YELLOW GIANT GARDEN THERMOMETER,-1,3/14/2011 11:44,5.95,17646,United Kingdom,-5.95
C580165,22826,LOVE SEAT ANTIQUE WHITE METAL,-1,12/2/2011 11:21,42.5,12359,Cyprus,-42.5
542885,84465,Unknown,-6,2/1/2011 13:08,0,Guest,United Kingdom,0
C558716,22371,AIRLINE BAG VINTAGE TOKYO 78,-2,7/1/2011 13:22,4.25,17888,United Kingdom,-8.5
C560556,84949,SILVER HANGING T-LIGHT HOLDER,-5,7/19/2011 13:04,1.65,13089,United Kingdom,-8.25
C562648,21539,RED RETROSPOT BUTTER DISH,-1,8/8/2011 12:56,4.95,14606,United Kingdom,-4.95
C541710,21880,RED RETROSPOT TAPE,-12,1/21/2011 11:17,0.65,14320,United Kingdom,-7.8
C542245,22726,ALARM CLOCK BAKELIKE GREEN,-2,1/26/2011 15:06,3.75,13098,United Kingdom,-7.5
C569682,23239,SET OF 4 KNICK KNACK TINS POPPIES,-6,10/5/2011 14:33,4.15,15351,United Kingdom,-24.9
C555935,22705,WRAP GREEN PEARS ,-25,6/8/2011 9:14,0.42,12567,France,-10.5
C572343,23064,CINDERELLA CHANDELIER ,-40,10/24/2011 10:40,10,14607,United Kingdom,-400
C577737,23042,PAPER LANTERN 7 POINT SNOW STAR,-10,11/21/2011 13:25,6.65,15681,United Kingdom,-66.5
C569743,22389,PAPERWEIGHT SAVE THE PLANET,-100,10/6/2011 10:57,2.1,15769,United Kingdom,-210
C538693,79164,BLACK WINE GLASS,-3,12/14/2010 9:59,1.65,16558,United Kingdom,-4.95
C560866,47563A,RETRO LONGBOARD IRONING BOARD COVER,-4,7/21/2011 14:04,1.25,14410,United Kingdom,-5
561326,21294,damaged,-227,7/26/2011 13:50,0,Guest,United Kingdom,0
C558097,82483,WOOD 2 DRAWER CABINET WHITE FINISH,-2,6/26/2011 13:29,6.95,15532,United Kingdom,-13.9
C540164,20914,SET/5 RED RETROSPOT LID GLASS BOWLS,-6,1/5/2011 12:02,2.95,14911,EIRE,-17.7
C551999,22767,TRIPLE PHOTO FRAME CORNICE ,-1,5/5/2011 15:53,9.95,14911,EIRE,-9.95
C541231,72807A,SET/3 ROSE CANDLE IN JEWELLED BOX,-1,1/14/2011 16:55,4.25,13455,United Kingdom,-4.25
C560474,21429,RED GINGHAM ROSE JEWELLERY BOX,-2,7/19/2011 10:46,1.95,12705,Germany,-3.9
C545446,20725,LUNCH BAG RED RETROSPOT,-1,3/2/2011 16:33,1.45,12753,Japan,-1.45
C550358,22501,PICNIC BASKET WICKER LARGE,-4,4/18/2011 10:37,8.5,13113,United Kingdom,-34
C579894,23568,EGG CUP HENRIETTA HEN CREAM ,-1,12/1/2011 8:26,1.25,13098,United Kingdom,-1.25
551452,84715,Unknown,-3,4/28/2011 16:01,0,Guest,United Kingdom,0
C579897,23256,CHILDRENS CUTLERY SPACEBOY ,-1,12/1/2011 8:29,4.15,17636,United Kingdom,-4.15
C544827,22221,CAKE STAND LOVEBIRD 2 TIER PINK,-1,2/24/2011 9:45,9.95,17147,United Kingdom,-9.95
C546191,47566B,TEA TIME PARTY BUNTING,-35,3/10/2011 10:57,0.7,16422,United Kingdom,-24.5
C575035,37447,CERAMIC CAKE DESIGN SPOTTED PLATE,-1,11/8/2011 11:38,1.49,15005,United Kingdom,-1.49
C575064,20749,ASSORTED COLOUR MINI CASES,-1,11/8/2011 12:39,7.95,12472,Germany,-7.95
C556493,22662,LUNCH BAG DOLLY GIRL DESIGN,-1,6/12/2011 14:56,1.65,17802,United Kingdom,-1.65
C579945,23411, TRELLIS COAT RACK,-1,12/1/2011 10:41,4.95,15993,United Kingdom,-4.95
C579886,85088,CANDY SPOT HAND BAG,-2,11/30/2011 17:39,2.1,15676,United Kingdom,-4.2
C541117,21258,VICTORIAN SEWING BOX LARGE,-3,1/13/2011 17:09,10.95,15100,United Kingdom,-32.85
C546217,22994,TRAVEL CARD WALLET RETROSPOT,-24,3/10/2011 12:04,0.42,14057,United Kingdom,-10.08
C552704,21733,RED HANGING HEART T-LIGHT HOLDER,-1,5/10/2011 16:05,2.55,13098,United Kingdom,-2.55
C539253,22423,REGENCY CAKESTAND 3 TIER,-10,12/16/2010 14:19,10.95,17188,United Kingdom,-109.5
C556966,22827,RUSTIC  SEVENTEEN DRAWER SIDEBOARD,-1,6/16/2011 9:55,165,13523,United Kingdom,-165
C565683,21891,TRADITIONAL WOODEN SKIPPING ROPE,-12,9/6/2011 10:42,1.45,15521,United Kingdom,-17.4
C571859,85159B,"WHITE TEA,COFFEE,SUGAR JARS",-1,10/19/2011 13:39,1.95,15159,United Kingdom,-1.95
C545844,22926,IVORY GIANT GARDEN THERMOMETER,-1,3/7/2011 13:38,5.95,16838,United Kingdom,-5.95
C539565,84406B,CREAM CUPID HEARTS COAT HANGER,-3,12/20/2010 11:56,2.75,14113,United Kingdom,-8.25
C550530,22557,PLASTERS IN TIN VINTAGE PAISLEY ,-9,4/19/2011 10:52,1.65,13082,United Kingdom,-14.85
C562773,21935,SUKI  SHOULDER BAG,-1,8/9/2011 12:18,1.65,17841,United Kingdom,-1.65
547333,22791,Unknown,-70,3/22/2011 11:43,0,Guest,United Kingdom,0
C560733,71477,COLOUR GLASS. STAR T-LIGHT HOLDER,-360,7/20/2011 14:55,2.75,15298,United Kingdom,-990
C579781,22456,NATURAL SLATE CHALKBOARD LARGE ,-6,11/30/2011 15:20,4.95,17451,United Kingdom,-29.7
C544580,S,SAMPLES,-1,2/21/2011 14:25,11.08,Guest,United Kingdom,-11.08
C565615,22423,REGENCY CAKESTAND 3 TIER,-1,9/5/2011 15:20,12.75,12683,France,-12.75
C580919,21642,ASSORTED TUTTI FRUTTI PEN,-1,12/6/2011 14:07,0.29,16571,United Kingdom,-0.29
C541007,35004B,SET OF 3 BLACK FLYING DUCKS,-4,1/13/2011 10:47,4.65,13078,United Kingdom,-18.6
C568370,90162B,ANT SILVER LIME GREEN BOUDICCA RING,-1,9/26/2011 16:43,2.95,15154,United Kingdom,-2.95
573734,72818,check,-26,10/31/2011 17:19,0,Guest,United Kingdom,0
C543607,22423,REGENCY CAKESTAND 3 TIER,-1,2/10/2011 14:13,12.75,15602,United Kingdom,-12.75
C549824,22672,FRENCH BATHROOM SIGN BLUE METAL,-2,4/12/2011 12:43,1.65,15189,United Kingdom,-3.3
C555364,21843,RED RETROSPOT CAKE STAND,-1,6/2/2011 14:17,10.95,14903,United Kingdom,-10.95
C579192,22809,SET OF 6 T-LIGHTS SANTA,-12,11/28/2011 15:43,2.95,12657,France,-35.4
C547913,M,Manual,-1,3/28/2011 12:34,325,Guest,United Kingdom,-325
558449,21807,Unknown,-35,6/29/2011 13:40,0,Guest,United Kingdom,0
C539271,21843,RED RETROSPOT CAKE STAND,-1,12/16/2010 15:28,10.95,14639,United Kingdom,-10.95
548000,85224,Unknown,-7,3/29/2011 10:24,0,Guest,United Kingdom,0
C558436,22492,MINI PAINT SET VINTAGE ,-36,6/29/2011 12:45,0.65,15805,United Kingdom,-23.4
C567690,23208,LUNCH BAG VINTAGE LEAF DESIGN,-8,9/21/2011 17:01,1.65,15810,United Kingdom,-13.2
C560855,22968,ROSE COTTAGE KEEPSAKE BOX ,-1,7/21/2011 13:00,9.95,14410,United Kingdom,-9.95
C561370,22139,RETROSPOT TEA SET CERAMIC 11 PC ,-1,7/26/2011 16:22,4.95,17693,United Kingdom,-4.95
C553222,47566,PARTY BUNTING,-1,5/16/2011 10:10,4.95,13662,United Kingdom,-4.95
C554537,22061,LARGE CAKE STAND  HANGING STRAWBERY,-1,5/24/2011 17:45,9.95,16057,United Kingdom,-9.95
C561017,23092,LARGE ANTIQUE WHITE PHOTO FRAME,-2,7/22/2011 16:49,7.9,13050,United Kingdom,-15.8
C541492,85039A,SET/4 RED MINI ROSE CANDLE IN BOWL,-1,1/18/2011 14:24,1.65,Guest,United Kingdom,-1.65
C546623,21556,CERAMIC STRAWBERRY MONEY BOX,-1,3/15/2011 11:36,2.55,17954,United Kingdom,-2.55
C551388,22902,TOTE BAG I LOVE LONDON,-12,4/28/2011 11:41,2.1,17874,United Kingdom,-25.2
540778,84029E,Unknown,-50,1/11/2011 11:15,0,Guest,United Kingdom,0
C578077,22910,PAPER CHAIN KIT VINTAGE CHRISTMAS,-20,11/22/2011 16:18,2.55,12936,United Kingdom,-51
C542635,21212,PACK OF 72 RETROSPOT CAKE CASES,-2,1/31/2011 10:43,0.42,14688,United Kingdom,-0.84
C560825,M,Manual,-1,7/21/2011 11:23,367.38,Guest,United Kingdom,-367.38
C548721,21714,CITRONELLA CANDLE GARDEN POT,-4,4/4/2011 8:59,1.25,12957,United Kingdom,-5
C564063,71477,COLOUR GLASS. STAR T-LIGHT HOLDER,-1,8/22/2011 15:00,3.25,16184,United Kingdom,-3.25
C572334,22386,JUMBO BAG PINK POLKADOT,-100,10/24/2011 10:25,1.79,14607,United Kingdom,-179
C577042,22801,ANTIQUE GLASS PEDESTAL BOWL,-3,11/17/2011 13:35,3.75,13894,United Kingdom,-11.25
C564081,22423,REGENCY CAKESTAND 3 TIER,-150,8/22/2011 17:10,10.95,17949,United Kingdom,-1642.5
C575641,21877,HOME SWEET HOME MUG,-18,11/10/2011 14:03,1.45,15814,United Kingdom,-26.1
C554100,22162,HEART GARLAND RUSTIC PADDED,-3,5/22/2011 13:27,2.95,15555,United Kingdom,-8.85
C559950,84952B,BLACK LOVE BIRD T-LIGHT HOLDER,-3,7/14/2011 10:47,3.75,14562,United Kingdom,-11.25
C550172,21736,GOLD SCROLL GLASS T-LIGHT HOLDER,-3,4/14/2011 16:54,0.39,17440,United Kingdom,-1.17
C560540,23159,SET OF 5 PANCAKE DAY MAGNETS,-1,7/19/2011 12:26,2.08,12415,Australia,-2.08
C577832,84509A,SET OF 4 ENGLISH ROSE PLACEMATS,-4,11/22/2011 10:18,3.75,18274,United Kingdom,-15
C572754,23057,BEADED CHANDELIER T-LIGHT HOLDER,-48,10/25/2011 17:29,1,15482,United Kingdom,-48
C574496,22197,POPCORN HOLDER,-4,11/4/2011 13:13,0.85,14156,EIRE,-3.4
C550530,22555,PLASTERS IN TIN STRONGMAN,-2,4/19/2011 10:52,1.65,13082,United Kingdom,-3.3
C561238,22382,LUNCH BAG SPACEBOY DESIGN ,-1,7/26/2011 10:31,1.65,17675,United Kingdom,-1.65
558318,85232A,Unknown,-14,6/28/2011 11:52,0,Guest,United Kingdom,0
C561233,21382,SET/4 SPRING FLOWER DECORATION,-8,7/26/2011 10:24,0.75,17422,United Kingdom,-6
C572109,22171,3 HOOK PHOTO SHELF ANTIQUE WHITE,-1,10/20/2011 18:24,8.5,13350,United Kingdom,-8.5
C560880,22977,DOLLY GIRL CHILDRENS EGG CUP,-1,7/21/2011 15:39,1.25,15152,United Kingdom,-1.25
C565477,21012,ANTIQUE ALL GLASS CANDLESTICK,-3,9/5/2011 10:58,2.1,13630,United Kingdom,-6.3
C538696,22768,FAMILY PHOTO FRAME CORNICE,-1,12/14/2010 10:02,8.5,13050,United Kingdom,-8.5
551838,35609A,Unknown,-51,5/4/2011 13:31,0,Guest,United Kingdom,0
C565077,22189,CREAM HEART CARD HOLDER,-1,8/31/2011 17:31,3.95,17451,United Kingdom,-3.95
C570867,21231,SWEETHEART CERAMIC TRINKET BOX,-12,10/12/2011 16:17,1.25,12607,USA,-15
C560652,23202,JUMBO BAG VINTAGE LEAF,-1,7/20/2011 11:39,2.08,16393,United Kingdom,-2.08
C540392,22088,PAPER BUNTING COLOURED LACE,-40,1/6/2011 18:06,2.55,12753,Japan,-102
C543837,22423,REGENCY CAKESTAND 3 TIER,-2,2/14/2011 10:56,12.75,14431,United Kingdom,-25.5
C571860,21166,COOK WITH WINE METAL SIGN ,-3,10/19/2011 13:42,2.08,14175,United Kingdom,-6.24
C562594,22464,HANGING METAL HEART LANTERN,-24,8/7/2011 15:44,1.65,12748,United Kingdom,-39.6
C556888,82494L,WOODEN FRAME ANTIQUE WHITE ,-1,6/15/2011 12:37,2.95,15005,United Kingdom,-2.95
C554872,23155,KNICKERBOCKERGLORY MAGNET ASSORTED ,-2,5/27/2011 10:59,0.83,16341,United Kingdom,-1.66
C557941,22659,LUNCH BOX I LOVE LONDON,-164,6/23/2011 16:00,1.65,12901,United Kingdom,-270.6
C581229,23158,SET OF 5 LUCKY CAT MAGNETS ,-36,12/8/2011 10:14,2.08,12558,USA,-74.88
C568560,23113,PANTRY CHOPPING BOARD,-1,9/27/2011 16:39,4.95,14299,United Kingdom,-4.95
C576227,22457,NATURAL SLATE HEART CHALKBOARD ,-1,11/14/2011 13:11,2.95,14910,United Kingdom,-2.95
C569743,85099B,JUMBO BAG RED RETROSPOT,-140,10/6/2011 10:57,1.79,15769,United Kingdom,-250.6
540000,84499,Unknown,-9,1/4/2011 10:17,0,Guest,United Kingdom,0
C543638,22629,SPACEBOY LUNCH BOX ,-1,2/10/2011 16:40,1.95,16403,United Kingdom,-1.95
C544590,22215,CAKE STAND WHITE TWO TIER LACE,-1,2/21/2011 15:12,8.5,14744,United Kingdom,-8.5
C581148,22057,CERAMIC PLATE STRAWBERRY DESIGN,-6,12/7/2011 14:02,1.49,12462,Spain,-8.94
579460,21110,Unknown,-151,11/29/2011 14:39,0,Guest,United Kingdom,0
C536812,22595,CHRISTMAS GINGHAM HEART,-144,12/2/2010 16:58,0.72,16546,United Kingdom,-103.68
545598,22080,Unknown,-278,3/4/2011 11:16,0,Guest,United Kingdom,0
C538085,21314,SMALL GLASS HEART TRINKET POT,-1,12/9/2010 14:43,2.1,16350,United Kingdom,-2.1
C571066,21658,GLASS  BEURRE DISH,-2,10/13/2011 15:05,3.95,12709,Germany,-7.9
C549666,22284,HEN HOUSE DECORATION,-1,4/11/2011 12:17,1.65,13113,United Kingdom,-1.65
C545724,22697,GREEN REGENCY TEACUP AND SAUCER,-2,3/7/2011 11:18,2.95,14051,United Kingdom,-5.9
C541688,22423,REGENCY CAKESTAND 3 TIER,-4,1/20/2011 16:15,10.95,12683,France,-43.8
C555837,22891,TEA FOR ONE POLKADOT,-2,6/7/2011 12:37,4.25,16092,United Kingdom,-8.5
561523,20973,Unknown,-45,7/27/2011 17:38,0,Guest,United Kingdom,0
C579989,23470,CARD HOLDER LOVE BIRD LARGE ,-1,12/1/2011 11:18,6.25,15745,United Kingdom,-6.25
C567767,22865,HAND WARMER OWL DESIGN,-12,9/22/2011 10:58,2.1,17460,United Kingdom,-25.2
554328,21609,Unknown,-46,5/23/2011 16:49,0,Guest,United Kingdom,0
C554343,84945,MULTI COLOUR SILVER T-LIGHT HOLDER,-2,5/23/2011 17:43,0.85,14859,United Kingdom,-1.7
C558110,47566,PARTY BUNTING,-8,6/26/2011 15:47,4.95,17731,United Kingdom,-39.6
C569942,22842,BISCUIT TIN VINTAGE RED,-2,10/6/2011 18:08,6.75,14907,United Kingdom,-13.5
549165,35815P,Unknown,-63,4/6/2011 17:20,0,Guest,United Kingdom,0
C570958,22900,SET 2 TEA TOWELS I LOVE LONDON ,-2,10/13/2011 11:30,3.25,16873,United Kingdom,-6.5
C547581,21561,DINOSAUR LUNCH BOX WITH CUTLERY,-1,3/24/2011 10:58,2.55,12474,Germany,-2.55
551569,85226C,Unknown,-6,5/3/2011 11:13,0,Guest,United Kingdom,0
C573869,23485,BOTANICAL GARDENS WALL CLOCK ,-1,11/1/2011 12:23,25,12523,France,-25
C565323,21481,FAWN BLUE HOT WATER BOTTLE,-1,9/2/2011 13:16,3.75,14606,United Kingdom,-3.75
C551648,22941,CHRISTMAS LIGHTS 10 REINDEER,-10,5/3/2011 12:02,8.5,14800,United Kingdom,-85
C580970,22946,WOODEN ADVENT CALENDAR CREAM,-6,12/6/2011 15:01,12.75,15814,United Kingdom,-76.5
C569989,22629,SPACEBOY LUNCH BOX ,-42,10/6/2011 20:08,1.65,16839,United Kingdom,-69.3
C554847,22423,REGENCY CAKESTAND 3 TIER,-1,5/26/2011 19:56,12.75,12909,United Kingdom,-12.75
C537602,22065,CHRISTMAS PUDDING TRINKET POT ,-1,12/7/2010 12:45,1.25,17511,United Kingdom,-1.25
C559189,22028,PENNY FARTHING BIRTHDAY CARD,-12,7/7/2011 10:25,0.42,12626,Germany,-5.04
C553851,21535,RED RETROSPOT SMALL MILK JUG,-2,5/19/2011 13:04,2.55,15811,United Kingdom,-5.1
C569655,23188,VINTAGE  2 METRE FOLDING RULER,-1,10/5/2011 12:58,1.65,14534,United Kingdom,-1.65
C572479,23660,HENRIETTA HEN MUG ,-12,10/24/2011 13:43,1.65,12463,Belgium,-19.8
C577323,22485,SET OF 2 WOODEN MARKET CRATES,-1,11/18/2011 13:57,12.75,17904,United Kingdom,-12.75
C540559,21888,BINGO SET,-4,1/10/2011 10:07,3.75,Guest,EIRE,-15
C545887,BANK CHARGES,Bank Charges,-1,3/7/2011 15:54,326.68,Guest,United Kingdom,-326.68
C560219,84012,MAGIC SHEEP WOOL GROWING FROM PAPER,-120,7/15/2011 15:22,0.85,12451,Switzerland,-102
C560330,72351B,SET/6 PINK  BUTTERFLY T-LIGHTS,-1,7/18/2011 11:10,2.1,17841,United Kingdom,-2.1
C573779,22409,MONEY BOX BISCUITS DESIGN,-1,11/1/2011 10:57,1.25,16360,United Kingdom,-1.25
C564911,23328,SET 6 SCHOOL MILK BOTTLES IN CRATE,-1,8/31/2011 12:32,3.75,16133,United Kingdom,-3.75
544410,84997C,?,-741,2/18/2011 13:54,0,Guest,United Kingdom,0
C558361,21429,RED GINGHAM ROSE JEWELLERY BOX,-2,6/28/2011 15:13,1.95,15128,United Kingdom,-3.9
C563107,23169,CLASSIC GLASS COOKIE JAR,-1,8/12/2011 10:17,4.15,12709,Germany,-4.15
C555346,22634,CHILDS BREAKFAST SET SPACEBOY ,-1,6/2/2011 11:54,9.95,12710,Germany,-9.95
C568388,22492,MINI PAINT SET VINTAGE ,-35,9/27/2011 10:05,0.65,14808,United Kingdom,-22.75
C566084,22698,PINK REGENCY TEACUP AND SAUCER,-3,9/9/2011 10:11,2.95,12621,Germany,-8.85
C547763,23182,TOILET SIGN OCCUPIED OR VACANT,-1,3/25/2011 11:31,0.83,14194,United Kingdom,-0.83
579745,22043,check,-40,11/30/2011 14:39,0,Guest,United Kingdom,0
C549898,21463,MIRRORED DISCO BALL ,-2,4/12/2011 16:00,5.95,13078,United Kingdom,-11.9
C570099,20727,LUNCH BAG  BLACK SKULL.,-3,10/7/2011 12:11,1.65,13798,United Kingdom,-4.95
C554519,85099B,JUMBO BAG RED RETROSPOT,-1,5/24/2011 16:59,2.08,13549,United Kingdom,-2.08
C580764,22667,RECIPE BOX RETROSPOT ,-12,12/6/2011 10:38,2.95,14562,United Kingdom,-35.4
C565044,21479,WHITE SKULL HOT WATER BOTTLE ,-144,8/31/2011 17:02,3.39,12931,United Kingdom,-488.16
C540944,22822,CREAM WALL PLANTER HEART SHAPED,-1,1/12/2011 12:40,5.95,16554,United Kingdom,-5.95
542529,DCGS0055,Unknown,-1,1/28/2011 13:08,0,Guest,United Kingdom,0
C551865,21156,RETROSPOT CHILDRENS APRON,-8,5/4/2011 16:23,1.95,17644,United Kingdom,-15.6
C538768,22686,FRENCH BLUE METAL DOOR SIGN No,-12,12/14/2010 11:34,1.25,14829,United Kingdom,-15
C559939,22026,BANQUET BIRTHDAY  CARD  ,-12,7/14/2011 10:19,0.42,14426,United Kingdom,-5.04
C566467,20724,RED RETROSPOT CHARLOTTE BAG,-32,9/12/2011 18:04,0.85,14688,United Kingdom,-27.2
C573864,22411,JUMBO SHOPPER VINTAGE RED PAISLEY,-1,11/1/2011 11:55,1.79,15311,United Kingdom,-1.79
C559952,21534,DAIRY MAID LARGE MILK JUG,-2,7/14/2011 10:57,4.95,17696,United Kingdom,-9.9
C550355,M,Manual,-1,4/18/2011 10:29,222.75,13811,Germany,-222.75
C580762,22625,RED KITCHEN SCALES,-1,12/6/2011 10:32,7.65,14543,United Kingdom,-7.65
C542748,22969,HOMEMADE JAM SCENTED CANDLES,-12,1/31/2011 16:53,1.45,15881,United Kingdom,-17.4
C564488,22460,EMBOSSED GLASS TEALIGHT HOLDER,-11,8/25/2011 14:12,1.25,16859,United Kingdom,-13.75
566710,16207B,Unknown,-4,9/14/2011 12:03,0,Guest,United Kingdom,0
C542259,22625,RED KITCHEN SCALES,-1,1/26/2011 17:09,8.5,16656,United Kingdom,-8.5
C568418,22485,SET OF 2 WOODEN MARKET CRATES,-2,9/27/2011 11:11,12.75,15763,United Kingdom,-25.5
C554303,M,Manual,-1,5/23/2011 14:52,15,12757,Portugal,-15
C578363,22197,POPCORN HOLDER,-200,11/24/2011 10:40,0.72,15482,United Kingdom,-144
C551674,22305,COFFEE MUG PINK PAISLEY DESIGN,-1,5/3/2011 12:40,2.55,16654,United Kingdom,-2.55
C550614,22968,ROSE COTTAGE KEEPSAKE BOX ,-1,4/19/2011 12:40,8.5,13735,United Kingdom,-8.5
C560855,21873,IF YOU CAN'T STAND THE HEAT MUG,-4,7/21/2011 13:00,1.25,14410,United Kingdom,-5
C579776,23118,PARISIENNE JEWELLERY DRAWER ,-1,11/30/2011 15:12,7.5,13212,United Kingdom,-7.5
C547961,22411,JUMBO SHOPPER VINTAGE RED PAISLEY,-100,3/28/2011 15:30,1.65,15032,United Kingdom,-165
C565804,22846,BREAD BIN DINER STYLE RED ,-1,9/7/2011 10:50,16.95,17491,United Kingdom,-16.95
C547725,22045,SPACEBOY GIFT WRAP,-25,3/25/2011 10:43,0.42,Guest,United Kingdom,-10.5
549035,72051S,Unknown,-15,4/5/2011 17:09,0,Guest,United Kingdom,0
C540243,22091,EMPIRE TISSUE BOX,-7,1/5/2011 15:32,1.25,12585,Germany,-8.75
577123,23288,check,-63,11/17/2011 18:34,0,Guest,United Kingdom,0
C569995,22952,60 CAKE CASES VINTAGE CHRISTMAS,-24,10/6/2011 20:36,0.55,14557,United Kingdom,-13.2
C573037,21232,STRAWBERRY CERAMIC TRINKET POT,-2,10/27/2011 13:45,1.25,12471,Germany,-2.5
566763,84708B,Unknown,-5,9/14/2011 17:48,0,Guest,United Kingdom,0
C543603,22487,WHITE WOOD GARDEN PLANT LADDER,-1,2/10/2011 13:40,9.95,15570,United Kingdom,-9.95
C570203,22411,JUMBO SHOPPER VINTAGE RED PAISLEY,-4,10/7/2011 16:49,1.79,15311,United Kingdom,-7.16
C547725,22915,ASSORTED BOTTLE TOP  MAGNETS ,-36,3/25/2011 10:43,0.42,Guest,United Kingdom,-15.12
C571233,22666,RECIPE BOX PANTRY YELLOW DESIGN,-24,10/14/2011 14:22,2.55,15856,United Kingdom,-61.2
C552570,21464,DISCO BALL ROTATOR BATTERY OPERATED,-2,5/10/2011 12:07,4.25,15676,United Kingdom,-8.5
C558257,23028,DRAWER KNOB CRACKLE GLAZE BLUE,-5,6/27/2011 17:27,1.65,18198,United Kingdom,-8.25
C550451,22825,DECORATIVE PLANT POT WITH FRIEZE,-2,4/18/2011 12:55,6.75,17204,United Kingdom,-13.5
C558253,22429,ENAMEL MEASURING JUG CREAM,-3,6/27/2011 17:04,4.25,13611,United Kingdom,-12.75
C542402,22849,BREAD BIN DINER STYLE MINT,-1,1/27/2011 16:05,16.95,16124,United Kingdom,-16.95
C573761,22361,GLASS JAR DAISY FRESH COTTON WOOL,-3,11/1/2011 9:55,2.95,15489,United Kingdom,-8.85
C537602,22061,LARGE CAKE STAND  HANGING STRAWBERY,-1,12/7/2010 12:45,8.5,17511,United Kingdom,-8.5
C572761,22844,VINTAGE CREAM DOG FOOD CONTAINER,-1,10/26/2011 9:38,8.5,12584,Italy,-8.5
572749,22572,??,-335,10/25/2011 16:52,0,Guest,United Kingdom,0
C568345,CRUK,CRUK Commission,-1,9/26/2011 15:28,447.56,14096,United Kingdom,-447.56
C571499,82494L,WOODEN FRAME ANTIQUE WHITE ,-72,10/17/2011 15:07,2.55,12454,Spain,-183.6
C564964,22637,PIGGY BANK RETROSPOT ,-1,8/31/2011 15:00,2.55,17315,United Kingdom,-2.55
C566742,35648,VINTAGE BEAD PINK PURSE ,-1,9/14/2011 14:56,0.83,17422,United Kingdom,-0.83
C542402,22848,BREAD BIN DINER STYLE PINK,-1,1/27/2011 16:05,16.95,16124,United Kingdom,-16.95
C557515,72802B,OCEAN SCENT CANDLE IN JEWELLED BOX,-1,6/20/2011 17:05,4.25,17463,United Kingdom,-4.25
C566947,21877,HOME SWEET HOME MUG,-1,9/15/2011 16:28,1.65,13871,United Kingdom,-1.65
C579562,21731,RED TOADSTOOL LED NIGHT LIGHT,-1,11/30/2011 11:39,1.65,12553,France,-1.65
C560818,22197,POPCORN HOLDER,-1,7/21/2011 10:52,0.72,17811,United Kingdom,-0.72
C562375,22945,CHRISTMAS METAL TAGS ASSORTED ,-144,8/4/2011 14:46,0.72,14911,EIRE,-103.68
C557047,22838,3 TIER CAKE TIN RED AND CREAM,-2,6/16/2011 14:36,14.95,13488,United Kingdom,-29.9
C570867,22492,MINI PAINT SET VINTAGE ,-36,10/12/2011 16:17,0.65,12607,USA,-23.4
C581124,21452,TOADSTOOL MONEY BOX,-4,12/7/2011 12:38,2.95,13109,United Kingdom,-11.8
558477,84597C,Unknown,-1,6/29/2011 16:04,0,Guest,United Kingdom,0
C558110,23084,RABBIT NIGHT LIGHT,-12,6/26/2011 15:47,2.08,17731,United Kingdom,-24.96
C540307,M,Manual,-2,1/6/2011 12:58,21.95,15823,United Kingdom,-43.9
C545454,47566,PARTY BUNTING,-1,3/2/2011 17:04,4.95,15189,United Kingdom,-4.95
C555935,22328,ROUND SNACK BOXES SET OF 4 FRUITS ,-6,6/8/2011 9:14,2.95,12567,France,-17.7
C551948,22303,COFFEE MUG APPLES DESIGN,-1,5/5/2011 11:21,2.1,17511,United Kingdom,-2.1
556317,22857,sold as set on dotcom,-48,6/10/2011 10:48,0,Guest,United Kingdom,0
C560409,22675,FRENCH KITCHEN SIGN BLUE METAL,-12,7/18/2011 14:24,1.25,16717,United Kingdom,-15
C554532,23205,CHARLOTTE BAG VINTAGE ALPHABET ,-1,5/24/2011 17:32,0.85,14194,United Kingdom,-0.85
C574505,47567B,TEA TIME KITCHEN APRON,-1,11/4/2011 13:22,5.95,13534,United Kingdom,-5.95
C539486,22339,CHRISTMAS TREE PAINTED ZINC ,-24,12/20/2010 8:27,0.65,18256,United Kingdom,-15.6
C575157,85066,CREAM SWEETHEART MINI CHEST,-2,11/8/2011 16:19,12.75,16379,United Kingdom,-25.5
C548915,22993,SET OF 4 PANTRY JELLY MOULDS,-12,4/5/2011 9:53,1.25,12668,Germany,-15
C562438,22423,REGENCY CAKESTAND 3 TIER,-1,8/4/2011 17:58,12.75,14621,United Kingdom,-12.75
C563894,90064B,BLACK VINTAGE  CRYSTAL EARRINGS,-1,8/21/2011 9:18,3.75,16330,United Kingdom,-3.75
567933,84422,Dagamed,-30,9/22/2011 17:49,0,Guest,United Kingdom,0
C545674,85099C,JUMBO  BAG BAROQUE BLACK WHITE,-1,3/6/2011 10:25,1.95,18223,United Kingdom,-1.95
567694,22665,Unknown,-24,9/21/2011 17:30,0,Guest,United Kingdom,0
C579756,22169,FAMILY ALBUM WHITE PICTURE FRAME,-1,11/30/2011 14:54,8.5,14733,United Kingdom,-8.5
C570099,85099C,JUMBO  BAG BAROQUE BLACK WHITE,-1,10/7/2011 12:11,1.65,13798,United Kingdom,-1.65
C581117,23343,JUMBO BAG VINTAGE CHRISTMAS ,-3,12/7/2011 12:24,2.08,16393,United Kingdom,-6.24
C553028,22156,HEART DECORATION WITH PEARLS ,-2,5/12/2011 19:39,0.85,15194,United Kingdom,-1.7
C560649,21845,DAIRY MAID STRIPE MUG,-4,7/20/2011 11:35,0.79,17581,United Kingdom,-3.16
C559742,22666,RECIPE BOX PANTRY YELLOW DESIGN,-6,7/12/2011 11:11,2.95,14267,United Kingdom,-17.7
C565864,21833,CAMOUFLAGE LED TORCH,-5,9/7/2011 15:00,1.69,15752,United Kingdom,-8.45
C555730,22842,BISCUIT TIN VINTAGE RED,-1,6/6/2011 16:51,6.75,14625,United Kingdom,-6.75
C579878,22423,REGENCY CAKESTAND 3 TIER,-1,11/30/2011 17:12,12.75,17340,United Kingdom,-12.75
C570867,22972,CHILDREN'S SPACEBOY MUG,-12,10/12/2011 16:17,1.65,12607,USA,-19.8
C544507,22423,REGENCY CAKESTAND 3 TIER,-7,2/21/2011 11:46,10.95,17865,United Kingdom,-76.65
C564955,22892,SET OF SALT AND PEPPER TOADSTOOLS,-2,8/31/2011 13:39,1.25,15786,United Kingdom,-2.5
C549731,21746,SMALL RED RETROSPOT WINDMILL,-2,4/11/2011 16:36,1.25,13266,United Kingdom,-2.5
C543838,POST,POSTAGE,-1,2/14/2011 10:59,7.06,15827,United Kingdom,-7.06
549465,84415B,Unknown,-5,4/8/2011 14:22,0,Guest,United Kingdom,0
C572855,23085,ANTIQUE SILVER BAUBLE LAMP  ,-3,10/26/2011 12:28,10.4,15215,United Kingdom,-31.2
C572120,22169,FAMILY ALBUM WHITE PICTURE FRAME,-1,10/20/2011 19:29,8.5,14911,EIRE,-8.5
C554330,21843,RED RETROSPOT CAKE STAND,-1,5/23/2011 17:08,10.95,12749,United Kingdom,-10.95
C575155,90176D,DIAMANTE NECKLACE PURPLE,-1,11/8/2011 16:17,7.5,13709,United Kingdom,-7.5
C545650,40001,WHITE BAMBOO RIBS LAMPSHADE,-1,3/4/2011 13:14,0.64,15311,United Kingdom,-0.64
C560540,23203,JUMBO BAG DOILEY PATTERNS,-1,7/19/2011 12:26,2.08,12415,Australia,-2.08
579691,47503A,Unknown,-5,11/30/2011 14:05,0,Guest,United Kingdom,0
C543603,35004C,SET OF 3 COLOURED  FLYING DUCKS,-1,2/10/2011 13:40,5.45,15570,United Kingdom,-5.45
C560589,23029,DRAWER KNOB CRACKLE GLAZE GREEN,-1,7/19/2011 15:50,1.65,15249,United Kingdom,-1.65
C556645,71477,COLOUR GLASS. STAR T-LIGHT HOLDER,-1,6/13/2011 16:08,2.75,13771,United Kingdom,-2.75
C570684,23274,STAR T-LIGHT HOLDER WILLIE WINKIE,-1,10/11/2011 16:24,1.65,14535,United Kingdom,-1.65
C539072,20718,RED RETROSPOT SHOPPER BAG,-10,12/15/2010 17:05,1.25,15664,United Kingdom,-12.5
C546501,22720,SET OF 3 CAKE TINS PANTRY DESIGN ,-2,3/14/2011 11:45,4.95,12584,Italy,-9.9
C542348,M,Manual,-1,1/27/2011 12:09,1715.85,12539,Spain,-1715.85
540650,85124C,Unknown,-8,1/10/2011 14:59,0,Guest,United Kingdom,0
571458,21761,damaged,-2,10/17/2011 14:02,0,Guest,United Kingdom,0
C556274,M,Manual,-1,6/9/2011 19:46,600,15299,United Kingdom,-600
561539,79026B,Unknown,-1,7/28/2011 10:08,0,Guest,United Kingdom,0
C577817,22990,COTTON APRON PANTRY DESIGN,-1,11/22/2011 9:17,4.95,13081,United Kingdom,-4.95
C559747,79030D,TUMBLER BAROQUE,-1,7/12/2011 11:23,0.39,17069,United Kingdom,-0.39
C567348,85123A,WHITE HANGING HEART T-LIGHT HOLDER,-1,9/19/2011 15:57,2.95,15755,United Kingdom,-2.95
C538341,22730,ALARM CLOCK BAKELIKE IVORY,-1,12/10/2010 14:03,3.75,15514,United Kingdom,-3.75
C561225,D,Discount,-1,7/26/2011 10:06,45.6,16029,United Kingdom,-45.6
551573,22726,Unknown,-5,5/3/2011 11:15,0,Guest,United Kingdom,0
569885,90164A,Unknown,-15,10/6/2011 15:17,0,Guest,United Kingdom,0
C554851,22617,BAKING SET SPACEBOY DESIGN,-1,5/27/2011 9:17,4.95,16463,United Kingdom,-4.95
C559012,22900,SET 2 TEA TOWELS I LOVE LONDON ,-6,7/5/2011 12:50,3.25,17017,United Kingdom,-19.5
C576968,21669,BLUE STRIPE CERAMIC DRAWER KNOB,-5,11/17/2011 11:51,1.45,13668,United Kingdom,-7.25
C558327,21927,BLUE/CREAM STRIPE CUSHION COVER ,-12,6/28/2011 12:04,1.25,17900,United Kingdom,-15
C570515,72741,GRAND CHOCOLATECANDLE,-1,10/11/2011 10:39,1.45,12719,France,-1.45
C553880,21124,SET/10 BLUE POLKADOT PARTY CANDLES,-24,5/19/2011 15:23,1.25,13762,United Kingdom,-30
C553531,S,SAMPLES,-1,5/17/2011 15:09,76,Guest,United Kingdom,-76
C558745,20723,STRAWBERRY CHARLOTTE BAG,-9,7/1/2011 17:02,0.85,14415,United Kingdom,-7.65
C581490,23144,ZINC T-LIGHT HOLDER STARS SMALL,-11,12/9/2011 9:57,0.83,14397,United Kingdom,-9.13
C540097,21843,RED RETROSPOT CAKE STAND,-6,1/4/2011 15:46,10.95,15373,United Kingdom,-65.7
C545866,21427,SKULLS STORAGE BOX SMALL,-1,3/7/2011 14:27,2.1,17841,United Kingdom,-2.1
C567767,23188,VINTAGE  2 METER FOLDING RULER,-12,9/22/2011 10:58,1.65,17460,United Kingdom,-19.8
561538,84927D,Unknown,-1,7/28/2011 9:58,0,Guest,United Kingdom,0
C543818,22138,BAKING SET 9 PIECE RETROSPOT ,-2,2/13/2011 15:45,4.95,16897,United Kingdom,-9.9
C558716,21829,DINOSAUR KEYRINGS ASSORTED,-108,7/1/2011 13:22,0.21,17888,United Kingdom,-22.68
C569655,22961,JAM MAKING SET PRINTED,-2,10/5/2011 12:58,1.45,14534,United Kingdom,-2.9
C537320,35400,WOODEN BOX ADVENT CALENDAR ,-1,12/6/2010 11:47,8.95,14867,United Kingdom,-8.95
C563600,23243,SET OF TEA COFFEE SUGAR TINS PANTRY,-1,8/18/2011 6:24,4.95,14911,EIRE,-4.95
C575608,22139,RETROSPOT TEA SET CERAMIC 11 PC ,-3,11/10/2011 12:38,4.25,16133,United Kingdom,-12.75
C549252,22665,RECIPE BOX BLUE SKETCHBOOK DESIGN,-3,4/7/2011 12:18,2.55,16584,United Kingdom,-7.65
C545720,15056N,EDWARDIAN PARASOL NATURAL,-1,3/7/2011 10:33,5.95,15039,United Kingdom,-5.95
C570828,90177D,DROP DIAMANTE EARRINGS PURPLE,-6,10/12/2011 13:15,2.95,14911,EIRE,-17.7
C549786,22084,PAPER CHAIN KIT EMPIRE,-5,4/12/2011 11:58,2.95,14071,United Kingdom,-14.75
C548374,84969,BOX OF 6 ASSORTED COLOUR TEASPOONS,-1,3/30/2011 16:36,4.25,13047,United Kingdom,-4.25
C547899,POST,POSTAGE,-1,3/28/2011 11:51,55.89,Guest,United Kingdom,-55.89
C579897,23203,JUMBO BAG VINTAGE DOILY ,-1,12/1/2011 8:29,2.08,17636,United Kingdom,-2.08
C568884,23199,JUMBO BAG APPLES,-50,9/29/2011 12:49,1.79,14680,United Kingdom,-89.5
C539667,21658,GLASS  BEURRE DISH,-1,12/21/2010 10:47,3.95,13148,United Kingdom,-3.95
C574424,23322,LARGE WHITE HEART OF WICKER,-1,11/4/2011 11:23,2.95,16014,United Kingdom,-2.95
C544424,22971,QUEENS GUARD COFFEE MUG,-5,2/18/2011 15:29,2.1,18093,United Kingdom,-10.5
C562375,23170,REGENCY TEA PLATE ROSES ,-48,8/4/2011 14:46,1.45,14911,EIRE,-69.6
C549315,21876,POTTERING MUG,-3,4/8/2011 9:51,1.25,12949,United Kingdom,-3.75
C537893,22450,SILK PURSE BABUSHKA BLUE,-1,12/9/2010 10:14,3.35,12721,France,-3.35
C579926,20727,LUNCH BAG  BLACK SKULL.,-2,12/1/2011 9:19,1.65,14389,United Kingdom,-3.3
C554848,21642,ASSORTED TUTTI FRUTTI PEN,-12,5/26/2011 19:56,0.85,13659,United Kingdom,-10.2
C569109,23032,DRAWER KNOB CRACKLE GLAZE IVORY,-3,9/30/2011 12:44,1.65,16523,United Kingdom,-4.95
C562952,23244,ROUND STORAGE TIN VINTAGE LEAF,-2,8/11/2011 10:10,1.95,12749,United Kingdom,-3.9
C546519,85123A,WHITE HANGING HEART T-LIGHT HOLDER,-1,3/14/2011 12:27,2.95,14350,United Kingdom,-2.95
C544057,22061,LARGE CAKE STAND  HANGING STRAWBERY,-1,2/15/2011 12:55,9.95,13623,United Kingdom,-9.95
C547930,POST,POSTAGE,-1,3/28/2011 14:00,18,12594,Italy,-18
567693,85199L,?,-250,9/21/2011 17:26,0,Guest,United Kingdom,0
C558249,37495,FAIRY CAKE BIRTHDAY CANDLE SET,-4,6/27/2011 16:59,3.75,17562,United Kingdom,-15
C580180,23348,CHILDRENS TOY COOKING UTENSIL SET,-3,12/2/2011 12:00,2.08,14688,United Kingdom,-6.24
C550538,22060,LARGE CAKE STAND HANGING HEARTS,-1,4/19/2011 11:26,3.95,17746,United Kingdom,-3.95
C576230,22804,PINK HANGING HEART T-LIGHT HOLDER,-1,11/14/2011 13:15,2.95,17602,United Kingdom,-2.95
C569913,22784,LANTERN CREAM GAZEBO ,-1,10/6/2011 16:50,4.95,14217,United Kingdom,-4.95
573318,84944,Unknown,-47,10/28/2011 18:11,0,Guest,United Kingdom,0
C561234,79191C,RETRO PLASTIC ELEPHANT TRAY,-12,7/26/2011 10:25,0.85,13327,United Kingdom,-10.2
C539073,POST,POSTAGE,-1,12/15/2010 17:08,3.5,12971,United Kingdom,-3.5
C539104,22662,LUNCH BAG DOLLY GIRL DESIGN,-3,12/16/2010 10:38,1.65,12494,France,-4.95
C546131,21218,RED SPOTTY BISCUIT TIN,-1,3/9/2011 15:08,3.75,16057,United Kingdom,-3.75
C544577,M,Manual,-1,2/21/2011 14:02,320.69,12365,Cyprus,-320.69
C544665,22698,PINK REGENCY TEACUP AND SAUCER,-2,2/22/2011 14:56,2.95,12852,United Kingdom,-5.9
C562121,22847,BREAD BIN DINER STYLE IVORY,-1,8/2/2011 17:15,14.95,16523,United Kingdom,-14.95
C560855,21875,KINGS CHOICE MUG,-1,7/21/2011 13:00,1.25,14410,United Kingdom,-1.25
C551190,D,Discount,-1,4/27/2011 10:22,120,17940,United Kingdom,-120
C551602,22892,SET OF SALT AND PEPPER TOADSTOOLS,-6,5/3/2011 11:34,1.25,17692,United Kingdom,-7.5
549159,22052,Unknown,-25,4/6/2011 17:14,0,Guest,United Kingdom,0
549332,84864A,Unknown,-2,4/8/2011 10:55,0,Guest,United Kingdom,0
C577481,POST,POSTAGE,-1,11/20/2011 11:39,18,12778,Netherlands,-18
580381,21758,Unknown,-9,12/2/2011 17:58,0,Guest,United Kingdom,0
C558434,22699,ROSES REGENCY TEACUP AND SAUCER ,-2,6/29/2011 12:36,2.95,15304,United Kingdom,-5.9
C569954,22371,AIRLINE BAG VINTAGE TOKYO 78,-1,10/6/2011 18:34,4.25,14792,United Kingdom,-4.25
C537814,20703,BLUE PADDED SOFT MOBILE,-3,12/8/2010 13:43,4.25,12712,Germany,-12.75
C565215,21581,SKULLS  DESIGN  COTTON TOTE BAG,-12,9/1/2011 17:22,2.25,16474,United Kingdom,-27
C537820,22627,MINT KITCHEN SCALES,-1,12/8/2010 14:10,8.5,16016,United Kingdom,-8.5
C545438,22698,PINK REGENCY TEACUP AND SAUCER,-1,3/2/2011 15:54,2.95,14231,United Kingdom,-2.95
C575626,22720,SET OF 3 CAKE TINS PANTRY DESIGN ,-1,11/10/2011 13:21,4.95,17651,United Kingdom,-4.95
C538341,22586,FELTCRAFT HAIRBAND PINK AND BLUE,-1,12/10/2010 14:03,0.85,15514,United Kingdom,-0.85
C566961,23245,SET OF 3 REGENCY CAKE TINS,-1,9/15/2011 17:04,4.95,13319,United Kingdom,-4.95
566767,20977,Unknown,-188,9/14/2011 17:52,0,Guest,United Kingdom,0
C574473,23284,DOORMAT KEEP CALM AND COME IN,-2,11/4/2011 12:05,8.25,15809,United Kingdom,-16.5
C565681,21915,RED  HARMONICA IN BOX ,-12,9/6/2011 10:42,1.25,15521,United Kingdom,-15
C577737,84978,HANGING HEART JAR T-LIGHT HOLDER,-24,11/21/2011 13:25,1.25,15681,United Kingdom,-30
C538650,22778,GLASS CLOCHE SMALL,-1,12/13/2010 15:05,3.95,15311,United Kingdom,-3.95
557600,23117,Damaged,-1440,6/21/2011 11:35,0,Guest,United Kingdom,0
537450,20684,Unknown,-19,12/7/2010 9:26,0,Guest,United Kingdom,0
542554,21836,Unknown,-1,1/28/2011 14:49,0,Guest,United Kingdom,0
C536734,85048,15CM CHRISTMAS GLASS BALL 20 LIGHTS,-1,12/2/2010 12:50,7.95,16042,United Kingdom,-7.95
C543789,D,Discount,-1,2/11/2011 17:10,84.8,17450,United Kingdom,-84.8
C554717,84949,SILVER HANGING T-LIGHT HOLDER,-12,5/26/2011 11:04,1.45,13089,United Kingdom,-17.4
562653,21359,Unknown,-30,8/8/2011 13:35,0,Guest,United Kingdom,0
537013,35965,Unknown,-25,12/3/2010 15:40,0,Guest,United Kingdom,0
C549786,22231,JIGSAW TREE WITH BIRDHOUSE,-12,4/12/2011 11:58,1.45,14071,United Kingdom,-17.4
C538372,82582,AREA PATROLLED METAL SIGN,-3,12/12/2010 11:12,2.1,16923,United Kingdom,-6.3
C536807,22778,GLASS CLOCHE SMALL,-1,12/2/2010 16:45,3.95,15834,United Kingdom,-3.95
C558521,23298,SPOTTY BUNTING,-2,6/30/2011 10:31,4.15,13113,United Kingdom,-8.3
C565422,22776,SWEETHEART 3 TIER CAKE STAND ,-1,9/4/2011 12:15,9.95,17774,United Kingdom,-9.95
C542413,22141,CHRISTMAS CRAFT TREE TOP ANGEL,-6,1/27/2011 17:11,2.1,16923,United Kingdom,-12.6
C550780,22178,VICTORIAN GLASS HANGING T-LIGHT,-12,4/20/2011 13:39,1.25,17211,United Kingdom,-15
C540780,21843,RED RETROSPOT CAKE STAND,-4,1/11/2011 11:19,10.95,14299,United Kingdom,-43.8
C572115,22997,TRAVEL CARD WALLET UNION JACK,-22,10/20/2011 19:16,0.42,16394,United Kingdom,-9.24
C558727,21658,GLASS  BEURRE DISH,-2,7/1/2011 14:35,3.39,12709,Germany,-6.78
C562115,21429,RED GINGHAM ROSE JEWELLERY BOX,-5,8/2/2011 16:17,1.95,17696,United Kingdom,-9.75
C563751,21232,STRAWBERRY CERAMIC TRINKET BOX,-4,8/19/2011 10:37,1.25,12528,Germany,-5
C546901,22741,FUNKY DIVA PEN,-2,3/17/2011 18:29,0.85,14112,United Kingdom,-1.7
C577737,22910,PAPER CHAIN KIT VINTAGE CHRISTMAS,-18,11/21/2011 13:25,2.95,15681,United Kingdom,-53.1
C551329,21714,CITRONELLA CANDLE GARDEN POT,-2,4/27/2011 16:13,1.25,14626,United Kingdom,-2.5
C555384,22357,KINGS CHOICE BISCUIT TIN,-1,6/2/2011 15:20,4.25,13534,United Kingdom,-4.25
C559136,23108,SET OF 10 LED DOLLY LIGHTS,-1,7/6/2011 13:21,5.39,17511,United Kingdom,-5.39
542580,90095,Unknown,-1,1/28/2011 14:58,0,Guest,United Kingdom,0
551448,22734,Unknown,-4,4/28/2011 15:59,0,Guest,United Kingdom,0
576410,71038,check,-16,11/15/2011 11:20,0,Guest,United Kingdom,0
C567520,22301,COFFEE MUG CAT + BIRD DESIGN,-1,9/20/2011 16:31,2.1,12989,United Kingdom,-2.1
C559253,21671,RED SPOT CERAMIC DRAWER KNOB,-2,7/7/2011 11:44,1.25,12472,Germany,-2.5
571686,22149,damages,-40,10/18/2011 14:22,0,Guest,United Kingdom,0
C538647,22467,GUMBALL COAT RACK,-1,12/13/2010 14:56,2.55,15808,United Kingdom,-2.55
C550456,47566B,TEA TIME PARTY BUNTING,-1300,4/18/2011 13:08,2.55,15749,United Kingdom,-3315
C562375,21977,PACK OF 60 PINK PAISLEY CAKE CASES,-24,8/4/2011 14:46,0.55,14911,EIRE,-13.2
C554340,22960,JAM MAKING SET WITH JARS,-3,5/23/2011 17:40,3.75,17017,United Kingdom,-11.25
C545841,22728,ALARM CLOCK BAKELIKE PINK,-1,3/7/2011 13:36,3.75,17675,United Kingdom,-3.75
C577227,D,Discount,-1,11/18/2011 12:06,19.82,14527,United Kingdom,-19.82
C541822,22699,ROSES REGENCY TEACUP AND SAUCER ,-2,1/21/2011 16:53,2.95,15658,United Kingdom,-5.9
C564488,84970L,SINGLE HEART ZINC T-LIGHT HOLDER,-12,8/25/2011 14:12,0.95,16859,United Kingdom,-11.4
C556911,22423,REGENCY CAKESTAND 3 TIER,-1,6/15/2011 13:25,10.95,17511,United Kingdom,-10.95
C541641,21672,WHITE SPOT RED CERAMIC DRAWER KNOB,-1,1/20/2011 11:00,1.25,17841,United Kingdom,-1.25
C549533,22628,PICNIC BOXES SET OF 3 RETROSPOT ,-3,4/8/2011 17:08,4.95,12408,Belgium,-14.85
547599,21361,Unknown,-10,3/24/2011 11:24,0,Guest,United Kingdom,0
563650,79163,Unknown,-156,8/18/2011 10:43,0,Guest,United Kingdom,0
C572334,22355,CHARLOTTE BAG SUKI DESIGN,-100,10/24/2011 10:25,0.72,14607,United Kingdom,-72
C553906,22854,CREAM SWEETHEART EGG HOLDER,-1,5/19/2011 18:13,4.95,16554,United Kingdom,-4.95
C559347,35965,FOLKART HEART NAPKIN RINGS,-24,7/7/2011 17:22,0.79,18072,United Kingdom,-18.96
C569985,84380,SET OF 3 BUTTERFLY COOKIE CUTTERS,-12,10/6/2011 19:51,1.25,15365,United Kingdom,-15
C559347,M,Manual,-1,7/7/2011 17:22,2.88,18072,United Kingdom,-2.88
C569939,22784,LANTERN CREAM GAZEBO ,-1,10/6/2011 17:57,4.95,14883,United Kingdom,-4.95
C558444,22386,JUMBO BAG PINK POLKADOT,-1,6/29/2011 13:29,1.79,15311,United Kingdom,-1.79
C569119,84978,HANGING HEART JAR T-LIGHT HOLDER,-1,9/30/2011 12:57,1.25,14194,United Kingdom,-1.25
C576350,22909,SET OF 20 VINTAGE CHRISTMAS NAPKINS,-4,11/14/2011 15:41,0.85,17730,United Kingdom,-3.4
C578097,84029E,RED WOOLLY HOTTIE WHITE HEART.,-48,11/22/2011 17:31,3.75,Guest,United Kingdom,-180
C564908,22767,TRIPLE PHOTO FRAME CORNICE ,-1,8/31/2011 12:26,9.95,17705,United Kingdom,-9.95
C539576,22795,SWEETHEART RECIPE BOOK STAND,-10,12/20/2010 12:25,6.75,14911,EIRE,-67.5
C576393,84687,BEACH HUT SHELF W 3 DRAWERS,-1,11/15/2011 10:34,5.95,13735,United Kingdom,-5.95
C540006,22423,REGENCY CAKESTAND 3 TIER,-1,1/4/2011 10:48,12.75,14606,United Kingdom,-12.75
C575630,23355,HOT WATER BOTTLE KEEP CALM,-4,11/10/2011 13:35,4.95,15830,United Kingdom,-19.8
C548460,22846,BREAD BIN DINER STYLE RED ,-1,3/31/2011 11:58,16.95,16801,United Kingdom,-16.95
C567535,23165,LARGE CERAMIC TOP STORAGE JAR,-1,9/21/2011 9:50,1.65,15253,United Kingdom,-1.65
C568689,22212,FOUR HOOK  WHITE LOVEBIRDS,-1,9/28/2011 14:42,2.1,17841,United Kingdom,-2.1
C570867,22737,RIBBON REEL CHRISTMAS PRESENT ,-10,10/12/2011 16:17,1.65,12607,USA,-16.5
C566467,20719,WOODLAND CHARLOTTE BAG,-14,9/12/2011 18:04,0.85,14688,United Kingdom,-11.9
C567351,23319,BOX OF 6 MINI 50'S CRACKERS,-5,9/19/2011 16:05,2.08,15251,United Kingdom,-10.4
C572450,POST,POSTAGE,-1,10/24/2011 12:35,29.28,Guest,United Kingdom,-29.28
574579,72802B,check,-203,11/4/2011 17:14,0,Guest,United Kingdom,0
C543643,22866,HAND WARMER SCOTTY DOG DESIGN,-1,2/10/2011 17:44,2.1,16161,United Kingdom,-2.1
C560301,23198,PANTRY MAGNETIC  SHOPPING LIST,-1,7/18/2011 10:34,1.45,14159,United Kingdom,-1.45
C570963,85183A,CHARLIE & LOLA WASTEPAPER BIN BLUE,-1,10/13/2011 11:49,1.25,13816,Germany,-1.25
C571860,22942,CHRISTMAS LIGHTS 10 SANTAS ,-1,10/19/2011 13:42,8.5,14175,United Kingdom,-8.5
C543767,22727,ALARM CLOCK BAKELIKE RED ,-1,2/11/2011 15:19,3.75,13767,United Kingdom,-3.75
C546904,22822,CREAM WALL PLANTER HEART SHAPED,-1,3/17/2011 18:33,5.95,16150,United Kingdom,-5.95
C569989,22666,RECIPE BOX PANTRY YELLOW DESIGN,-23,10/6/2011 20:08,2.55,16839,United Kingdom,-58.65
C574268,23110,PARISIENNE KEY CABINET ,-1,11/3/2011 14:22,5.75,14359,United Kingdom,-5.75
C560652,23206,LUNCH BAG APPLE DESIGN,-1,7/20/2011 11:39,1.65,16393,United Kingdom,-1.65
C553025,22766,PHOTO FRAME CORNICE,-1,5/12/2011 19:33,2.95,13971,United Kingdom,-2.95
C546217,23004,TRAVEL CARD WALLET PANTRY,-24,3/10/2011 12:04,0.42,14057,United Kingdom,-10.08
549349,10123G,Unknown,-38,4/8/2011 11:13,0,Guest,United Kingdom,0
C539644,22923,FRIDGE MAGNETS LES ENFANTS ASSORTED,-2,12/20/2010 15:52,0.85,12471,Germany,-1.7
543265,84872A,Unknown,-4,2/4/2011 17:23,0,Guest,United Kingdom,0
C564212,22727,ALARM CLOCK BAKELIKE RED ,-1,8/24/2011 9:13,3.75,13209,United Kingdom,-3.75
C544458,85099B,JUMBO BAG RED RETROSPOT,-1,2/20/2011 13:48,1.95,14667,United Kingdom,-1.95
C543638,22646,CERAMIC STRAWBERRY CAKE MONEY BANK,-4,2/10/2011 16:40,1.45,16403,United Kingdom,-5.8
579734,84859C,wet?,-153,11/30/2011 14:25,0,Guest,United Kingdom,0
C543830,22720,SET OF 3 CAKE TINS PANTRY DESIGN ,-2,2/14/2011 9:54,4.95,12476,Germany,-9.9
C541499,84819,DANISH ROSE ROUND SEWING BOX,-1,1/18/2011 15:23,4.25,13693,United Kingdom,-4.25
C570460,23397,FOOT STOOL HOME SWEET HOME ,-1,10/10/2011 15:42,9.95,17527,United Kingdom,-9.95
C577364,23118,PARISIENNE JEWELLERY DRAWER ,-2,11/18/2011 16:18,7.5,14140,United Kingdom,-15
C559253,22326,ROUND SNACK BOXES SET OF4 WOODLAND ,-1,7/7/2011 11:44,2.95,12472,Germany,-2.95
C562577,23207,LUNCH BAG ALPHABET DESIGN,-1,8/7/2011 13:09,1.65,15518,United Kingdom,-1.65
C574350,23224,CHERUB HEART DECORATION GOLD,-12,11/4/2011 10:36,0.83,16637,United Kingdom,-9.96
C544583,S,SAMPLES,-1,2/21/2011 14:48,37.49,Guest,United Kingdom,-37.49
C540652,22655,VINTAGE RED KITCHEN CABINET,-1,1/10/2011 15:04,265.5,17406,United Kingdom,-265.5
C548460,21903,MAN FLU METAL SIGN,-12,3/31/2011 11:58,2.1,16801,United Kingdom,-25.2
C541823,21155,RED RETROSPOT PEG BAG,-1,1/21/2011 16:55,2.1,17677,United Kingdom,-2.1
C568584,22767,TRIPLE PHOTO FRAME CORNICE ,-2,9/28/2011 10:13,9.95,15706,United Kingdom,-19.9
C548976,84766,SILVER ROCOCO CANDLE STICK,-2,4/5/2011 11:50,5.95,17725,United Kingdom,-11.9
C551180,20975,12 PENCILS SMALL TUBE RED RETROSPOT,-24,4/26/2011 17:32,0.65,14586,United Kingdom,-15.6
C562375,22952,60 CAKE CASES VINTAGE CHRISTMAS,-240,8/4/2011 14:46,0.42,14911,EIRE,-100.8
C544583,S,SAMPLES,-1,2/21/2011 14:48,128.56,Guest,United Kingdom,-128.56
C559983,22918,HERB MARKER PARSLEY,-12,7/14/2011 11:41,0.65,14562,United Kingdom,-7.8
554551,47566B,reverse previous adjustment,-1300,5/25/2011 9:58,0,Guest,United Kingdom,0
573598,79342B,"Unsaleable, destroyed.",-1128,10/31/2011 15:18,0,Guest,United Kingdom,0
C550475,20723,STRAWBERRY CHARLOTTE BAG,-3,4/18/2011 13:59,0.72,13798,United Kingdom,-2.16
569882,90014B,Unknown,-1,10/6/2011 15:15,0,Guest,United Kingdom,0
C541863,37449,CERAMIC CAKE STAND + HANGING CAKES,-2,1/23/2011 16:08,8.5,13798,United Kingdom,-17
C567682,23172,REGENCY TEA PLATE PINK,-24,9/21/2011 16:28,1.65,17997,United Kingdom,-39.6
C545457,21217,RED RETROSPOT ROUND CAKE TINS,-1,3/2/2011 17:18,9.95,17428,United Kingdom,-9.95
C545836,21630,FLOOR CUSHION ELEPHANT CARNIVAL,-1,3/7/2011 13:19,8.95,14606,United Kingdom,-8.95
569883,90014A,check,-12,10/6/2011 15:16,0,Guest,United Kingdom,0
C578991,22563,HAPPY STENCIL CRAFT,-1,11/27/2011 15:31,1.25,15555,United Kingdom,-1.25
C567627,22197,POPCORN HOLDER,-3,9/21/2011 13:01,0.85,17511,United Kingdom,-2.55
546149,20866,?,-230,3/9/2011 17:02,0,Guest,United Kingdom,0
C547854,22951,60 CAKE CASES DOLLY GIRL DESIGN,-24,3/27/2011 12:12,0.55,14586,United Kingdom,-13.2
C567715,84879,ASSORTED COLOUR BIRD ORNAMENT,-7,9/22/2011 10:12,1.69,16160,United Kingdom,-11.83
C552995,M,Manual,-1350,5/12/2011 15:19,0.16,18133,United Kingdom,-216
C549050,15056BL,EDWARDIAN PARASOL BLACK,-2,4/6/2011 10:17,5.95,13767,United Kingdom,-11.9
C539632,21166,COOK WITH WINE METAL SIGN ,-48,12/20/2010 15:07,1.69,17230,United Kingdom,-81.12
C558081,22838,3 TIER CAKE TIN RED AND CREAM,-3,6/26/2011 11:42,14.95,18172,United Kingdom,-44.85
C568582,21232,STRAWBERRY CERAMIC TRINKET BOX,-3,9/28/2011 10:02,1.25,13014,United Kingdom,-3.75
C541694,22440,BALLOON WATER BOMB PACK OF 35,-10,1/20/2011 17:06,0.42,17364,United Kingdom,-4.2
C558254,22784,LANTERN CREAM GAZEBO ,-1,6/27/2011 17:05,4.95,16670,United Kingdom,-4.95
C545997,21156,RETROSPOT CHILDRENS APRON,-6,3/8/2011 14:35,1.95,12679,France,-11.7
C570867,23514,EMBROIDERED RIBBON REEL SALLY ,-6,10/12/2011 16:17,2.08,12607,USA,-12.48
C553656,22607,WOODEN ROUNDERS GARDEN SET ,-1,5/18/2011 11:21,8.5,17389,United Kingdom,-8.5
C577832,21108,FAIRY CAKE FLANNEL ASSORTED COLOUR,-18,11/22/2011 10:18,0.79,18274,United Kingdom,-14.22
C567350,23169,CLASSIC GLASS COOKIE JAR,-4,9/19/2011 16:02,4.15,17677,United Kingdom,-16.6
C542426,22810,SET OF 6 T-LIGHTS SNOWMEN,-48,1/28/2011 9:32,2.55,14146,United Kingdom,-122.4
C558465,22729,ALARM CLOCK BAKELIKE ORANGE,-1,6/29/2011 15:19,3.75,13418,United Kingdom,-3.75
C576244,D,Discount,-1,11/14/2011 13:40,6,18167,United Kingdom,-6
561920,84352,Damages/samples,-52,8/1/2011 12:10,0,Guest,United Kingdom,0
C560855,21623,VINTAGE UNION JACK MEMOBOARD,-1,7/21/2011 13:00,9.95,14410,United Kingdom,-9.95
C540164,22034,ROBIN CHRISTMAS CARD,-12,1/5/2011 12:02,0.42,14911,EIRE,-5.04
C559461,20727,LUNCH BAG  BLACK SKULL.,-1,7/8/2011 13:04,1.65,14680,United Kingdom,-1.65
C559049,23079,TOADSTOOL BEDSIDE LIGHT ,-2,7/5/2011 15:50,8.95,12494,France,-17.9
C563433,21874,GIN AND TONIC MUG,-1,8/16/2011 12:14,1.25,16033,United Kingdom,-1.25
C544034,22553,PLASTERS IN TIN SKULLS,-1,2/15/2011 11:28,1.65,14701,United Kingdom,-1.65
C538904,21527,RED RETROSPOT TRADITIONAL TEAPOT ,-1,12/15/2010 10:29,7.95,18168,United Kingdom,-7.95
C578371,22366,DOORMAT AIRMAIL ,-1,11/24/2011 11:16,8.25,14410,United Kingdom,-8.25
C565001,22767,TRIPLE PHOTO FRAME CORNICE ,-4,8/31/2011 16:23,9.95,17675,United Kingdom,-39.8
C545504,22224,WHITE LOVEBIRD LANTERN,-2,3/3/2011 11:35,2.95,13630,United Kingdom,-5.9
C577395,37447,CERAMIC CAKE DESIGN SPOTTED PLATE,-4,11/18/2011 17:10,1.49,12779,Poland,-5.96
C538833,21258,VICTORIAN SEWING BOX LARGE,-3,12/14/2010 13:05,10.95,14680,United Kingdom,-32.85
C551018,21426,WOODLAND STORAGE BOX SMALL,-1,4/26/2011 11:19,2.1,12705,Germany,-2.1
C538690,21527,RED RETROSPOT TRADITIONAL TEAPOT ,-1,12/14/2010 9:54,7.95,13802,United Kingdom,-7.95
C571925,22139,RETROSPOT TEA SET CERAMIC 11 PC ,-1,10/19/2011 16:31,4.95,13115,United Kingdom,-4.95
C541090,22649,STRAWBERRY FAIRY CAKE TEAPOT,-1,1/13/2011 12:52,4.95,17406,United Kingdom,-4.95
C572114,23483,HANGING  BUTTERFLY T-LIGHT HOLDER,-1,10/20/2011 19:15,1.25,17169,United Kingdom,-1.25
C572754,72802B,OCEAN SCENT CANDLE IN JEWELLED BOX,-36,10/25/2011 17:29,1,15482,United Kingdom,-36
C559534,47594B,SCOTTIES DESIGN WASHBAG,-2,7/10/2011 12:11,1.95,16283,United Kingdom,-3.9
568087,85049D,Unknown,-8,9/23/2011 14:40,0,Guest,United Kingdom,0
C567351,22941,CHRISTMAS LIGHTS 10 REINDEER,-2,9/19/2011 16:05,7.65,15251,United Kingdom,-15.3
C566467,85099B,JUMBO BAG RED RETROSPOT,-10,9/12/2011 18:04,2.08,14688,United Kingdom,-20.8
C551699,M,Manual,-1,5/3/2011 14:12,6930,16029,United Kingdom,-6930
560037,22242,Unknown,-34,7/14/2011 14:00,0,Guest,United Kingdom,0
C570099,22064,PINK DOUGHNUT TRINKET POT ,-1,10/7/2011 12:11,1.45,13798,United Kingdom,-1.45
C569944,22364,GLASS JAR DIGESTIVE BISCUITS,-1,10/6/2011 18:12,2.95,17405,United Kingdom,-2.95
566764,23065,Unknown,-13,9/14/2011 17:49,0,Guest,United Kingdom,0
C560540,23166,MEDIUM CERAMIC TOP STORAGE JAR,-1,7/19/2011 12:26,1.25,12415,Australia,-1.25
C572754,72802C,VANILLA SCENT CANDLE JEWELLED BOX,-36,10/25/2011 17:29,1,15482,United Kingdom,-36
C545525,22697,GREEN REGENCY TEACUP AND SAUCER,-24,3/3/2011 13:11,2.55,12415,Australia,-61.2
C563602,22634,CHILDS BREAKFAST SET SPACEBOY ,-1,8/18/2011 6:26,9.95,14291,United Kingdom,-9.95
C541201,22951,60 CAKE CASES DOLLY GIRL DESIGN,-24,1/14/2011 12:05,0.55,13081,United Kingdom,-13.2
C542426,85199L,LARGE HANGING IVORY & RED WOOD BIRD,-12,1/28/2011 9:32,0.65,14146,United Kingdom,-7.8
C546930,84575A,PINK DOG CANNISTER,-1,3/18/2011 10:37,5.95,14701,United Kingdom,-5.95
556884,22698,Unknown,-61,6/15/2011 12:27,0,Guest,United Kingdom,0
C545903,22634,CHILDS BREAKFAST SET SPACEBOY ,-1,3/8/2011 8:34,9.95,13345,United Kingdom,-9.95
C551948,21754,HOME BUILDING BLOCK WORD,-1,5/5/2011 11:21,5.45,17511,United Kingdom,-5.45
C564571,22505,MEMO BOARD COTTAGE DESIGN,-1,8/26/2011 11:14,4.95,14606,United Kingdom,-4.95
554145,84313C,Unknown,-12,5/23/2011 10:43,0,Guest,United Kingdom,0
C540781,22962,JAM JAR WITH PINK LID,-2,1/11/2011 11:22,0.85,16875,United Kingdom,-1.7
C552012,23183,MOTHER'S KITCHEN SPOON REST ,-6,5/5/2011 17:29,3.75,13552,United Kingdom,-22.5
C540948,22943,CHRISTMAS LIGHTS 10 VINTAGE BAUBLES,-4,1/12/2011 12:47,4.95,13093,United Kingdom,-19.8
C555864,23174,REGENCY SUGAR BOWL GREEN,-2,6/7/2011 14:29,4.15,15189,United Kingdom,-8.3
C577821,72802A,ROSE SCENT CANDLE IN JEWELLED BOX,-1,11/22/2011 9:29,4.25,13777,United Kingdom,-4.25
C565403,22156,HEART DECORATION WITH PEARLS ,-36,9/2/2011 17:53,0.85,16187,United Kingdom,-30.6
C572488,22556,PLASTERS IN TIN CIRCUS PARADE ,-12,10/24/2011 13:57,1.65,12474,Germany,-19.8
C562375,23169,CLASSIC GLASS COOKIE JAR,-6,8/4/2011 14:46,4.15,14911,EIRE,-24.9
541000,21632,Unknown,-41,1/13/2011 10:11,0,Guest,United Kingdom,0
C570099,20724,RED RETROSPOT CHARLOTTE BAG,-5,10/7/2011 12:11,0.72,13798,United Kingdom,-3.6
C558254,21843,RED RETROSPOT CAKE STAND,-1,6/27/2011 17:05,10.95,16670,United Kingdom,-10.95
C546363,22306,SILVER MUG BONE CHINA TREE OF LIFE,-12,3/11/2011 11:30,1.95,16912,United Kingdom,-23.4
C579739,22567,20 DOLLY PEGS RETROSPOT,-1,11/30/2011 14:28,1.45,16956,United Kingdom,-1.45
C543742,20985,HEART CALCULATOR,-1,2/11/2011 13:38,1.25,14676,United Kingdom,-1.25
C574955,22666,RECIPE BOX PANTRY YELLOW DESIGN,-1,11/8/2011 9:56,2.95,15066,United Kingdom,-2.95
C543609,20914,SET/5 RED RETROSPOT LID GLASS BOWLS,-1,2/10/2011 14:17,2.55,16705,United Kingdom,-2.55
C570867,23078,ICE CREAM PEN LIP GLOSS ,-24,10/12/2011 16:17,1.25,12607,USA,-30
C572226,22847,BREAD BIN DINER STYLE IVORY,-2,10/21/2011 13:58,16.95,15321,United Kingdom,-33.9
C547043,22752,SET 7 BABUSHKA NESTING BOXES,-1,3/20/2011 11:19,8.5,16156,United Kingdom,-8.5
C539221,90185C,BLACK DIAMANTE EXPANDABLE RING,-4,12/16/2010 12:56,4.25,14911,EIRE,-17
C576247,22596,CHRISTMAS STAR WISH LIST CHALKBOARD,-1,11/14/2011 13:42,1.25,13139,United Kingdom,-1.25
C558466,21110,LARGE CAKE TOWEL PINK SPOTS,-2,6/29/2011 15:20,6.75,12951,United Kingdom,-13.5
C550013,85159B,"WHITE TEA,COFFEE,SUGAR JARS",-1,4/14/2011 10:49,1.95,12982,United Kingdom,-1.95
558377,37423,Unknown,-17,6/28/2011 16:24,0,Guest,United Kingdom,0
C551551,22356,CHARLOTTE BAG PINK POLKADOT,-2,5/3/2011 10:08,0.85,17841,United Kingdom,-1.7
C564913,22998,TRAVEL CARD WALLET KEEP CALM,-24,8/31/2011 12:39,0.42,12560,Germany,-10.08
C554530,22502,PICNIC BASKET WICKER SMALL,-1,5/24/2011 17:28,5.95,15596,United Kingdom,-5.95
C542537,22654,DELUXE SEWING KIT ,-1,1/28/2011 13:54,5.95,12501,Germany,-5.95
C564946,23199,JUMBO BAG APPLES,-3,8/31/2011 13:27,2.08,13534,United Kingdom,-6.24
C559939,22847,BREAD BIN DINER STYLE IVORY,-1,7/14/2011 10:19,16.95,14426,United Kingdom,-16.95
C536548,22333,RETROSPOT PARTY BAG + STICKER SET,-1,12/1/2010 14:33,1.65,12472,Germany,-1.65
C546881,82483,WOOD 2 DRAWER CABINET WHITE FINISH,-3,3/17/2011 17:17,5.95,15159,United Kingdom,-17.85
C548460,22430,ENAMEL WATERING CAN CREAM,-4,3/31/2011 11:58,4.95,16801,United Kingdom,-19.8
C558716,10133,COLOURING PENCILS BROWN TUBE,-10,7/1/2011 13:22,0.42,17888,United Kingdom,-4.2
C543787,85178,VICTORIAN SEWING KIT,-48,2/11/2011 17:05,0.85,15061,United Kingdom,-40.8
C541710,21791,VINTAGE HEADS AND TAILS CARD GAME ,-12,1/21/2011 11:17,1.25,14320,United Kingdom,-15
C563611,84949,SILVER HANGING T-LIGHT HOLDER,-3,8/18/2011 6:38,1.65,17340,United Kingdom,-4.95
C581468,21314,SMALL GLASS HEART TRINKET POT,-10,12/8/2011 19:26,2.1,13599,United Kingdom,-21
C536822,22847,BREAD BIN DINER STYLE IVORY,-2,12/2/2010 17:19,16.95,14625,United Kingdom,-33.9
C538700,85066,CREAM SWEETHEART MINI CHEST,-2,12/14/2010 10:25,12.75,16499,United Kingdom,-25.5
C571059,85053,FRENCH ENAMEL CANDLEHOLDER,-1,10/13/2011 14:27,2.1,17813,United Kingdom,-2.1
C546173,21231,SWEETHEART CERAMIC TRINKET BOX,-1,3/10/2011 10:34,1.25,14227,United Kingdom,-1.25
C554537,21876,POTTERING MUG,-12,5/24/2011 17:45,1.25,16057,United Kingdom,-15
C566467,23205,CHARLOTTE BAG VINTAGE ALPHABET ,-15,9/12/2011 18:04,0.85,14688,United Kingdom,-12.75
C579192,22423,REGENCY CAKESTAND 3 TIER,-10,11/28/2011 15:43,12.75,12657,France,-127.5
C553378,POST,POSTAGE,-1,5/16/2011 15:02,27.42,Guest,United Kingdom,-27.42
C574515,79191C,RETRO PLASTIC ELEPHANT TRAY,-12,11/4/2011 13:38,0.85,15159,United Kingdom,-10.2
C543792,20749,ASSORTED COLOUR MINI CASES,-1,2/11/2011 17:14,7.95,13725,United Kingdom,-7.95
C566742,22913,RED COAT RACK PARIS FASHION,-1,9/14/2011 14:56,4.95,17422,United Kingdom,-4.95
548888,84726,Unknown,-14,4/4/2011 15:25,0,Guest,United Kingdom,0
C570867,37448,CERAMIC CAKE DESIGN SPOTTED MUG,-12,10/12/2011 16:17,1.49,12607,USA,-17.88
C550814,22191,IVORY DINER WALL CLOCK,-1,4/20/2011 16:41,8.5,16611,United Kingdom,-8.5
C542792,85123A,WHITE HANGING HEART T-LIGHT HOLDER,-1,2/1/2011 10:49,2.95,14627,United Kingdom,-2.95
C560902,37340,MULTICOLOUR SPRING FLOWER MUG,-2,7/21/2011 17:45,0.39,17593,United Kingdom,-0.78
C550026,23076,ICE CREAM SUNDAE LIP GLOSS,-4,4/14/2011 11:22,1.25,14339,United Kingdom,-5
C561013,22847,BREAD BIN DINER STYLE IVORY,-1,7/22/2011 16:12,16.95,16705,United Kingdom,-16.95
C562048,22384,LUNCH BAG PINK POLKADOT,-1,8/2/2011 11:19,1.65,13534,United Kingdom,-1.65
C538726,35832,WOOLLY HAT SOCK GLOVE ADVENT STRING,-1,12/14/2010 11:18,2.95,13078,United Kingdom,-2.95
C546496,35810B,ENAMEL BLUE RIM COFFEE CONTAINER,-1,3/14/2011 11:44,0.83,17646,United Kingdom,-0.83
C548495,71038,WHITE HANGING BEADS CANDLE HOLDER,-1,3/31/2011 13:34,5.45,17075,United Kingdom,-5.45
C573034,21524,DOORMAT SPOTTY HOME SWEET HOME,-2,10/27/2011 13:41,8.25,14227,United Kingdom,-16.5
C547725,22711,WRAP CIRCUS PARADE,-25,3/25/2011 10:43,0.42,Guest,United Kingdom,-10.5
C555354,21326,AGED GLASS SILVER T-LIGHT HOLDER,-1,6/2/2011 13:26,0.65,16566,United Kingdom,-0.65
C565752,21686,MEDINA STAMPED METAL STOOL,-1,9/6/2011 12:58,39.95,17841,United Kingdom,-39.95
C544038,22505,MEMO BOARD COTTAGE DESIGN,-1,2/15/2011 11:32,4.95,14659,United Kingdom,-4.95
C560418,M,Manual,-1,7/18/2011 15:01,717.23,17809,United Kingdom,-717.23
C544034,21878,PACK OF 6 SANDCASTLE FLAGS ASSORTED,-1,2/15/2011 11:28,0.85,14701,United Kingdom,-0.85
C556117,47503A,ASS FLORAL PRINT MULTI SCREWDRIVER,-12,6/9/2011 9:44,1.25,12802,Netherlands,-15
C558252,22427,ENAMEL FLOWER JUG CREAM,-2,6/27/2011 17:02,5.95,18155,United Kingdom,-11.9
C551948,22768,FAMILY PHOTO FRAME CORNICE,-1,5/5/2011 11:21,8.5,17511,United Kingdom,-8.5
C569636,22964,3 PIECE SPACEBOY COOKIE CUTTER SET,-1,10/5/2011 12:14,2.1,12841,United Kingdom,-2.1
561086,15036,Unknown,-530,7/25/2011 9:32,0,Guest,United Kingdom,0
C542413,21876,POTTERING MUG,-5,1/27/2011 17:11,1.25,16923,United Kingdom,-6.25
C543819,21289,LARGE STRIPES CHOCOLATE GIFT BAG,-16,2/13/2011 16:04,1.25,16928,United Kingdom,-20
C566965,21259,VICTORIAN SEWING BOX SMALL ,-3,9/15/2011 17:37,5.95,12919,United Kingdom,-17.85
C537860,21244,BLUE POLKADOT PLATE ,-8,12/8/2010 16:15,1.69,16252,United Kingdom,-13.52
C560540,20725,LUNCH BAG RED RETROSPOT,-1,7/19/2011 12:26,1.65,12415,Australia,-1.65
569131,22927,damaged,-5,9/30/2011 13:49,0,Guest,United Kingdom,0
561481,20684,Unknown,-27,7/27/2011 13:38,0,Guest,United Kingdom,0
C577395,23423,PANTRY 3 HOOK ROLLING PIN HANGER,-2,11/18/2011 17:10,3.75,12779,Poland,-7.5
C567690,23205,CHARLOTTE BAG VINTAGE ALPHABET ,-2,9/21/2011 17:01,0.85,15810,United Kingdom,-1.7
C567065,23297,SET 40 HEART SHAPE PETIT FOUR CASES,-16,9/16/2011 11:51,1.65,16108,United Kingdom,-26.4
C551674,22071,SMALL WHITE RETROSPOT MUG IN BOX ,-1,5/3/2011 12:40,3.75,16654,United Kingdom,-3.75
C564854,22699,ROSES REGENCY TEACUP AND SAUCER ,-1,8/31/2011 8:56,2.95,17865,United Kingdom,-2.95
C573283,22776,SWEETHEART 3 TIER CAKE STAND ,-1,10/28/2011 13:57,9.95,18030,United Kingdom,-9.95
C564907,21429,RED GINGHAM ROSE JEWELLERY BOX,-1,8/31/2011 12:24,1.95,18225,United Kingdom,-1.95
C569985,21495,SKULLS AND CROSSBONES WRAP,-25,10/6/2011 19:51,0.42,15365,United Kingdom,-10.5
C558347,S,SAMPLES,-1,6/28/2011 14:47,16,Guest,United Kingdom,-16
C552556,84945,MULTI COLOUR SILVER T-LIGHT HOLDER,-24,5/10/2011 11:21,0.85,17504,United Kingdom,-20.4
C541817,21340,CLASSIC METAL BIRDCAGE PLANT HOLDER,-4,1/21/2011 16:11,9.95,13929,United Kingdom,-39.8
C566216,CRUK,CRUK Commission,-1,9/9/2011 15:17,15.96,14096,United Kingdom,-15.96
539996,21784,Unknown,-10,1/4/2011 10:12,0,Guest,United Kingdom,0
C552707,22501,PICNIC BASKET WICKER LARGE,-1,5/10/2011 16:16,9.95,15696,United Kingdom,-9.95
C561235,21314,SMALL GLASS HEART TRINKET POT,-1,7/26/2011 10:27,2.1,13767,United Kingdom,-2.1
C573779,23010,CIRCUS PARADE BABY GIFT SET,-1,11/1/2011 10:57,16.95,16360,United Kingdom,-16.95
C542091,22485,SET OF 2 WOODEN MARKET CRATES,-1,1/25/2011 12:41,12.75,17091,United Kingdom,-12.75
C555935,23206,LUNCH BAG APPLE DESIGN,-20,6/8/2011 9:14,1.65,12567,France,-33
C552458,BANK CHARGES,Bank Charges,-1,5/9/2011 14:41,440.29,Guest,United Kingdom,-440.29
C544117,POST,POSTAGE,-1,2/16/2011 11:48,18,12727,France,-18
C573761,22362,GLASS JAR PEACOCK BATH SALTS,-3,11/1/2011 9:55,2.95,15489,United Kingdom,-8.85
548380,22127,Dotcom sold in 6's,-60,3/30/2011 16:44,0,Guest,United Kingdom,0
C555643,22501,PICNIC BASKET WICKER LARGE,-1,6/6/2011 13:22,9.95,16520,United Kingdom,-9.95
C541235,22358,KINGS CHOICE TEA CADDY ,-2,1/14/2011 17:13,2.95,16670,United Kingdom,-5.9
C545679,22494,EMERGENCY FIRST AID TIN ,-1,3/6/2011 11:07,1.25,16923,United Kingdom,-1.25
C555361,23111,PARISIENNE SEWING BOX,-1,6/2/2011 14:12,12.5,13308,United Kingdom,-12.5
C569989,22720,SET OF 3 CAKE TINS PANTRY DESIGN ,-25,10/6/2011 20:08,4.25,16839,United Kingdom,-106.25
C564960,23025,DRAWER KNOB VINTAGE GLASS BALL,-6,8/31/2011 14:24,2.08,14525,United Kingdom,-12.48
C553150,23182,TOILET SIGN OCCUPIED OR VACANT,-1,5/13/2011 14:22,0.83,17841,United Kingdom,-0.83
C561594,23249,VINTAGE RED ENAMEL TRIM PLATE,-24,7/28/2011 11:22,1.65,17671,United Kingdom,-39.6
C560855,21871,SAVE THE PLANET MUG,-5,7/21/2011 13:00,1.25,14410,United Kingdom,-6.25
553659,20967,Unknown,-77,5/18/2011 11:47,0,Guest,United Kingdom,0
C540307,21533,RETROSPOT LARGE MILK JUG,-6,1/6/2011 12:58,4.95,15823,United Kingdom,-29.7
C562147,21232,STRAWBERRY CERAMIC TRINKET BOX,-1,8/3/2011 10:47,1.25,16180,United Kingdom,-1.25
C569655,22991,GIRAFFE WOODEN RULER,-2,10/5/2011 12:58,1.95,14534,United Kingdom,-3.9
C576858,22928,YELLOW GIANT GARDEN THERMOMETER,-1,11/16/2011 15:52,5.95,17183,United Kingdom,-5.95
C549184,37342,POLKADOT COFFEE CUP & SAUCER PINK,-27,4/7/2011 9:28,0.79,12428,Finland,-21.33
C559939,21977,PACK OF 60 PINK PAISLEY CAKE CASES,-24,7/14/2011 10:19,0.55,14426,United Kingdom,-13.2
C566672,21873,IF YOU CAN'T STAND THE HEAT MUG,-3,9/14/2011 11:39,1.25,13145,United Kingdom,-3.75
C569421,22423,REGENCY CAKESTAND 3 TIER,-1,10/4/2011 10:37,12.75,15339,United Kingdom,-12.75
C537805,35004C,SET OF 3 COLOURED  FLYING DUCKS,-1,12/8/2010 13:18,4.65,15311,United Kingdom,-4.65
C569994,22964,3 PIECE SPACEBOY COOKIE CUTTER SET,-2,10/6/2011 20:33,2.1,15606,United Kingdom,-4.2
C549919,22674,FRENCH TOILET SIGN BLUE METAL,-1,4/13/2011 9:50,1.25,15201,United Kingdom,-1.25
C550787,POST,POSTAGE,-1,4/20/2011 14:08,21.78,17450,United Kingdom,-21.78
C570203,21530,DAIRY MAID TOASTRACK,-1,10/7/2011 16:49,0.79,15311,United Kingdom,-0.79
C566749,85053,FRENCH ENAMEL CANDLEHOLDER,-4,9/14/2011 15:38,2.1,13999,United Kingdom,-8.4
C540307,22107,PIZZA PLATE IN BOX,-8,1/6/2011 12:58,3.75,15823,United Kingdom,-30
C575042,85099C,JUMBO  BAG BAROQUE BLACK WHITE,-1,11/8/2011 12:05,2.08,16764,United Kingdom,-2.08
573463,17012B,check,-70,10/31/2011 10:56,0,Guest,United Kingdom,0
C555532,21361,LOVE LARGE WOOD LETTERS ,-2,6/5/2011 12:01,12.75,15722,United Kingdom,-25.5
C568694,21198,WHITE HEART CONFETTI IN TUBE,-24,9/28/2011 14:55,1.65,16321,Australia,-39.6
556046,21890,missing,-140,6/8/2011 12:56,0,Guest,United Kingdom,0
C575065,23227,FILIGREE HEART BUTTERFLY WHITE ,-3,11/8/2011 12:40,1.25,13924,United Kingdom,-3.75
C556896,21899,"KEY FOB , GARAGE DESIGN",-6,6/15/2011 12:51,0.65,12843,United Kingdom,-3.9
C569996,23268,SET OF 2 CERAMIC CHRISTMAS REINDEER,-12,10/6/2011 20:38,1.45,15322,United Kingdom,-17.4
C559992,D,Discount,-1,7/14/2011 12:30,13.99,14527,United Kingdom,-13.99
C579926,23204,CHARLOTTE BAG APPLES DESIGN,-2,12/1/2011 9:19,0.72,14389,United Kingdom,-1.44
C547410,21937,STRAWBERRY   PICNIC BAG,-1,3/23/2011 9:02,2.95,18183,United Kingdom,-2.95
C574955,22720,SET OF 3 CAKE TINS PANTRY DESIGN ,-2,11/8/2011 9:56,4.95,15066,United Kingdom,-9.9
C542588,21658,GLASS  BEURRE DISH,-1,1/28/2011 15:57,3.95,12997,United Kingdom,-3.95
C543368,22942,CHRISTMAS LIGHTS 10 SANTAS ,-3,2/7/2011 14:46,8.5,18245,United Kingdom,-25.5
C561233,22251,BIRDHOUSE DECORATION MAGIC GARDEN,-3,7/26/2011 10:24,1.25,17422,United Kingdom,-3.75
C548731,22328,ROUND SNACK BOXES SET OF 4 FRUITS ,-624,4/4/2011 10:12,2.55,12755,Japan,-1591.2
573491,21618,CHECK,-54,10/31/2011 11:56,0,Guest,United Kingdom,0
C539575,84949,SILVER HANGING T-LIGHT HOLDER,-36,12/20/2010 12:23,1.45,13089,United Kingdom,-52.2
C549253,22466,FAIRY TALE COTTAGE NIGHTLIGHT,-1,4/7/2011 12:20,1.95,12408,Belgium,-1.95
C550181,20677,PINK POLKADOT BOWL,-5,4/14/2011 17:43,1.25,13069,United Kingdom,-6.25
552443,22796,Not rcvd in 10/11/2010 delivery,-360,5/9/2011 13:05,0,Guest,United Kingdom,0
570691,85231G,check,-110,10/11/2011 16:44,0,Guest,United Kingdom,0
C547388,22784,LANTERN CREAM GAZEBO ,-3,3/22/2011 16:07,4.95,12352,Norway,-14.85
548382,84898F,Unknown,-2,3/30/2011 16:46,0,Guest,United Kingdom,0
558268,21351,damaged,-220,6/28/2011 10:17,0,Guest,United Kingdom,0
C567681,22367,CHILDRENS APRON SPACEBOY DESIGN,-7,9/21/2011 16:24,1.95,15433,United Kingdom,-13.65
C572754,23055,IVORY CHANDELIER T-LIGHT HOLDER,-48,10/25/2011 17:29,1,15482,United Kingdom,-48
C580966,23212,HEART WREATH DECORATION WITH BELL,-12,12/6/2011 14:52,1.25,16554,United Kingdom,-15
C545852,85123A,WHITE HANGING HEART T-LIGHT HOLDER,-8,3/7/2011 13:49,2.95,14048,United Kingdom,-23.6
C570828,90177E,DROP DIAMANTE EARRINGS GREEN,-6,10/12/2011 13:15,2.95,14911,EIRE,-17.7
553396,22423,damages,-21,5/16/2011 16:48,0,Guest,United Kingdom,0
C576183,22556,PLASTERS IN TIN CIRCUS PARADE ,-12,11/14/2011 11:23,1.65,12476,Germany,-19.8
C548460,22427,ENAMEL FLOWER JUG CREAM,-3,3/31/2011 11:58,5.95,16801,United Kingdom,-17.85
C546080,22423,REGENCY CAKESTAND 3 TIER,-1,3/9/2011 11:18,12.75,15078,United Kingdom,-12.75
C536548,22631,CIRCUS PARADE LUNCH BOX ,-1,12/1/2010 14:33,1.95,12472,Germany,-1.95
C544458,22632,HAND WARMER RED RETROSPOT,-1,2/20/2011 13:48,2.1,14667,United Kingdom,-2.1
C571695,23002,TRAVEL CARD WALLET SKULLS,-24,10/18/2011 14:46,0.42,14776,United Kingdom,-10.08
C567867,M,Manual,-5,9/22/2011 14:18,0.8,16669,United Kingdom,-4
C569989,23313,VINTAGE CHRISTMAS BUNTING,-5,10/6/2011 20:08,4.95,16839,United Kingdom,-24.75
C570867,21974,SET OF 36 PAISLEY FLOWER DOILIES,-12,10/12/2011 16:17,1.45,12607,USA,-17.4
C546241,21899,"KEY FOB , GARAGE DESIGN",-18,3/10/2011 13:04,0.65,14903,United Kingdom,-11.7
C570683,85174,S/4 CACTI CANDLES,-1,10/11/2011 16:09,4.95,16161,United Kingdom,-4.95
C549788,22960,JAM MAKING SET WITH JARS,-2,4/12/2011 11:59,4.25,13098,United Kingdom,-8.5
C537853,22960,JAM MAKING SET WITH JARS,-2,12/8/2010 15:57,4.25,13370,United Kingdom,-8.5
C546997,22991,GIRAFFE WOODEN RULER,-6,3/18/2011 13:32,1.95,12748,United Kingdom,-11.7
549506,22415,Unknown,-31,4/8/2011 15:07,0,Guest,United Kingdom,0
554017,22520,Unknown,-101,5/20/2011 13:15,0,Guest,United Kingdom,0
C543790,22467,GUMBALL COAT RACK,-1,2/11/2011 17:12,2.55,17071,United Kingdom,-2.55
C559347,20836,FRENCH PAISLEY CUSHION COVER,-12,7/7/2011 17:22,0.83,18072,United Kingdom,-9.96
C569949,22720,SET OF 3 CAKE TINS PANTRY DESIGN ,-1,10/6/2011 18:27,4.95,12584,Italy,-4.95
C542150,22319,HAIRCLIPS FORTIES FABRIC ASSORTED,-6,1/26/2011 10:30,0.65,14049,United Kingdom,-3.9
C574028,21705,BAG 500g SWIRLY MARBLES,-1,11/2/2011 12:33,1.65,14493,United Kingdom,-1.65
C578832,22381,TOY TIDY PINK POLKADOT,-8,11/25/2011 15:18,2.1,13069,United Kingdom,-16.8
C557947,22423,REGENCY CAKESTAND 3 TIER,-4,6/23/2011 16:15,10.95,13089,United Kingdom,-43.8
C572489,22470,HEART OF WICKER LARGE,-1,10/24/2011 13:59,2.95,17119,United Kingdom,-2.95
C549692,21668,RED STRIPE CERAMIC DRAWER KNOB,-1,4/11/2011 13:43,1.06,13668,United Kingdom,-1.06
C542426,22746,POPPY'S PLAYHOUSE LIVINGROOM ,-6,1/28/2011 9:32,2.1,14146,United Kingdom,-12.6
C554486,82582,AREA PATROLLED METAL SIGN,-1,5/24/2011 13:25,2.1,13168,United Kingdom,-2.1
C575940,21875,KINGS CHOICE MUG,-24,11/13/2011 11:38,1.25,17838,United Kingdom,-30
C575150,23240,SET OF 4 KNICK KNACK TINS DOILY ,-3,11/8/2011 16:05,4.15,12471,Germany,-12.45
C536814,85066,CREAM SWEETHEART MINI CHEST,-2,12/2/2010 17:03,12.75,13958,United Kingdom,-25.5
574822,85036B,damages wax,-1284,11/7/2011 10:38,0,Guest,United Kingdom,0
C570828,90018C,SILVER BLACK ORBIT DROP EARRINGS,-1,10/12/2011 13:15,4.25,14911,EIRE,-4.25
C555881,21498,RED RETROSPOT WRAP ,-25,6/7/2011 15:37,0.42,12473,Germany,-10.5
C548356,22423,REGENCY CAKESTAND 3 TIER,-1,3/30/2011 15:12,12.75,12472,Germany,-12.75
C560396,22578,WOODEN STAR CHRISTMAS SCANDINAVIAN,-96,7/18/2011 13:49,0.85,18087,United Kingdom,-81.6
C581235,23243,SET OF TEA COFFEE SUGAR TINS PANTRY,-1,12/8/2011 10:34,4.95,15950,United Kingdom,-4.95
C563606,22847,BREAD BIN DINER STYLE IVORY,-1,8/18/2011 6:30,16.95,13925,United Kingdom,-16.95
C573098,23013,GLASS APOTHECARY BOTTLE TONIC,-1,10/27/2011 14:45,3.95,15088,United Kingdom,-3.95
C558329,21927,BLUE/CREAM STRIPE CUSHION COVER ,-12,6/28/2011 12:09,1.25,17900,United Kingdom,-15
C571711,82486,3 DRAWER ANTIQUE WHITE WOOD CABINET,-1,10/18/2011 16:21,8.95,15296,United Kingdom,-8.95
537425,84968F,check,-20,12/6/2010 15:35,0,Guest,United Kingdom,0
C566741,23433,HANGING QUILTED PATCHWORK APPLES,-12,9/14/2011 14:55,0.83,15618,United Kingdom,-9.96
C550709,21232,STRAWBERRY CERAMIC TRINKET BOX,-1,4/20/2011 10:53,1.25,12997,United Kingdom,-1.25
C552552,22796,PHOTO FRAME 3 CLASSIC HANGING,-12,5/10/2011 10:51,8.5,16525,United Kingdom,-102
C562800,21559,STRAWBERRY LUNCH BOX WITH CUTLERY,-2,8/9/2011 14:34,2.55,16401,United Kingdom,-5.1
C580766,22667,RECIPE BOX RETROSPOT ,-1,12/6/2011 10:46,2.55,14562,United Kingdom,-2.55
C542910,22671,FRENCH LAUNDRY SIGN BLUE METAL,-1,2/1/2011 15:38,1.45,17511,United Kingdom,-1.45
C543375,22087,PAPER BUNTING WHITE LACE,-18,2/7/2011 15:09,2.95,16321,Australia,-53.1
C574526,22273,FELTCRAFT DOLL MOLLY,-2,11/4/2011 13:57,2.95,14567,United Kingdom,-5.9
577112,22586,check,-30,11/17/2011 17:55,0,Guest,United Kingdom,0
C542403,22776,SWEETHEART CAKESTAND 3 TIER,-3,1/27/2011 16:07,9.95,13534,United Kingdom,-29.85
C567708,22900,SET 2 TEA TOWELS I LOVE LONDON ,-7,9/22/2011 9:53,3.25,15201,United Kingdom,-22.75
C541863,82583,HOT BATHS METAL SIGN,-5,1/23/2011 16:08,1.69,13798,United Kingdom,-8.45
579731,35648,check,-46,11/30/2011 14:23,0,Guest,United Kingdom,0
C567948,22047,EMPIRE GIFT WRAP,-25,9/23/2011 8:21,0.42,14769,United Kingdom,-10.5
C574472,22791,T-LIGHT GLASS FLUTED ANTIQUE,-1,11/4/2011 12:01,1.25,17690,United Kingdom,-1.25
C553531,S,SAMPLES,-1,5/17/2011 15:09,15.5,Guest,United Kingdom,-15.5
C560585,22179,SET 10 NIGHT OWL LIGHTS,-21,7/19/2011 15:47,5.95,13941,United Kingdom,-124.95
C540393,85042,ANTIQUE LILY FAIRY LIGHTS,-1,1/6/2011 18:08,4.95,17428,United Kingdom,-4.95
C579871,20727,LUNCH BAG  BLACK SKULL.,-1,11/30/2011 16:54,1.65,16101,United Kingdom,-1.65
C538725,22680,FRENCH BLUE METAL DOOR SIGN 5,-20,12/14/2010 11:16,1.25,16955,United Kingdom,-25
C566460,23189,SET OF 12 FORK CANDLES,-1,9/12/2011 17:19,2.89,18223,United Kingdom,-2.89
C565425,22526,WHEELBARROW FOR CHILDREN ,-3,9/4/2011 12:40,12.75,15561,United Kingdom,-38.25
C543605,82486,WOOD S/3 CABINET ANT WHITE FINISH,-4,2/10/2011 14:11,8.95,13110,United Kingdom,-35.8
C546206,22064,PINK DOUGHNUT TRINKET POT ,-1,3/10/2011 11:15,1.65,13014,United Kingdom,-1.65
C572334,23319,BOX OF 6 MINI 50'S CRACKERS,-48,10/24/2011 10:25,2.08,14607,United Kingdom,-99.84
561503,22194,Unknown,-4,7/27/2011 14:14,0,Guest,United Kingdom,0
C577383,22064,PINK DOUGHNUT TRINKET POT ,-13,11/18/2011 16:48,1.65,13091,United Kingdom,-21.45
C571695,22951,60 CAKE CASES DOLLY GIRL DESIGN,-24,10/18/2011 14:46,0.55,14776,United Kingdom,-13.2
C568232,23008,DOLLY GIRL BABY GIFT SET,-2,9/26/2011 11:27,16.95,14808,United Kingdom,-33.9
C578124,21890,S/6 WOODEN SKITTLES IN COTTON BAG,-1,11/23/2011 10:30,3.25,14049,United Kingdom,-3.25
577124,22759,check,-327,11/17/2011 18:41,0,Guest,United Kingdom,0
C570867,21212,PACK OF 72 RETROSPOT CAKE CASES,-24,10/12/2011 16:17,0.55,12607,USA,-13.2
C546997,22948,METAL DECORATION NAUGHTY CHILDREN ,-6,3/18/2011 13:32,0.85,12748,United Kingdom,-5.1
C555365,23066,SMALL DECO JEWELLERY STAND,-1,6/2/2011 14:24,8.25,15791,United Kingdom,-8.25
C578363,21843,RED RETROSPOT CAKE STAND,-72,11/24/2011 10:40,9.95,15482,United Kingdom,-716.4
C563752,22891,TEA FOR ONE POLKADOT,-1,8/19/2011 10:38,4.25,12362,Belgium,-4.25
C541885,85123A,WHITE HANGING HEART T-LIGHT HOLDER,-1,1/24/2011 11:14,2.95,16782,United Kingdom,-2.95
552050,84916,Unknown,-32,5/6/2011 10:08,0,Guest,United Kingdom,0
C558088,22767,TRIPLE PHOTO FRAME CORNICE ,-10,6/26/2011 12:08,9.95,14475,United Kingdom,-99.5
C558444,82483,WOOD 2 DRAWER CABINET WHITE FINISH,-1,6/29/2011 13:29,5.95,15311,United Kingdom,-5.95
C566939,22784,LANTERN CREAM GAZEBO ,-1,9/15/2011 16:11,4.25,14111,United Kingdom,-4.25
C560880,22666,RECIPE BOX PANTRY YELLOW DESIGN,-3,7/21/2011 15:39,2.95,15152,United Kingdom,-8.85
C561233,85211,S/4 GROOVY CAT MAGNETS,-2,7/26/2011 10:24,0.79,17422,United Kingdom,-1.58
C558463,21535,RED RETROSPOT SMALL MILK JUG,-1,6/29/2011 15:14,2.55,13982,United Kingdom,-2.55
C537379,22865,HAND WARMER OWL DESIGN,-10,12/6/2010 13:12,2.1,15882,United Kingdom,-21
C549688,20726,LUNCH BAG WOODLAND,-1,4/11/2011 13:36,1.65,15449,United Kingdom,-1.65
C575666,75049L,LARGE CIRCULAR MIRROR MOBILE,-2,11/10/2011 14:55,1.25,18092,United Kingdom,-2.5
542883,21448,Unknown,-40,2/1/2011 13:07,0,Guest,United Kingdom,0
C539575,22360,GLASS JAR ENGLISH CONFECTIONERY,-11,12/20/2010 12:23,2.55,13089,United Kingdom,-28.05
C543643,21564,PINK  HEART SHAPE LOVE BUCKET ,-1,2/10/2011 17:44,2.95,16161,United Kingdom,-2.95
547606,22173,Unknown,-22,3/24/2011 11:26,0,Guest,United Kingdom,0
C550475,82581,TOILET METAL SIGN,-2,4/18/2011 13:59,0.42,13798,United Kingdom,-0.84
C560289,22766,PHOTO FRAME CORNICE,-3,7/18/2011 10:14,2.95,16398,United Kingdom,-8.85
552653,22926,Unknown,-48,5/10/2011 14:12,0,Guest,United Kingdom,0
C562795,22192,BLUE DINER WALL CLOCK,-1,8/9/2011 14:23,8.5,13709,United Kingdom,-8.5
C572463,22424,ENAMEL BREAD BIN CREAM,-2,10/24/2011 13:07,12.75,17652,United Kingdom,-25.5
C555384,21155,RED RETROSPOT PEG BAG,-1,6/2/2011 15:20,2.55,13534,United Kingdom,-2.55
548980,22114,Unknown,-194,4/5/2011 12:21,0,Guest,United Kingdom,0
C556888,85123A,WHITE HANGING HEART T-LIGHT HOLDER,-1,6/15/2011 12:37,2.95,15005,United Kingdom,-2.95
C559105,20728,LUNCH BAG CARS BLUE,-1,7/6/2011 11:10,1.65,16393,United Kingdom,-1.65
C557657,22776,SWEETHEART CAKESTAND 3 TIER,-2,6/21/2011 17:40,8.5,13763,United Kingdom,-17
C562992,22847,BREAD BIN DINER STYLE IVORY,-1,8/11/2011 11:48,16.95,12885,United Kingdom,-16.95
C564232,85159B,"WHITE TEA,COFFEE,SUGAR JARS",-8,8/24/2011 10:25,1.95,13517,United Kingdom,-15.6
C563600,22627,MINT KITCHEN SCALES,-1,8/18/2011 6:24,8.5,14911,EIRE,-8.5
C549753,22162,HEART GARLAND RUSTIC PADDED,-8,4/12/2011 11:17,2.95,13268,United Kingdom,-23.6
C562943,23316,RED REFECTORY CLOCK ,-1,8/11/2011 9:16,9.95,12693,Germany,-9.95
C543837,22698,PINK REGENCY TEACUP AND SAUCER,-1,2/14/2011 10:56,2.95,14431,United Kingdom,-2.95
C548695,82483,WOOD 2 DRAWER CABINET WHITE FINISH,-1,4/3/2011 10:08,6.95,17243,United Kingdom,-6.95
C546559,84978,HANGING HEART JAR T-LIGHT HOLDER,-12,3/15/2011 10:24,1.25,12727,France,-15
C563483,21713,CITRONELLA CANDLE FLOWERPOT,-3,8/16/2011 15:59,2.1,14175,United Kingdom,-6.3
C572467,POST,POSTAGE,-1,10/24/2011 13:29,42.05,Guest,United Kingdom,-42.05
C580766,22840,ROUND CAKE TIN VINTAGE RED,-1,12/6/2011 10:46,7.95,14562,United Kingdom,-7.95
C569117,23408,PHOTO FRAME LINEN AND LACE SMALL,-2,9/30/2011 12:54,2.08,17506,United Kingdom,-4.16
C578124,21915,RED  HARMONICA IN BOX ,-1,11/23/2011 10:30,1.25,14049,United Kingdom,-1.25
C550423,23049,RECYCLED ACAPULCO MAT RED,-1,4/18/2011 12:06,8.25,14403,United Kingdom,-8.25
C574261,21208,PASTEL COLOUR HONEYCOMB FAN,-5,11/3/2011 14:00,0.39,12683,France,-1.95
C580954,22111,SCOTTIE DOG HOT WATER BOTTLE,-4,12/6/2011 14:19,4.95,12967,United Kingdom,-19.8
C542740,22926,IVORY GIANT GARDEN THERMOMETER,-1,1/31/2011 15:59,5.95,12853,United Kingdom,-5.95
C566468,23112,PARISIENNE CURIO CABINET,-1,9/12/2011 18:14,7.5,13319,United Kingdom,-7.5
C569985,22960,JAM MAKING SET WITH JARS,-6,10/6/2011 19:51,4.25,15365,United Kingdom,-25.5
C570867,22848,BREAD BIN DINER STYLE PINK,-1,10/12/2011 16:17,16.95,12607,USA,-16.95
C577388,22423,REGENCY CAKESTAND 3 TIER,-1,11/18/2011 16:58,12.75,14911,EIRE,-12.75
C579186,23397,FOOT STOOL HOME SWEET HOME ,-2,11/28/2011 15:30,9.95,13238,United Kingdom,-19.9
C554344,22421,LIPSTICK PEN FUSCHIA,-2,5/23/2011 17:44,0.42,14032,United Kingdom,-0.84
C560317,22927,GREEN GIANT GARDEN THERMOMETER,-2,7/18/2011 10:54,5.95,15527,United Kingdom,-11.9
562212,21187,Unknown,-97,8/3/2011 13:28,0,Guest,United Kingdom,0
C538874,22244,3 HOOK HANGER MAGIC GARDEN,-1,12/14/2010 15:16,1.95,12867,United Kingdom,-1.95
C551585,22779,WOODEN OWLS LIGHT GARLAND ,-2,5/3/2011 11:23,4.25,12483,Sweden,-8.5
C564759,22960,JAM MAKING SET WITH JARS,-1,8/30/2011 10:40,4.25,14911,EIRE,-4.25
C557148,23194,GYMKHANA TREASURE BOOK BOX,-6,6/17/2011 10:52,2.25,13735,United Kingdom,-13.5
546147,21320,broken,-63,3/9/2011 16:42,0,Guest,United Kingdom,0
580546,23406,CHECK,-21,12/5/2011 9:27,0,Guest,United Kingdom,0
C544669,22320,BIRDS MOBILE VINTAGE DESIGN,-3,2/22/2011 15:22,5.95,18055,United Kingdom,-17.85
546021,85175,dotcom sold sets,-345,3/8/2011 17:27,0,Guest,United Kingdom,0
C548866,22311,OFFICE MUG WARMER BLACK+SILVER ,-1,4/4/2011 14:09,2.95,14606,United Kingdom,-2.95
551723,22136,Unknown,-23,5/3/2011 16:51,0,Guest,United Kingdom,0
C557660,85053,FRENCH ENAMEL CANDLEHOLDER,-4,6/21/2011 17:43,2.1,13999,United Kingdom,-8.4
C555908,23165,LARGE CERAMIC TOP STORAGE JAR,-1,6/7/2011 16:08,1.65,15687,United Kingdom,-1.65
C559189,22232,JIGSAW TOADSTOOLS 3 PIECE,-16,7/7/2011 10:25,0.59,12626,Germany,-9.44
C556101,23169,CLASSIC GLASS COOKIE JAR,-1,6/8/2011 16:06,4.15,15643,United Kingdom,-4.15
554553,47566B,incorrectly credited C550456 see 47,-1300,5/25/2011 9:59,0,Guest,United Kingdom,0
C565050,85159B,"WHITE TEA,COFFEE,SUGAR JARS",-1,8/31/2011 17:10,1.95,12381,Norway,-1.95
C579926,23200,JUMBO BAG PEARS,-1,12/1/2011 9:19,2.08,14389,United Kingdom,-2.08
C558969,22728,ALARM CLOCK BAKELIKE PINK,-1,7/5/2011 11:01,3.75,16729,United Kingdom,-3.75
541882,48185,?,-57,1/24/2011 10:54,0,Guest,United Kingdom,0
C564490,21395,BLUE POLKADOT BEAKER ,-2,8/25/2011 14:14,0.39,13266,United Kingdom,-0.78
C567691,84029G,KNITTED UNION FLAG HOT WATER BOTTLE,-3,9/21/2011 17:04,3.75,17567,United Kingdom,-11.25
C566961,22841,ROUND CAKE TIN VINTAGE GREEN,-1,9/15/2011 17:04,7.95,13319,United Kingdom,-7.95
C539601,22768,FAMILY PHOTO FRAME CORNICE,-2,12/20/2010 13:58,9.95,14119,United Kingdom,-19.9
C548857,82483,WOOD 2 DRAWER CABINET WHITE FINISH,-1,4/4/2011 13:28,5.95,15311,United Kingdom,-5.95
C549666,22063,CERAMIC BOWL WITH STRAWBERRY DESIGN,-1,4/11/2011 12:17,2.95,13113,United Kingdom,-2.95
C570099,37449,CERAMIC CAKE STAND + HANGING CAKES,-1,10/7/2011 12:11,8.5,13798,United Kingdom,-8.5
C581012,21232,STRAWBERRY CERAMIC TRINKET POT,-1,12/7/2011 9:24,1.25,13014,United Kingdom,-1.25
C579944,23462,ROCOCO WALL MIRROR WHITE,-1,12/1/2011 10:38,19.95,15021,United Kingdom,-19.95
C580968,23485,BOTANICAL GARDENS WALL CLOCK ,-1,12/6/2011 14:57,25,15622,United Kingdom,-25
C549666,84839,SWEETHEART KEY CABINET,-1,4/11/2011 12:17,5.55,13113,United Kingdom,-5.55
561107,84763,Unknown,-5,7/25/2011 11:42,0,Guest,United Kingdom,0
C580913,22536,MAGIC DRAWING SLATE PURDEY,-120,12/6/2011 13:41,0.36,17857,United Kingdom,-43.2
C554905,15044B,BLUE PAPER PARASOL ,-1,5/27/2011 11:17,2.95,14191,United Kingdom,-2.95
C562375,23157,SET OF 6 NATIVITY MAGNETS ,-240,8/4/2011 14:46,1.85,14911,EIRE,-444
C579178,22943,CHRISTMAS LIGHTS 10 VINTAGE BAUBLES,-3,11/28/2011 14:55,4.95,12362,Belgium,-14.85
551441,85136B,Unknown,-4,4/28/2011 15:50,0,Guest,United Kingdom,0
C570845,22197,POPCORN HOLDER,-3,10/12/2011 14:29,0.72,17017,United Kingdom,-2.16
C557945,85099C,JUMBO  BAG BAROQUE BLACK WHITE,-1,6/23/2011 16:11,2.08,18223,United Kingdom,-2.08
C561725,21672,WHITE SPOT RED CERAMIC DRAWER KNOB,-1,7/29/2011 12:10,1.25,17841,United Kingdom,-1.25
C565428,M,Manual,-1,9/4/2011 12:53,4.25,12867,United Kingdom,-4.25
C543760,37449,CERAMIC CAKE STAND + HANGING CAKES,-4,2/11/2011 15:12,8.5,15638,United Kingdom,-34
C564748,21672,WHITE SPOT RED CERAMIC DRAWER KNOB,-24,8/30/2011 8:00,1.25,14911,EIRE,-30
C574902,AMAZONFEE,AMAZON FEE,-1,11/7/2011 15:21,8286.22,Guest,United Kingdom,-8286.22
C572334,23284,DOORMAT KEEP CALM AND COME IN,-10,10/24/2011 10:25,7.08,14607,United Kingdom,-70.8
C562803,23187,FRENCH STYLE STORAGE JAR BONBONS,-10,8/9/2011 14:43,0.29,15628,United Kingdom,-2.9
572891,23343,20713,-400,10/26/2011 14:14,0,Guest,United Kingdom,0
C564207,22457,NATURAL SLATE HEART CHALKBOARD ,-2,8/24/2011 9:06,2.55,15270,United Kingdom,-5.1
C570845,23328,SET 6 SCHOOL MILK BOTTLES IN CRATE,-1,10/12/2011 14:29,3.39,17017,United Kingdom,-3.39
C541707,21231,SWEETHEART CERAMIC TRINKET BOX,-4,1/21/2011 11:07,1.06,18223,United Kingdom,-4.24
C573321,23014,GLASS APOTHECARY BOTTLE ELIXIR,-1,10/30/2011 10:35,3.95,14546,United Kingdom,-3.95
C574527,22112,CHOCOLATE HOT WATER BOTTLE,-24,11/4/2011 13:58,4.04,14156,EIRE,-96.96
C558128,23270,SET OF 2 CERAMIC PAINTED HEARTS ,-6,6/27/2011 11:14,1.45,13742,United Kingdom,-8.7
C575578,22568,FELTCRAFT CUSHION OWL,-2,11/10/2011 11:48,3.75,15358,United Kingdom,-7.5
C547388,21914,BLUE HARMONICA IN BOX ,-12,3/22/2011 16:07,1.25,12352,Norway,-15
C562281,23020,GLASS  SONGBIRD STORAGE JAR,-1,8/4/2011 10:36,12.5,12476,Germany,-12.5
556122,85019C,Damaged,-108,6/9/2011 10:12,0,Guest,United Kingdom,0
C537797,22501,PICNIC BASKET WICKER LARGE,-1,12/8/2010 13:07,8.5,13113,United Kingdom,-8.5
C559193,22659,LUNCH BOX I LOVE LONDON,-1,7/7/2011 10:26,1.95,12379,Belgium,-1.95
C581322,22666,RECIPE BOX PANTRY YELLOW DESIGN,-1,12/8/2011 11:51,2.95,18223,United Kingdom,-2.95
C565044,21731,RED TOADSTOOL LED NIGHT LIGHT,-126,8/31/2011 17:02,1.45,12931,United Kingdom,-182.7
C570122,82494L,WOODEN FRAME ANTIQUE WHITE ,-1,10/7/2011 12:58,2.95,15874,United Kingdom,-2.95
C545277,35471D,SET OF 3 BIRD LIGHT PINK FEATHER ,-1,3/1/2011 11:31,1.25,12933,United Kingdom,-1.25
C580761,22941,CHRISTMAS LIGHTS 10 REINDEER,-1,12/6/2011 10:31,8.5,17528,United Kingdom,-8.5
580218,22577,check,-300,12/2/2011 12:12,0,Guest,United Kingdom,0
C550808,22697,GREEN REGENCY TEACUP AND SAUCER,-1,4/20/2011 15:57,2.95,14323,United Kingdom,-2.95
C561623,23194,GYMKHANA TREASURE BOOK BOX,-5,7/28/2011 13:43,2.25,17677,United Kingdom,-11.25
C537860,20675,BLUE POLKADOT BOWL,-8,12/8/2010 16:15,1.25,16252,United Kingdom,-10
C577196,48116,DOORMAT MULTICOLOUR STRIPE,-1,11/18/2011 11:45,8.25,16924,United Kingdom,-8.25
C548460,22429,ENAMEL MEASURING JUG CREAM,-4,3/31/2011 11:58,4.25,16801,United Kingdom,-17
C547961,21929,JUMBO BAG PINK VINTAGE PAISLEY,-100,3/28/2011 15:30,1.65,15032,United Kingdom,-165
C559939,22568,FELTCRAFT CUSHION OWL,-4,7/14/2011 10:19,3.75,14426,United Kingdom,-15
C546400,21042,RED RETROSPOT APRON ,-2,3/11/2011 15:02,5.95,17994,United Kingdom,-11.9
C565848,22964,3 PIECE SPACEBOY COOKIE CUTTER SET,-1,9/7/2011 12:48,2.1,14606,United Kingdom,-2.1
C538882,21791,VINTAGE HEADS AND TAILS CARD GAME ,-12,12/14/2010 15:56,1.25,12797,Portugal,-15
C539576,15056P,EDWARDIAN PARASOL PINK,-6,12/20/2010 12:25,5.95,14911,EIRE,-35.7
C576647,85036A,GARDENIA 1 WICK MORRIS BOXED CANDLE,-1,11/16/2011 10:23,1.25,15584,United Kingdom,-1.25
C548503,21539,RED RETROSPOT BUTTER DISH,-1,3/31/2011 14:23,4.95,14410,United Kingdom,-4.95
C569994,21479,WHITE SKULL HOT WATER BOTTLE ,-18,10/6/2011 20:33,3.39,15606,United Kingdom,-61.02
C573092,23207,LUNCH BAG ALPHABET DESIGN,-66,10/27/2011 14:38,1.45,13791,United Kingdom,-95.7
C555288,84945,MULTI COLOUR SILVER T-LIGHT HOLDER,-6,6/2/2011 9:57,0.85,12431,Australia,-5.1
C540948,22665,RECIPE BOX BLUE SKETCHBOOK DESIGN,-1,1/12/2011 12:47,2.95,13093,United Kingdom,-2.95
C579923,22505,MEMO BOARD COTTAGE DESIGN,-1,12/1/2011 9:06,4.95,17071,United Kingdom,-4.95
555506,21397,damaged,-57,6/3/2011 16:03,0,Guest,United Kingdom,0
558307,22088,Unknown,-39,6/28/2011 11:02,0,Guest,United Kingdom,0
C567716,21216,"SET 3 RETROSPOT TEA,COFFEE,SUGAR",-1,9/22/2011 10:16,4.95,14543,United Kingdom,-4.95
C544679,20983,12 PENCILS TALL TUBE RED RETROSPOT,-4,2/22/2011 16:15,0.85,12616,France,-3.4
C571346,23111,PARISIENNE SEWING BOX,-1,10/17/2011 11:46,12.5,16101,United Kingdom,-12.5
C563607,22729,ALARM CLOCK BAKELIKE ORANGE,-2,8/18/2011 6:31,3.75,13078,United Kingdom,-7.5
C539599,22810,SET OF 6 T-LIGHTS SNOWMEN,-6,12/20/2010 13:55,2.95,17951,United Kingdom,-17.7
C560409,22897,OVEN MITT APPLES DESIGN,-10,7/18/2011 14:24,1.45,16717,United Kingdom,-14.5
569878,90057,crushed boxes,-380,10/6/2011 15:12,0,Guest,United Kingdom,0
C579554,22588,CARD HOLDER GINGHAM HEART,-2,11/30/2011 11:05,2.89,13924,United Kingdom,-5.78
C567704,23288,GREEN VINTAGE SPOT BEAKER,-8,9/22/2011 9:41,0.85,17716,United Kingdom,-6.8
C575606,CRUK,CRUK Commission,-1,11/10/2011 12:37,517.51,14096,United Kingdom,-517.51
C571858,23149,ANTIQUE IVORY WIRE BOWL SMALL,-5,10/19/2011 13:38,2.49,14257,United Kingdom,-12.45
C566613,D,Discount,-1,9/13/2011 17:17,15,16029,United Kingdom,-15
C570867,22551,PLASTERS IN TIN SPACEBOY,-12,10/12/2011 16:17,1.65,12607,USA,-19.8
C572482,22154,ANGEL DECORATION 3 BUTTONS ,-3,10/24/2011 13:48,0.42,17314,United Kingdom,-1.26
548887,35824B,Unknown,-8,4/4/2011 15:24,0,Guest,United Kingdom,0
C570867,22959,WRAP CHRISTMAS VILLAGE,-25,10/12/2011 16:17,0.42,12607,USA,-10.5
C548460,48194,DOORMAT HEARTS,-2,3/31/2011 11:58,7.95,16801,United Kingdom,-15.9
C550442,22197,SMALL POPCORN HOLDER,-1,4/18/2011 12:28,0.85,16550,United Kingdom,-0.85
C554540,23167,SMALL CERAMIC TOP STORAGE JAR ,-3,5/24/2011 17:49,0.69,15125,United Kingdom,-2.07
C560932,85025C,PINK HEART SHAPE PHOTO FRAME,-1,7/22/2011 10:29,1.65,15005,United Kingdom,-1.65
C573864,23169,CLASSIC GLASS COOKIE JAR,-1,11/1/2011 11:55,3.75,15311,United Kingdom,-3.75
C540796,22168,ORGANISER WOOD ANTIQUE WHITE ,-1,1/11/2011 12:03,8.5,15107,United Kingdom,-8.5
C541090,35471D,SET OF 3 BIRD LIGHT PINK FEATHER ,-1,1/13/2011 12:52,1.25,17406,United Kingdom,-1.25
551444,35809B,Unknown,-4,4/28/2011 15:58,0,Guest,United Kingdom,0
C539270,22666,RECIPE BOX PANTRY YELLOW DESIGN,-1,12/16/2010 15:27,2.95,14777,United Kingdom,-2.95
C572991,22423,REGENCY CAKESTAND 3 TIER,-1,10/27/2011 10:56,12.75,17672,United Kingdom,-12.75
C568879,84032B,CHARLIE + LOLA RED HOT WATER BOTTLE,-4,9/29/2011 12:38,2.95,14680,United Kingdom,-11.8
C581464,71477,COLOURED GLASS STAR T-LIGHT HOLDER,-6,12/8/2011 18:57,3.95,15951,United Kingdom,-23.7
C563553,85123A,WHITE HANGING HEART T-LIGHT HOLDER,-1,8/17/2011 13:14,2.95,16755,United Kingdom,-2.95
C542781,21731,RED TOADSTOOL LED NIGHT LIGHT,-12,2/1/2011 9:38,1.65,12626,Germany,-19.8
C539258,21258,VICTORIAN SEWING BOX LARGE,-2,12/16/2010 14:30,10.95,16233,United Kingdom,-21.9
C567348,23410,CURIO CABINET LINEN AND LACE ,-1,9/19/2011 15:57,8.15,15755,United Kingdom,-8.15
C556096,23084,RABBIT NIGHT LIGHT,-1,6/8/2011 15:29,2.08,13599,United Kingdom,-2.08
550753,84763,Display,-150,4/20/2011 11:53,0,Guest,United Kingdom,0
C544553,22727,ALARM CLOCK BAKELIKE RED ,-1,2/21/2011 12:09,3.75,14092,United Kingdom,-3.75
C568348,82582,AREA PATROLLED METAL SIGN,-9,9/26/2011 15:34,2.1,17997,United Kingdom,-18.9
C548667,22231,JIGSAW TREE WITH BIRDHOUSE,-15,4/1/2011 15:00,1.45,12781,Czech Republic,-21.75
C559738,22607,WOODEN ROUNDERS GARDEN SET ,-1,7/12/2011 10:56,9.95,18193,United Kingdom,-9.95
C565848,21479,WHITE SKULL HOT WATER BOTTLE ,-1,9/7/2011 12:48,4.25,14606,United Kingdom,-4.25
C570290,22384,LUNCH BAG PINK POLKADOT,-10,10/10/2011 11:54,1.65,14665,United Kingdom,-16.5
C545639,22423,REGENCY CAKESTAND 3 TIER,-1,3/4/2011 12:28,10.95,13113,United Kingdom,-10.95
C554856,21534,DAIRY MAID LARGE MILK JUG,-2,5/27/2011 9:55,4.95,17166,United Kingdom,-9.9
C572228,22835,HOT WATER BOTTLE I AM SO POORLY,-2,10/21/2011 14:03,4.65,15728,United Kingdom,-9.3
C542273,20980,36 PENCILS TUBE POSY,-9,1/27/2011 10:01,1.25,12578,Italy,-11.25
556013,21662,Unknown,-17,6/8/2011 11:46,0,Guest,United Kingdom,0
C558347,S,SAMPLES,-1,6/28/2011 14:47,3.59,Guest,United Kingdom,-3.59
C550646,22962,JAM JAR WITH PINK LID,-3,4/19/2011 16:32,0.85,16873,United Kingdom,-2.55
C560540,20979,36 PENCILS TUBE RED RETROSPOT,-1,7/19/2011 12:26,1.25,12415,Australia,-1.25
C555874,23080,RED METAL BOX TOP SECRET,-1,6/7/2011 15:14,8.25,17162,United Kingdom,-8.25
C542588,21313,GLASS HEART T-LIGHT HOLDER ,-5,1/28/2011 15:57,0.85,12997,United Kingdom,-4.25
C576968,21671,RED SPOT CERAMIC DRAWER KNOB,-11,11/17/2011 11:51,1.45,13668,United Kingdom,-15.95
C560649,84857B,BLUE MONTE CARLO HANDBAG,-2,7/20/2011 11:35,1.95,17581,United Kingdom,-3.9
C565789,84949,SILVER HANGING T-LIGHT HOLDER,-5,9/7/2011 9:07,1.65,16735,United Kingdom,-8.25
568084,84927A,Unknown,-7,9/23/2011 14:38,0,Guest,United Kingdom,0
543257,84611B,thrown away,-1430,2/4/2011 16:06,0,Guest,United Kingdom,0
537009,84534B,Unknown,-80,12/3/2010 15:38,0,Guest,United Kingdom,0
C546997,22052,VINTAGE CARAVAN GIFT WRAP,-25,3/18/2011 13:32,0.42,12748,United Kingdom,-10.5
545560,37464,Unknown,-2,3/3/2011 16:12,0,Guest,United Kingdom,0
C564905,POST,POSTAGE,-1,8/31/2011 12:16,79.68,17450,United Kingdom,-79.68
C547168,84750A,PINK SMALL GLASS CAKE STAND,-24,3/21/2011 12:10,1.95,13593,United Kingdom,-46.8
C540417,20719,WOODLAND CHARLOTTE BAG,-30,1/7/2011 10:56,0.85,13680,United Kingdom,-25.5
C576226,22591,CARDHOLDER GINGHAM CHRISTMAS TREE,-1,11/14/2011 13:10,3.25,13268,United Kingdom,-3.25
C569655,22729,ALARM CLOCK BAKELIKE ORANGE,-2,10/5/2011 12:58,3.75,14534,United Kingdom,-7.5
C562709,82484,WOOD BLACK BOARD ANT WHITE FINISH,-1,8/8/2011 14:32,6.75,17511,United Kingdom,-6.75
C541231,22423,REGENCY CAKESTAND 3 TIER,-1,1/14/2011 16:55,12.75,13455,United Kingdom,-12.75
C546735,22933,BAKING MOULD EASTER EGG MILK CHOC,-144,3/16/2011 11:50,2.1,16029,United Kingdom,-302.4
551735,21656,samples,-19,5/4/2011 10:25,0,Guest,United Kingdom,0
C541415,21527,RED RETROSPOT TRADITIONAL TEAPOT ,-1,1/17/2011 16:20,7.95,14292,United Kingdom,-7.95
C559470,22193,RED DINER WALL CLOCK,-1,7/8/2011 13:38,8.5,15615,United Kingdom,-8.5
C542404,85099F,JUMBO BAG STRAWBERRY,-1,1/27/2011 16:08,1.95,13534,United Kingdom,-1.95
C561229,22796,PHOTO FRAME 3 CLASSIC HANGING,-2,7/26/2011 10:18,9.95,17096,United Kingdom,-19.9
C566467,23201,JUMBO BAG ALPHABET,-7,9/12/2011 18:04,2.08,14688,United Kingdom,-14.56
C570867,23372,SET 36 COLOUR PENCILS DOLLY GIRL,-16,10/12/2011 16:17,1.25,12607,USA,-20
C548947,22158,3 HEARTS HANGING DECORATION RUSTIC,-1,4/5/2011 10:45,2.95,14546,United Kingdom,-2.95
C567519,22322,BIRD DECORATION GREEN POLKADOT,-12,9/20/2011 16:30,0.85,12474,Germany,-10.2
C578371,20679,EDWARDIAN PARASOL RED,-2,11/24/2011 11:16,5.95,14410,United Kingdom,-11.9
C539644,22908,PACK OF 20 NAPKINS RED APPLES,-1,12/20/2010 15:52,0.85,12471,Germany,-0.85
C563249,21704,BAG 250g SWIRLY MARBLES,-1,8/15/2011 11:35,0.72,16656,United Kingdom,-0.72
C577547,23395,BELLE JARDINIERE CUSHION COVER,-1,11/20/2011 14:48,3.75,17841,United Kingdom,-3.75
C562097,85099B,JUMBO BAG RED RETROSPOT,-1,8/2/2011 13:19,1.79,15311,United Kingdom,-1.79
C561684,22423,REGENCY CAKESTAND 3 TIER,-1,7/28/2011 19:36,12.75,13136,United Kingdom,-12.75
C580966,21314,SMALL GLASS HEART TRINKET POT,-4,12/6/2011 14:52,2.1,16554,United Kingdom,-8.4
576776,21811,check,-240,11/16/2011 13:22,0,Guest,United Kingdom,0
C539566,79000,MOROCCAN TEA GLASS,-3,12/20/2010 11:56,0.65,16705,United Kingdom,-1.95
C548532,82494L,WOODEN FRAME ANTIQUE WHITE ,-96,3/31/2011 17:16,2.55,14031,United Kingdom,-244.8
C538874,21877,HOME SWEET HOME MUG,-2,12/14/2010 15:16,1.25,12867,United Kingdom,-2.5
C543347,22423,REGENCY CAKESTAND 3 TIER,-2,2/7/2011 12:44,12.75,12472,Germany,-25.5
C563375,23073,GEORGIAN TRINKET BOX,-1,8/16/2011 10:27,12.5,14911,EIRE,-12.5
C569390,M,Manual,-1,10/3/2011 16:53,32.22,15502,United Kingdom,-32.22
C561319,22609,PENS ASSORTED SPACEBALL,-36,7/26/2011 12:43,0.19,15106,United Kingdom,-6.84
C547104,85194L,HANGING SPRING FLOWER EGG LARGE,-8,3/21/2011 11:02,0.85,16817,United Kingdom,-6.8
C560556,22360,GLASS JAR ENGLISH CONFECTIONERY,-2,7/19/2011 13:04,2.95,13089,United Kingdom,-5.9
C544674,22379,RECYCLING BAG RETROSPOT ,-1,2/22/2011 15:48,2.1,13421,United Kingdom,-2.1
538072,22423,faulty,-13,12/9/2010 14:10,0,Guest,United Kingdom,0
C581228,23210,WHITE ROCKING HORSE HAND PAINTED,-12,12/8/2011 10:06,1.25,16019,United Kingdom,-15
C575752,23212,HEART WREATH DECORATION WITH BELL,-12,11/11/2011 10:40,1.25,13500,United Kingdom,-15
C548460,21873,IF YOU CAN'T STAND THE HEAT MUG,-12,3/31/2011 11:58,1.25,16801,United Kingdom,-15
C554873,23099,FRENCH CARRIAGE LANTERN,-1,5/27/2011 11:00,6.65,13988,United Kingdom,-6.65
C538713,22838,3 TIER CAKE TIN RED AND CREAM,-2,12/14/2010 10:53,14.95,16570,United Kingdom,-29.9
569884,90164B,Unknown,-14,10/6/2011 15:16,0,Guest,United Kingdom,0
C551865,22558,CLOTHES PEGS RETROSPOT PACK 24 ,-1,5/4/2011 16:23,1.65,17644,United Kingdom,-1.65
C574922,22631,CIRCUS PARADE LUNCH BOX ,-12,11/7/2011 16:39,1.95,15502,United Kingdom,-23.4
C545444,22729,ALARM CLOCK BAKELIKE ORANGE,-1,3/2/2011 16:24,3.75,13767,United Kingdom,-3.75
C560540,23291,DOLLY GIRL CHILDRENS CUP,-1,7/19/2011 12:26,1.25,12415,Australia,-1.25
573596,79323W,"Unsaleable, destroyed.",-4830,10/31/2011 15:17,0,Guest,United Kingdom,0
540564,22617,"mouldy, thrown away.",-2600,1/10/2011 10:36,0,Guest,United Kingdom,0
C543469,22504,CABIN BAG VINTAGE RETROSPOT,-1,2/8/2011 14:55,12.75,12709,Germany,-12.75
C564331,POST,POSTAGE,-1,8/24/2011 13:57,18,12569,Germany,-18
C542537,22138,BAKING SET 9 PIECE RETROSPOT ,-1,1/28/2011 13:54,4.95,12501,Germany,-4.95
C566671,47422,ASSORTED MONKEY SUCTION CUP HOOK,-1,9/14/2011 11:39,0.42,17841,United Kingdom,-0.42
C575653,23470,CARD HOLDER LOVE BIRD LARGE ,-2,11/10/2011 14:28,6.25,13988,United Kingdom,-12.5
C576561,23146,TRIPLE HOOK ANTIQUE IVORY ROSE,-1,11/15/2011 13:22,2.89,15311,United Kingdom,-2.89
567125,21246,damaged,-2,9/16/2011 13:49,0,Guest,United Kingdom,0
C563693,23184,BULL DOG BOTTLE OPENER,-2,8/18/2011 13:04,4.95,17243,United Kingdom,-9.9
C545836,21067,VINTAGE RED TEATIME MUG,-1,3/7/2011 13:19,1.25,14606,United Kingdom,-1.25
C555877,23147,SINGLE ANTIQUE ROSE HOOK IVORY,-2,6/7/2011 15:28,1.45,16218,United Kingdom,-2.9
C563948,23032,DRAWER KNOB CRACKLE GLAZE IVORY,-6,8/22/2011 10:30,1.65,13089,United Kingdom,-9.9
C569985,23254,CHILDRENS CUTLERY DOLLY GIRL ,-4,10/6/2011 19:51,4.15,15365,United Kingdom,-16.6
538058,20966,Unknown,-150,12/9/2010 13:38,0,Guest,United Kingdom,0
C540535,20914,SET/5 RED RETROSPOT LID GLASS BOWLS,-2,1/9/2011 14:17,2.95,15005,United Kingdom,-5.9
C554905,15044A,PINK PAPER PARASOL ,-1,5/27/2011 11:17,2.95,14191,United Kingdom,-2.95
C554544,M,Manual,-1,5/25/2011 9:34,102.64,Guest,United Kingdom,-102.64
560111,84874B,Unknown,-3,7/15/2011 9:52,0,Guest,United Kingdom,0
C562952,23166,MEDIUM CERAMIC TOP STORAGE JAR,-1,8/11/2011 10:10,1.25,12749,United Kingdom,-1.25
545563,20671,Unknown,-22,3/3/2011 16:13,0,Guest,United Kingdom,0
C557651,23092,LARGE ANTIQUE WHITE PHOTO FRAME,-1,6/21/2011 17:20,7.9,17428,United Kingdom,-7.9
C579932,22768,FAMILY PHOTO FRAME CORNICE,-1,12/1/2011 9:42,9.95,14950,United Kingdom,-9.95
C558354,23191,BUNDLE OF 3 RETRO NOTE BOOKS,-2,6/28/2011 14:57,1.65,14854,United Kingdom,-3.3
C566956,22424,ENAMEL BREAD BIN CREAM,-1,9/15/2011 16:45,12.75,14019,United Kingdom,-12.75
C573097,23251,VINTAGE RED ENAMEL TRIM MUG ,-18,10/27/2011 14:42,1.25,15038,United Kingdom,-22.5
C542426,21481,FAWN BLUE HOT WATER BOTTLE,-36,1/28/2011 9:32,2.55,14146,United Kingdom,-91.8
549144,21416,Unknown,-14,4/6/2011 15:28,0,Guest,United Kingdom,0
546152,72140F,throw away,-5368,3/9/2011 17:25,0,Guest,United Kingdom,0
C571346,23296,SET OF 6 TEA TIME BAKING CASES,-6,10/17/2011 11:46,1.25,16101,United Kingdom,-7.5
C557943,23146,TRIPLE HOOK ANTIQUE IVORY ROSE,-3,6/23/2011 16:09,3.29,14217,United Kingdom,-9.87
C551587,22776,SWEETHEART CAKESTAND 3 TIER,-1,5/3/2011 11:27,9.95,13505,Switzerland,-9.95
C557842,22664,TOY TIDY DOLLY GIRL DESIGN,-1,6/23/2011 10:42,2.1,14159,United Kingdom,-2.1
C577786,20719,WOODLAND CHARLOTTE BAG,-10,11/21/2011 16:27,0.72,13246,United Kingdom,-7.2
C561810,15056BL,EDWARDIAN PARASOL BLACK,-120,7/29/2011 15:12,4.95,14145,United Kingdom,-594
C570406,23191,BUNDLE OF 3 RETRO NOTE BOOKS,-1,10/10/2011 12:52,1.65,17841,United Kingdom,-1.65
C542424,22456,NATURAL SLATE CHALKBOARD LARGE ,-1,1/28/2011 9:18,4.95,18075,United Kingdom,-4.95
C554486,82483,WOOD 2 DRAWER CABINET WHITE FINISH,-1,5/24/2011 13:25,6.95,13168,United Kingdom,-6.95
C575663,21136,PAINTED METAL PEARS ASSORTED,-1,11/10/2011 14:52,1.69,13769,United Kingdom,-1.69
C557142,22965,3 TRADITIONAl BISCUIT CUTTERS  SET,-12,6/17/2011 10:06,2.1,12678,France,-25.2
C540007,22274,FELTCRAFT DOLL EMILY,-6,1/4/2011 11:08,2.95,15379,United Kingdom,-17.7
548209,21621,Unknown,-30,3/29/2011 17:21,0,Guest,United Kingdom,0
C580263,21872,GLAMOROUS  MUG,-12,12/2/2011 12:43,1.06,12536,France,-12.72
C542604,22768,FAMILY PHOTO FRAME CORNICE,-1,1/30/2011 12:35,9.95,13148,United Kingdom,-9.95
546151,21504,Unknown,-80,3/9/2011 17:04,0,Guest,United Kingdom,0
C560540,22492,MINI PAINT SET VINTAGE ,-36,7/19/2011 12:26,0.65,12415,Australia,-23.4
C550174,22229,BUNNY WOODEN PAINTED WITH FLOWER ,-2,4/14/2011 17:07,0.85,16394,United Kingdom,-1.7
C569985,23239,SET OF 4 KNICK KNACK TINS POPPIES,-6,10/6/2011 19:51,4.15,15365,United Kingdom,-24.9
549371,84921,Unknown,-17,4/8/2011 11:27,0,Guest,United Kingdom,0
C572440,22961,JAM MAKING SET PRINTED,-10,10/24/2011 12:06,1.45,17811,United Kingdom,-14.5
C567332,22726,ALARM CLOCK BAKELIKE GREEN,-1,9/19/2011 14:52,3.75,13767,United Kingdom,-3.75
C542537,21917,SET 12 KIDS  WHITE CHALK STICKS,-12,1/28/2011 13:54,0.42,12501,Germany,-5.04
C536737,22798,ANTIQUE GLASS DRESSING TABLE POT,-2,12/2/2010 13:05,2.95,15922,United Kingdom,-5.9
C542924,22423,REGENCY CAKESTAND 3 TIER,-2,2/2/2011 9:39,12.75,12559,Germany,-25.5
C551464,22745,POPPY'S PLAYHOUSE BEDROOM ,-6,4/28/2011 16:15,2.1,13085,United Kingdom,-12.6
C559348,47594A,CAROUSEL DESIGN WASHBAG,-1,7/7/2011 17:25,1.95,16550,United Kingdom,-1.95
C570484,21696,SMALL SILVER TRELLIS CANDLEPOT,-12,10/10/2011 17:08,2.95,14911,EIRE,-35.4
C551464,22418,10 COLOUR SPACEBOY PEN,-48,4/28/2011 16:15,0.85,13085,United Kingdom,-40.8
C559175,22960,JAM MAKING SET WITH JARS,-11,7/7/2011 10:17,4.25,12507,Spain,-46.75
C552317,POST,POSTAGE,-2,5/8/2011 16:12,18,12700,France,-36
C556807,POST,POSTAGE,-1,6/14/2011 15:43,14.95,Guest,United Kingdom,-14.95
C579092,POST,POSTAGE,-1,11/28/2011 10:50,4.41,16900,United Kingdom,-4.41
C577832,22720,SET OF 3 CAKE TINS PANTRY DESIGN ,-3,11/22/2011 10:18,4.95,18274,United Kingdom,-14.85
C568582,37450,CERAMIC CAKE BOWL + HANGING CAKES,-1,9/28/2011 10:02,2.95,13014,United Kingdom,-2.95
C574095,23254,CHILDRENS CUTLERY DOLLY GIRL ,-1,11/3/2011 9:54,4.15,12674,France,-4.15
C579785,22844,VINTAGE CREAM DOG FOOD CONTAINER,-3,11/30/2011 15:29,8.5,12584,Italy,-25.5
542548,20892,Unknown,-1,1/28/2011 14:45,0,Guest,United Kingdom,0
C559030,84857C,PINK MONTE CARLO HANDBAG,-1,7/5/2011 14:51,1.95,16571,United Kingdom,-1.95
C562124,15044C,PURPLE PAPER PARASOL,-2,8/2/2011 17:23,2.55,13081,United Kingdom,-5.1
C537402,22927,GREEN GIANT GARDEN THERMOMETER,-4,12/6/2010 14:43,5.95,15502,United Kingdom,-23.8
C542097,22701,PINK DOG BOWL,-4,1/25/2011 12:52,2.95,14215,United Kingdom,-11.8
549033,16254,Unknown,-5,4/5/2011 17:08,0,Guest,United Kingdom,0
C538350,22067,CHOC TRUFFLE GOLD TRINKET POT ,-1,12/10/2010 15:01,1.45,13798,United Kingdom,-1.45
546024,85175,? sold as sets?,-1200,3/8/2011 17:31,0,Guest,United Kingdom,0
C540155,72802B,OCEAN SCENT CANDLE IN JEWELLED BOX,-54,1/5/2011 11:31,3.81,Guest,Bahrain,-205.74
C579968,23661,MILK MAIDS MUG ,-1,12/1/2011 11:13,1.65,14189,United Kingdom,-1.65
C549931,M,Manual,-1,4/13/2011 10:40,97.35,Guest,United Kingdom,-97.35
C573756,22423,REGENCY CAKESTAND 3 TIER,-3,11/1/2011 9:46,10.95,17865,United Kingdom,-32.85
C572120,21175,GIN + TONIC DIET METAL SIGN,-1,10/20/2011 19:29,2.55,14911,EIRE,-2.55
C558739,84755,COLOUR GLASS T-LIGHT HOLDER HANGING,-20,7/1/2011 15:35,0.65,16570,United Kingdom,-13
C560561,23146,TRIPLE HOOK ANTIQUE IVORY ROSE,-3,7/19/2011 13:28,3.29,17651,United Kingdom,-9.87
C547848,85099B,JUMBO BAG RED RETROSPOT,-1,3/27/2011 12:05,1.95,12921,United Kingdom,-1.95
C541586,21218,RED SPOTTY BISCUIT TIN,-3,1/19/2011 14:36,3.75,12383,Belgium,-11.25
C542734,22169,FAMILY ALBUM WHITE PICTURE FRAME,-2,1/31/2011 15:36,8.5,14442,Channel Islands,-17
C543347,22326,ROUND SNACK BOXES SET OF4 WOODLAND ,-3,2/7/2011 12:44,2.95,12472,Germany,-8.85
552228,84912B,Unknown,-93,5/6/2011 15:29,0,Guest,United Kingdom,0
C539054,21730,GLASS STAR FROSTED T-LIGHT HOLDER,-3,12/15/2010 16:34,4.95,17044,United Kingdom,-14.85
C539866,22300,COFFEE MUG DOG + BALL DESIGN,-3,12/23/2010 10:20,2.55,12427,Germany,-7.65
C541735,37495,FAIRY CAKE BIRTHDAY CANDLE SET,-2,1/21/2011 11:35,3.75,12626,Germany,-7.5
C560540,22545,MINI JIGSAW BUNNIES,-1,7/19/2011 12:26,0.42,12415,Australia,-0.42
578525,22152,check,-179,11/24/2011 14:21,0,Guest,United Kingdom,0
C546889,22722,SET OF 6 SPICE TINS PANTRY DESIGN,-1,3/17/2011 18:16,3.95,13971,United Kingdom,-3.95
C554541,22461,SAVOY ART DECO CLOCK,-3,5/24/2011 17:50,10.95,13078,United Kingdom,-32.85
C551316,22109,FULL ENGLISH BREAKFAST PLATE,-4,4/27/2011 15:12,3.75,15220,United Kingdom,-15
C560932,20914,SET/5 RED RETROSPOT LID GLASS BOWLS,-1,7/22/2011 10:29,2.95,15005,United Kingdom,-2.95
C564138,23238,SET OF 4 KNICK KNACK TINS LONDON ,-1,8/23/2011 11:36,3.75,12753,Japan,-3.75
C569985,23074,EMBOSSED HEART TRINKET BOX,-6,10/6/2011 19:51,2.08,15365,United Kingdom,-12.48
C552805,22326,ROUND SNACK BOXES SET OF4 WOODLAND ,-6,5/11/2011 12:34,2.95,14149,United Kingdom,-17.7
C546930,21743,STAR PORTABLE TABLE LIGHT ,-4,3/18/2011 10:37,2.95,14701,United Kingdom,-11.8
538055,22454,Unknown,-20,12/9/2010 13:34,0,Guest,United Kingdom,0
C555599,22826,LOVE SEAT ANTIQUE WHITE METAL,-1,6/6/2011 10:59,195,17190,United Kingdom,-195
C555935,23232,WRAP VINTAGE PETALS  DESIGN,-25,6/8/2011 9:14,0.42,12567,France,-10.5
C543628,21232,STRAWBERRY CERAMIC TRINKET BOX,-4,2/10/2011 15:51,1.25,16558,United Kingdom,-5
C576223,23314,VINTAGE CHRISTMAS TABLECLOTH,-1,11/14/2011 13:02,12.5,15993,United Kingdom,-12.5
C558736,21471,STRAWBERRY RAFFIA FOOD COVER,-1,7/1/2011 15:14,3.75,18075,United Kingdom,-3.75
554021,20886,Unknown,-65,5/20/2011 13:18,0,Guest,United Kingdom,0
C580762,22960,JAM MAKING SET WITH JARS,-2,12/6/2011 10:32,4.25,14543,United Kingdom,-8.5
C565044,22191,IVORY DINER WALL CLOCK,-318,8/31/2011 17:02,7.65,12931,United Kingdom,-2432.7
C562961,84947,ANTIQUE SILVER TEA GLASS ENGRAVED,-5,8/11/2011 10:24,1.25,14305,United Kingdom,-6.25
C553924,22847,BREAD BIN DINER STYLE IVORY,-1,5/20/2011 9:34,14.95,12476,Germany,-14.95
537363,84569B,Unknown,-20,12/6/2010 12:35,0,Guest,United Kingdom,0
C559334,20897,VINTAGE NOTEBOOK PARIS DAYS,-6,7/7/2011 15:50,2.95,16581,United Kingdom,-17.7
C542721,21430,SET/3 RED GINGHAM ROSE STORAGE BOX,-1,1/31/2011 14:37,3.75,14502,United Kingdom,-3.75
C554931,21670,BLUE SPOT CERAMIC DRAWER KNOB,-1,5/27/2011 13:21,1.25,17841,United Kingdom,-1.25
C554931,21648,ASSORTED TUTTI FRUTTI SMALL PURSE,-1,5/27/2011 13:21,1.25,17841,United Kingdom,-1.25
C552805,21363,HOME SMALL WOOD LETTERS,-3,5/11/2011 12:34,4.95,14149,United Kingdom,-14.85
C556888,22064,PINK DOUGHNUT TRINKET POT ,-1,6/15/2011 12:37,1.65,15005,United Kingdom,-1.65
C558901,22456,NATURAL SLATE CHALKBOARD LARGE ,-1,7/4/2011 16:07,4.95,18171,United Kingdom,-4.95
C570456,S,SAMPLES,-1,10/10/2011 15:38,98.18,Guest,United Kingdom,-98.18
C542910,22423,REGENCY CAKESTAND 3 TIER,-2,2/1/2011 15:38,10.95,17511,United Kingdom,-21.9
C548460,22625,RED KITCHEN SCALES,-2,3/31/2011 11:58,8.5,16801,United Kingdom,-17
C562620,22798,ANTIQUE GLASS DRESSING TABLE POT,-1,8/8/2011 12:34,2.95,13089,United Kingdom,-2.95
C558082,84945,MULTI COLOUR SILVER T-LIGHT HOLDER,-2,6/26/2011 11:43,0.85,16239,United Kingdom,-1.7
C540837,85123A,WHITE HANGING HEART T-LIGHT HOLDER,-1,1/11/2011 15:02,2.55,14733,United Kingdom,-2.55
548095,20850,Unknown,-3,3/29/2011 12:17,0,Guest,United Kingdom,0
C562911,22978,PANTRY ROLLING PIN,-5,8/10/2011 13:06,3.75,13384,United Kingdom,-18.75
C556638,84078A,SET/4 WHITE RETRO STORAGE CUBES ,-2,6/13/2011 15:35,39.95,14231,United Kingdom,-79.9
C573024,23407,SET OF 2 TRAYS HOME SWEET HOME,-1,10/27/2011 12:57,9.95,14474,United Kingdom,-9.95
C538889,22623,BOX OF VINTAGE JIGSAW BLOCKS ,-3,12/14/2010 16:24,4.95,12797,Portugal,-14.85
C550013,21318,GLASS CHALICE BLUE SMALL ,-1,4/14/2011 10:49,0.39,12982,United Kingdom,-0.39
C538694,21531,RED RETROSPOT SUGAR JAM BOWL,-2,12/14/2010 10:00,2.55,16143,United Kingdom,-5.1
C546238,22727,ALARM CLOCK BAKELIKE RED ,-1,3/10/2011 12:58,3.75,13767,United Kingdom,-3.75
C567643,23298,SPOTTY BUNTING,-1,9/21/2011 14:16,4.15,12409,Switzerland,-4.15
C550300,72803A,ROSE SCENT CANDLE JEWELLED DRAWER,-1,4/17/2011 10:10,4.25,17243,United Kingdom,-4.25
C544300,85040B,SET/4 BLUE FLOWER CANDLES IN BOWL,-1,2/17/2011 12:56,1.65,18125,United Kingdom,-1.65
C539301,22457,NATURAL SLATE HEART CHALKBOARD ,-12,12/16/2010 17:33,2.95,13496,United Kingdom,-35.4
C572761,22845,VINTAGE CREAM CAT FOOD CONTAINER,-1,10/26/2011 9:38,6.35,12584,Italy,-6.35
C549783,22649,STRAWBERRY FAIRY CAKE TEAPOT,-1,4/12/2011 11:50,4.95,16558,United Kingdom,-4.95
C570867,23293,SET OF 12 FAIRY CAKE BAKING CASES,-8,10/12/2011 16:17,0.83,12607,USA,-6.64
C559502,22427,ENAMEL FLOWER JUG CREAM,-2,7/8/2011 14:53,5.95,13338,United Kingdom,-11.9
542566,84964B,Unknown,-1,1/28/2011 14:53,0,Guest,United Kingdom,0
C541641,21671,RED SPOT CERAMIC DRAWER KNOB,-1,1/20/2011 11:00,1.25,17841,United Kingdom,-1.25
C562687,POST,POSTAGE,-1,8/8/2011 13:53,10.34,15157,United Kingdom,-10.34
C560559,20914,SET/5 RED RETROSPOT LID GLASS BOWLS,-1,7/19/2011 13:24,2.95,16145,United Kingdom,-2.95
C545866,21426,WOODLAND STORAGE BOX SMALL,-2,3/7/2011 14:27,2.1,17841,United Kingdom,-4.2
C548460,48185,DOORMAT FAIRY CAKE,-2,3/31/2011 11:58,7.95,16801,United Kingdom,-15.9
C557648,22197,POPCORN HOLDER,-3,6/21/2011 17:14,0.72,17677,United Kingdom,-2.16
C548460,22191,IVORY DINER WALL CLOCK,-2,3/31/2011 11:58,8.5,16801,United Kingdom,-17
540252,22198,Unknown,-100,1/5/2011 16:25,0,Guest,United Kingdom,0
C574515,22186,RED STAR CARD HOLDER,-1,11/4/2011 13:38,1.95,15159,United Kingdom,-1.95
C569112,22364,GLASS JAR DIGESTIVE BISCUITS,-1,9/30/2011 12:47,2.95,17405,United Kingdom,-2.95
C548573,22762,CUPBOARD 3 DRAWER MA CAMPAGNE,-8,4/1/2011 10:45,12.75,15045,United Kingdom,-102
558306,85232D,mix up with c,-118,6/28/2011 10:59,0,Guest,United Kingdom,0
579732,35648,check,-10,11/30/2011 14:24,0,Guest,United Kingdom,0
C558082,22430,ENAMEL WATERING CAN CREAM,-8,6/26/2011 11:43,4.95,16239,United Kingdom,-39.6
C566445,22042,CHRISTMAS CARD SINGING ANGEL,-12,9/12/2011 15:35,0.42,14286,United Kingdom,-5.04
C567532,21136,PAINTED METAL PEARS ASSORTED,-8,9/21/2011 9:44,1.69,15888,United Kingdom,-13.52
C552014,22456,NATURAL SLATE CHALKBOARD LARGE ,-1,5/5/2011 17:35,4.95,15708,United Kingdom,-4.95
C543756,22364,GLASS JAR DIGESTIVE BISCUITS,-7,2/11/2011 14:50,2.55,13089,United Kingdom,-17.85
C570867,23167,SMALL CERAMIC TOP STORAGE JAR ,-12,10/12/2011 16:17,0.83,12607,USA,-9.96
C542094,22236,CAKE STAND 3 TIER MAGIC GARDEN,-1,1/25/2011 12:47,12.75,13310,United Kingdom,-12.75
C542271,21068,VINTAGE BILLBOARD LOVE/HATE MUG,-5,1/27/2011 9:40,1.25,12637,France,-6.25
C538768,84378,SET OF 3 HEART COOKIE CUTTERS,-24,12/14/2010 11:34,1.25,14829,United Kingdom,-30
C538103,22941,CHRISTMAS LIGHTS 10 REINDEER,-2,12/9/2010 15:13,8.5,17442,United Kingdom,-17
C570867,21577,SAVE THE PLANET COTTON TOTE BAG,-6,10/12/2011 16:17,2.25,12607,USA,-13.5
C570221,23247,BISCUIT TIN 50'S CHRISTMAS,-2,10/9/2011 12:56,2.89,13113,United Kingdom,-5.78
C577147,22423,REGENCY CAKESTAND 3 TIER,-1,11/18/2011 9:42,12.75,13396,United Kingdom,-12.75
C546901,21535,RED RETROSPOT SMALL MILK JUG,-3,3/17/2011 18:29,2.55,14112,United Kingdom,-7.65
C561589,23251,VINTAGE RED ENAMEL TRIM MUG ,-3,7/28/2011 10:57,1.25,16133,United Kingdom,-3.75
C543347,22629,SPACEBOY LUNCH BOX ,-1,2/7/2011 12:44,1.95,12472,Germany,-1.95
C560560,22699,ROSES REGENCY TEACUP AND SAUCER ,-1,7/19/2011 13:26,2.95,17738,United Kingdom,-2.95
C539667,21284,RETROSPOT CANDLE  SMALL,-24,12/21/2010 10:47,0.42,13148,United Kingdom,-10.08
C577153,23236,STORAGE TIN VINTAGE DOILY ,-3,11/18/2011 9:54,2.89,13266,United Kingdom,-8.67
C564488,23090,VINTAGE GLASS T-LIGHT HOLDER,-9,8/25/2011 14:12,0.83,16859,United Kingdom,-7.47
C565962,21927,BLUE/CREAM STRIPE CUSHION COVER ,-3,9/8/2011 11:25,1.25,14410,United Kingdom,-3.75
C558091,22929,SCHOOL DESK AND CHAIR ,-1,6/26/2011 12:52,65,14808,United Kingdom,-65
C568879,84032A,CHARLIE+LOLA PINK HOT WATER BOTTLE,-4,9/29/2011 12:38,2.95,14680,United Kingdom,-11.8
C567348,23380,PACK OF 12 VINTAGE DOILY TISSUES,-12,9/19/2011 15:57,0.39,15755,United Kingdom,-4.68
C568572,23275,SET OF 3 HANGING OWLS OLLIE BEAK,-1,9/28/2011 9:06,1.25,15194,United Kingdom,-1.25
C542426,22834,HAND WARMER BABUSHKA DESIGN,-48,1/28/2011 9:32,0.85,14146,United Kingdom,-40.8
C547232,22427,ENAMEL FLOWER JUG CREAM,-1,3/21/2011 16:15,5.95,12994,United Kingdom,-5.95
C567965,23169,CLASSIC GLASS COOKIE JAR,-1,9/23/2011 9:23,4.15,14911,EIRE,-4.15
C541863,21181,PLEASE ONE PERSON METAL SIGN,-1,1/23/2011 16:08,1.85,13798,United Kingdom,-1.85
C554523,37449,CERAMIC CAKE STAND + HANGING CAKES,-2,5/24/2011 17:17,8.5,12863,United Kingdom,-17
C566090,23155,KNICKERBOCKERGLORY MAGNET ASSORTED ,-6,9/9/2011 10:32,0.83,12477,Germany,-4.98
C570221,22383,LUNCH BAG SUKI DESIGN ,-4,10/9/2011 12:56,1.65,13113,United Kingdom,-6.6
C574954,23319,BOX OF 6 MINI 50'S CRACKERS,-1,11/8/2011 9:52,2.49,18223,United Kingdom,-2.49
C555341,85141,JARDIN ETCHED GLASS FRUITBOWL,-4,6/2/2011 11:42,3.95,13004,United Kingdom,-15.8
C578371,21624,VINTAGE UNION JACK DOORSTOP,-2,11/24/2011 11:16,5.95,14410,United Kingdom,-11.9
C560396,22579,WOODEN TREE CHRISTMAS SCANDINAVIAN,-96,7/18/2011 13:49,0.85,18087,United Kingdom,-81.6
C560910,22461,SAVOY ART DECO CLOCK,-5,7/21/2011 17:57,3.95,14733,United Kingdom,-19.75
540119,22865,Unknown,-60,1/5/2011 10:07,0,Guest,United Kingdom,0
C557663,22983,CARD BILLBOARD FONT,-48,6/21/2011 17:59,0.42,Guest,EIRE,-20.16
C548717,22418,10 COLOUR SPACEBOY PEN,-24,4/4/2011 8:50,0.85,16297,United Kingdom,-20.4
549461,20731,Unknown,-16,4/8/2011 14:20,0,Guest,United Kingdom,0
C544038,22784,LANTERN CREAM GAZEBO ,-4,2/15/2011 11:32,4.95,14659,United Kingdom,-19.8
575717,85175,check,-42,11/10/2011 18:02,0,Guest,United Kingdom,0
C580710,23175,REGENCY MILK JUG PINK ,-1,12/5/2011 16:34,3.25,14198,United Kingdom,-3.25
C560533,22493,PAINT YOUR OWN CANVAS SET,-2,7/19/2011 12:00,1.65,16488,United Kingdom,-3.3
C573219,21931,JUMBO STORAGE BAG SUKI,-1,10/28/2011 11:49,2.08,14415,United Kingdom,-2.08
C577737,23225,CHERUB HEART DECORATION SILVER ,-24,11/21/2011 13:25,0.83,15681,United Kingdom,-19.92
C545033,22936,BAKING MOULD ROSE WHITE CHOCOLATE,-72,2/25/2011 16:26,2.75,14156,EIRE,-198
C560540,23242,TREASURE TIN BUFFALO BILL ,-1,7/19/2011 12:26,2.08,12415,Australia,-2.08
574520,21181,Unknown,-6,11/4/2011 13:44,0,Guest,United Kingdom,0
C553025,22666,RECIPE BOX PANTRY YELLOW DESIGN,-1,5/12/2011 19:33,2.95,13971,United Kingdom,-2.95
C554001,22488,NATURAL SLATE RECTANGLE CHALKBOARD,-1,5/20/2011 11:54,1.65,16818,United Kingdom,-1.65
C575082,22326,ROUND SNACK BOXES SET OF4 WOODLAND ,-3,11/8/2011 13:30,2.95,12613,Germany,-8.85
538074,21743,Unknown,-80,12/9/2010 14:11,0,Guest,United Kingdom,0
C538711,22460,EMBOSSED GLASS TEALIGHT HOLDER,-1,12/14/2010 10:50,1.25,15468,United Kingdom,-1.25
C574517,22098,BOUDOIR SQUARE TISSUE BOX,-7,11/4/2011 13:40,0.39,17109,United Kingdom,-2.73
C571440,CRUK,CRUK Commission,-1,10/17/2011 13:31,495.98,14096,United Kingdom,-495.98
C554867,21896,POTTING SHED TWINE,-2,5/27/2011 10:48,2.1,13050,United Kingdom,-4.2
C543791,21733,RED HANGING HEART T-LIGHT HOLDER,-2,2/11/2011 17:13,2.95,15270,United Kingdom,-5.9
549267,46037A,Unknown,-5,4/7/2011 12:46,0,Guest,United Kingdom,0
C565962,22975,SPACEBOY CHILDRENS EGG CUP,-1,9/8/2011 11:25,1.25,14410,United Kingdom,-1.25
C546323,22722,SET OF 6 SPICE TINS PANTRY DESIGN,-5,3/11/2011 9:48,3.95,13975,United Kingdom,-19.75
C576968,22153,ANGEL DECORATION STARS ON DRESS,-21,11/17/2011 11:51,0.42,13668,United Kingdom,-8.82
567918,79163,damaged,-1,9/22/2011 17:20,0,Guest,United Kingdom,0
C563655,47351B,BLUE  VOILE LAMPSHADE,-48,8/18/2011 10:44,2.55,15311,United Kingdom,-122.4
C549919,82580,BATHROOM METAL SIGN,-1,4/13/2011 9:50,0.55,15201,United Kingdom,-0.55
558033,84876B,Unknown,-59,6/24/2011 12:15,0,Guest,United Kingdom,0
561478,20954,Unknown,-2,7/27/2011 13:32,0,Guest,United Kingdom,0
C570867,21210,SET OF 72 RETROSPOT PAPER  DOILIES,-12,10/12/2011 16:17,1.45,12607,USA,-17.4
C538088,84625C,BLUE NEW BAROQUE CANDLESTICK CANDLE,-24,12/9/2010 14:45,0.85,14766,United Kingdom,-20.4
C572187,POST,POSTAGE,-1,10/21/2011 11:00,18,12403,Denmark,-18
C574922,23154,SET OF 4 JAM JAR MAGNETS,-12,11/7/2011 16:39,2.08,15502,United Kingdom,-24.96
C541674,22606,WOODEN SKITTLES GARDEN SET,-1,1/20/2011 13:19,15.95,16892,United Kingdom,-15.95
C557022,23146,TRIPLE HOOK ANTIQUE IVORY ROSE,-2,6/16/2011 12:56,3.29,16942,United Kingdom,-6.58
C570867,21122,SET/10 PINK POLKADOT PARTY CANDLES,-24,10/12/2011 16:17,1.25,12607,USA,-30
C574504,22487,WHITE WOOD GARDEN PLANT LADDER,-1,11/4/2011 13:20,9.95,17434,United Kingdom,-9.95
C565425,23127,FELTCRAFT GIRL NICOLE KIT,-2,9/4/2011 12:40,4.95,15561,United Kingdom,-9.9
C547574,22841,ROUND CAKE TIN VINTAGE GREEN,-2,3/24/2011 10:13,7.95,14223,United Kingdom,-15.9
C552552,22829,SWEETHEART WIRE WALL TIDY,-8,5/10/2011 10:51,8.5,16525,United Kingdom,-68
C551015,21774,DECORATIVE CATS BATHROOM BOTTLE,-1,4/26/2011 11:06,1.25,12753,Japan,-1.25
C562097,22384,LUNCH BAG PINK POLKADOT,-1,8/2/2011 13:19,1.45,15311,United Kingdom,-1.45
C570122,82482,WOODEN PICTURE FRAME WHITE FINISH,-2,10/7/2011 12:58,2.95,15874,United Kingdom,-5.9
C566445,22208,WOOD STAMP SET THANK YOU,-1,9/12/2011 15:35,1.65,14286,United Kingdom,-1.65
C564903,23148,MINIATURE ANTIQUE ROSE HOOK IVORY,-1,8/31/2011 12:05,0.83,16984,United Kingdom,-0.83
C540270,21258,VICTORIAN SEWING BOX LARGE,-3,1/6/2011 11:40,10.95,14680,United Kingdom,-32.85
C558354,23155,KNICKERBOCKERGLORY MAGNET ASSORTED ,-5,6/28/2011 14:57,0.83,14854,United Kingdom,-4.15
C542413,21485,RETROSPOT HEART HOT WATER BOTTLE,-6,1/27/2011 17:11,4.95,16923,United Kingdom,-29.7
C537860,22295,HEART FILIGREE DOVE LARGE,-12,12/8/2010 16:15,1.65,16252,United Kingdom,-19.8
C559079,23148,MINIATURE ANTIQUE ROSE HOOK IVORY,-1,7/6/2011 10:44,0.83,17841,United Kingdom,-0.83
C559531,22846,BREAD BIN DINER STYLE RED ,-1,7/10/2011 12:07,16.95,14808,United Kingdom,-16.95
C540386,22060,LARGE CAKE STAND HANGING HEARTS,-1,1/6/2011 17:57,9.95,12417,Belgium,-9.95
C539657,22667,RECIPE BOX RETROSPOT ,-1,12/20/2010 17:24,2.95,16134,United Kingdom,-2.95
C541818,22207,FRYING PAN UNION FLAG,-1,1/21/2011 16:34,3.75,17389,United Kingdom,-3.75
C562147,22649,STRAWBERRY FAIRY CAKE TEAPOT,-1,8/3/2011 10:47,4.95,16180,United Kingdom,-4.95
C569655,23300,GARDENERS KNEELING PAD CUP OF TEA ,-2,10/5/2011 12:58,1.65,14534,United Kingdom,-3.3
C573929,22515,CHILDS GARDEN SPADE PINK,-2,11/2/2011 10:14,2.1,17811,United Kingdom,-4.2
C562375,23172,REGENCY TEA PLATE PINK,-48,8/4/2011 14:46,1.45,14911,EIRE,-69.6
C578367,23048,SET OF 10 LANTERNS FAIRY LIGHT STAR,-4,11/24/2011 11:00,4.15,14640,United Kingdom,-16.6
C546106,D,Discount,-1,3/9/2011 12:21,9.87,14527,United Kingdom,-9.87
C572478,84879,ASSORTED COLOUR BIRD ORNAMENT,-1,10/24/2011 13:39,1.69,13098,United Kingdom,-1.69
C564498,BANK CHARGES,Bank Charges,-1,8/25/2011 14:22,77.63,Guest,United Kingdom,-77.63
542225,85096,label mix up,-59,1/26/2011 13:10,0,Guest,United Kingdom,0
C555248,23112,PARISIENNE CURIO CABINET,-2,6/1/2011 14:49,7.5,17682,United Kingdom,-15
C568445,23377,PACK OF 12 DOLLY GIRL TISSUES,-8,9/27/2011 11:31,0.39,16156,United Kingdom,-3.12
553651,46126A,Unknown,-23,5/18/2011 11:06,0,Guest,United Kingdom,0
C580968,23582,VINTAGE DOILY JUMBO BAG RED ,-20,12/6/2011 14:57,2.08,15622,United Kingdom,-41.6
551433,21784,Unknown,-2,4/28/2011 15:07,0,Guest,United Kingdom,0
C536391,22557,PLASTERS IN TIN VINTAGE PAISLEY ,-12,12/1/2010 10:24,1.65,17548,United Kingdom,-19.8
C556647,21231,SWEETHEART CERAMIC TRINKET BOX,-12,6/13/2011 16:14,1.25,13012,United Kingdom,-15
C551316,21703,BAG 125g SWIRLY MARBLES,-12,4/27/2011 15:12,0.42,15220,United Kingdom,-5.04
C559030,22720,SET OF 3 CAKE TINS PANTRY DESIGN ,-1,7/5/2011 14:51,4.95,16571,United Kingdom,-4.95
C551285,72351B,SET/6 PINK  BUTTERFLY T-LIGHTS,-1,4/27/2011 14:07,2.1,15005,United Kingdom,-2.1
C570902,84820,DANISH ROSE TRINKET TRAYS,-4,10/13/2011 10:53,5.95,17724,United Kingdom,-23.8
C576375,22585,PACK OF 6 BIRDY GIFT TAGS,-1,11/15/2011 8:52,1.25,16878,United Kingdom,-1.25
C556644,22423,REGENCY CAKESTAND 3 TIER,-1,6/13/2011 16:06,12.75,17115,United Kingdom,-12.75
C580168,22601,CHRISTMAS RETROSPOT ANGEL WOOD,-1,12/2/2011 11:34,0.85,12465,Belgium,-0.85
C549955,22839,3 TIER CAKE TIN GREEN AND CREAM,-2,4/13/2011 13:38,14.95,12359,Cyprus,-29.9
C578932,22776,SWEETHEART 3 TIER CAKE STAND ,-3,11/27/2011 12:44,9.95,15351,United Kingdom,-29.85
C575156,71459,HANGING JAM JAR T-LIGHT HOLDERS,-3,11/8/2011 16:18,0.85,16602,United Kingdom,-2.55
C545516,22960,JAM MAKING SET WITH JARS,-1,3/3/2011 12:11,4.25,14276,United Kingdom,-4.25
C538745,22142,CHRISTMAS CRAFT WHITE FAIRY ,-1,12/14/2010 11:27,1.45,16722,United Kingdom,-1.45
549147,20773,Unknown,-4,4/6/2011 15:30,0,Guest,United Kingdom,0
C556644,22430,ENAMEL WATERING CAN CREAM,-1,6/13/2011 16:06,4.95,17115,United Kingdom,-4.95
C544581,S,SAMPLES,-1,2/21/2011 14:32,92,Guest,United Kingdom,-92
C570902,21775,DECORATIVE FLORE BATHROOM BOTTLE,-3,10/13/2011 10:53,1.25,17724,United Kingdom,-3.75
C572120,22412,METAL SIGN NEIGHBOURHOOD WITCH ,-2,10/20/2011 19:29,2.1,14911,EIRE,-4.2
C538350,20727,LUNCH BAG  BLACK SKULL.,-3,12/10/2010 15:01,1.45,13798,United Kingdom,-4.35
C547502,22837,HOT WATER BOTTLE BABUSHKA ,-1,3/23/2011 12:42,4.65,14513,United Kingdom,-4.65
C560540,23165,LARGE CERAMIC TOP STORAGE JAR,-1,7/19/2011 12:26,1.65,12415,Australia,-1.65
C539644,22555,PLASTERS IN TIN STRONGMAN,-4,12/20/2010 15:52,1.65,12471,Germany,-6.6
542392,84227,Unknown,-2,1/27/2011 14:56,0,Guest,United Kingdom,0
C569989,20725,LUNCH BAG RED RETROSPOT,-8,10/6/2011 20:08,1.65,16839,United Kingdom,-13.2
C572991,22950,SET OF 36 VINTAGE CHRISTMAS DOILIES,-1,10/27/2011 10:56,1.45,17672,United Kingdom,-1.45
C551330,22776,SWEETHEART CAKESTAND 3 TIER,-1,4/27/2011 16:17,9.95,17115,United Kingdom,-9.95
543310,35954,Unknown,-234,2/7/2011 12:10,0,Guest,United Kingdom,0
C562375,23318,BOX OF 6 MINI VINTAGE CRACKERS,-96,8/4/2011 14:46,2.08,14911,EIRE,-199.68
C565323,21658,GLASS  BEURRE DISH,-1,9/2/2011 13:16,3.95,14606,United Kingdom,-3.95
C553862,84945,MULTI COLOUR SILVER T-LIGHT HOLDER,-1,5/19/2011 14:05,10.76,Guest,United Kingdom,-10.76
C572422,M,Manual,-1,10/24/2011 12:02,183.16,Guest,United Kingdom,-183.16
C569655,22727,ALARM CLOCK BAKELIKE RED ,-2,10/5/2011 12:58,3.75,14534,United Kingdom,-7.5
C541821,84968D,SET OF 16 VINTAGE RED CUTLERY,-1,1/21/2011 16:41,12.75,15281,United Kingdom,-12.75
C560855,22666,RECIPE BOX PANTRY YELLOW DESIGN,-1,7/21/2011 13:00,2.95,14410,United Kingdom,-2.95
C543755,22568,FELTCRAFT CUSHION OWL,-4,2/11/2011 14:48,3.75,14304,United Kingdom,-15
546146,20752,Unknown,-40,3/9/2011 16:41,0,Guest,United Kingdom,0
C550646,22845,VINTAGE CREAM CAT FOOD CONTAINER,-1,4/19/2011 16:32,6.35,16873,United Kingdom,-6.35
C567540,23173,REGENCY TEAPOT ROSES ,-1,9/21/2011 10:00,9.95,12384,Switzerland,-9.95
C553748,22194,BLACK DINER WALL CLOCK,-2,5/19/2011 9:57,8.5,16676,United Kingdom,-17
C567705,21481,FAWN BLUE HOT WATER BOTTLE,-18,9/22/2011 9:43,2.95,14768,United Kingdom,-53.1
C571893,21216,"SET 3 RETROSPOT TEA,COFFEE,SUGAR",-4,10/19/2011 14:13,4.95,13314,United Kingdom,-19.8
C570687,84947,ANTIQUE SILVER TEA GLASS ENGRAVED,-2,10/11/2011 16:28,1.25,14959,United Kingdom,-2.5
C553866,37370,RETRO COFFEE MUGS ASSORTED,-3,5/19/2011 14:14,1.25,14620,United Kingdom,-3.75
C559347,21672,WHITE SPOT RED CERAMIC DRAWER KNOB,-12,7/7/2011 17:22,1.25,18072,United Kingdom,-15
C548748,21172,PARTY METAL SIGN ,-12,4/4/2011 12:28,1.45,15223,United Kingdom,-17.4
C562709,21238,RED RETROSPOT CUP,-1,8/8/2011 14:32,0.72,17511,United Kingdom,-0.72
572748,21824,check,-103,10/25/2011 16:50,0,Guest,United Kingdom,0
C572855,23397,FOOT STOOL HOME SWEET HOME ,-1,10/26/2011 12:28,9.95,15215,United Kingdom,-9.95
C539576,22897,OVEN MITT APPLES DESIGN,-10,12/20/2010 12:25,1.45,14911,EIRE,-14.5
C537610,M,Manual,-1,12/7/2010 13:23,631.31,Guest,United Kingdom,-631.31
C575573,23252,VINTAGE RED ENAMEL TRIM JUG ,-1,11/10/2011 11:34,3.75,16705,United Kingdom,-3.75
C575608,23250,VINTAGE RED TRIM ENAMEL BOWL ,-2,11/10/2011 12:38,1.25,16133,United Kingdom,-2.5
C571285,22923,FRIDGE MAGNETS LES ENFANTS ASSORTED,-30,10/16/2011 14:26,0.85,16533,United Kingdom,-25.5
C568240,POST,POSTAGE,-1,9/26/2011 12:04,4.5,17172,United Kingdom,-4.5
C570477,22767,TRIPLE PHOTO FRAME CORNICE ,-1,10/10/2011 16:55,9.95,14719,United Kingdom,-9.95
C573306,22796,PHOTO FRAME 3 CLASSIC HANGING,-1,10/28/2011 16:15,9.95,17837,United Kingdom,-9.95
C544580,S,SAMPLES,-1,2/21/2011 14:25,7.69,Guest,United Kingdom,-7.69
581207,21688,mixed up,-337,12/7/2011 18:34,0,Guest,United Kingdom,0
C546904,22784,LANTERN CREAM GAZEBO ,-1,3/17/2011 18:33,4.95,16150,United Kingdom,-4.95
561921,22044,Unknown,-240,8/1/2011 12:11,0,Guest,United Kingdom,0
C541821,22973,CHILDREN'S CIRCUS PARADE MUG,-1,1/21/2011 16:41,1.65,15281,United Kingdom,-1.65
C544828,84279B,CHERRY BLOSSOM DECORATIVE FLASK,-1,2/24/2011 9:49,3.75,17147,United Kingdom,-3.75
C574494,85048,15CM CHRISTMAS GLASS BALL 20 LIGHTS,-1,11/4/2011 13:11,7.95,15468,United Kingdom,-7.95
C575159,23462,ROCOCO WALL MIRROR WHITE,-3,11/8/2011 16:21,16.95,15513,United Kingdom,-50.85
551453,82494L,Unknown,-3,4/28/2011 16:01,0,Guest,United Kingdom,0
C554332,23167,SMALL CERAMIC TOP STORAGE JAR ,-1,5/23/2011 17:14,0.83,14009,United Kingdom,-0.83
C551659,22645,CERAMIC HEART FAIRY CAKE MONEY BANK,-1,5/3/2011 12:14,1.25,13668,United Kingdom,-1.25
C540417,22197,SMALL POPCORN HOLDER,-10,1/7/2011 10:56,0.85,13680,United Kingdom,-8.5
C567177,22938,CUPCAKE LACE PAPER SET 6,-24,9/18/2011 13:42,1.95,15533,United Kingdom,-46.8
C567691,21671,RED SPOT CERAMIC DRAWER KNOB,-85,9/21/2011 17:04,1.45,17567,United Kingdom,-123.25
C559608,22158,3 HEARTS HANGING DECORATION RUSTIC,-3,7/11/2011 11:44,2.95,14690,United Kingdom,-8.85
C569966,22698,PINK REGENCY TEACUP AND SAUCER,-1,10/6/2011 18:51,2.95,13279,United Kingdom,-2.95
C575746,21519,GIN & TONIC DIET GREETING CARD ,-12,11/11/2011 10:19,0.42,13588,United Kingdom,-5.04
C550181,22844,VINTAGE CREAM DOG FOOD CONTAINER,-5,4/14/2011 17:43,8.5,13069,United Kingdom,-42.5
C556511,23228,FILIGREE HEART BIRD WHITE ,-144,6/13/2011 10:42,1.04,16525,United Kingdom,-149.76
C576241,23084,RABBIT NIGHT LIGHT,-2,11/14/2011 13:35,2.08,13447,United Kingdom,-4.16
C538650,22646,CERAMIC STRAWBERRY CAKE MONEY BANK,-1,12/13/2010 15:05,1.25,15311,United Kingdom,-1.25
C540820,22659,LUNCH BOX I LOVE LONDON,-6,1/11/2011 13:09,1.95,15518,United Kingdom,-11.7
C547388,22413,METAL SIGN TAKE IT OR LEAVE IT ,-6,3/22/2011 16:07,2.95,12352,Norway,-17.7
C548995,21155,RED RETROSPOT PEG BAG,-1,4/5/2011 14:08,2.55,17841,United Kingdom,-2.55
C548460,21523,DOORMAT FANCY FONT HOME SWEET HOME,-2,3/31/2011 11:58,7.95,16801,United Kingdom,-15.9
C564362,21528,DAIRY MAID TRADITIONAL TEAPOT ,-1,8/24/2011 16:20,6.95,13148,United Kingdom,-6.95
C542060,21258,VICTORIAN SEWING BOX LARGE,-3,1/25/2011 12:01,10.95,14680,United Kingdom,-32.85
C568879,22355,CHARLOTTE BAG SUKI DESIGN,-4,9/29/2011 12:38,0.72,14680,United Kingdom,-2.88
C574010,21481,FAWN BLUE HOT WATER BOTTLE,-1,11/2/2011 11:51,3.75,17841,United Kingdom,-3.75
C576858,22846,BREAD BIN DINER STYLE RED ,-1,11/16/2011 15:52,16.95,17183,United Kingdom,-16.95
C564104,90070,RUBY GLASS CLUSTER BRACELET,-3,8/23/2011 10:38,5.95,12530,Germany,-17.85
C562159,M,Manual,-12,8/3/2011 11:48,1.45,17389,United Kingdom,-17.4
C539608,85066,CREAM SWEETHEART MINI CHEST,-1,12/20/2010 14:10,12.75,16873,United Kingdom,-12.75
C557842,37327,ASSTD MULTICOLOUR CIRCLES MUG,-4,6/23/2011 10:42,0.39,14159,United Kingdom,-1.56
C569548,85123A,WHITE HANGING HEART T-LIGHT HOLDER,-1,10/4/2011 17:31,2.95,18053,United Kingdom,-2.95
C565402,22197,POPCORN HOLDER,-2,9/2/2011 17:51,0.85,16401,United Kingdom,-1.7
538090,20956,?,-723,12/9/2010 14:48,0,Guest,United Kingdom,0
C545442,22776,SWEETHEART CAKESTAND 3 TIER,-1,3/2/2011 16:17,9.95,17063,United Kingdom,-9.95
C555362,23155,KNICKERBOCKERGLORY MAGNET ASSORTED ,-1,6/2/2011 14:15,0.83,15785,United Kingdom,-0.83
C550013,22757,LARGE RED BABUSHKA NOTEBOOK ,-1,4/14/2011 10:49,1.25,12982,United Kingdom,-1.25
C581390,23374,RED SPOT PAPER GIFT BAG,-10,12/8/2011 13:13,0.82,13081,United Kingdom,-8.2
C548469,21843,RED RETROSPOT CAKE STAND,-1,3/31/2011 12:32,9.95,14543,United Kingdom,-9.95
C538376,22892,SET OF SALT AND PEPPER TOADSTOOLS,-12,12/12/2010 11:21,1.25,16393,United Kingdom,-15
C547798,22957,SET 3 PAPER VINTAGE CHICK PAPER EGG,-12,3/25/2011 12:43,2.95,17204,United Kingdom,-35.4
C555652,84946,ANTIQUE SILVER T-LIGHT GLASS,-6,6/6/2011 14:11,1.06,13094,United Kingdom,-6.36
C541234,22441,GROW YOUR OWN BASIL IN ENAMEL MUG,-1,1/14/2011 17:11,2.1,13862,United Kingdom,-2.1
C540837,84949,SILVER HANGING T-LIGHT HOLDER,-15,1/11/2011 15:02,1.65,14733,United Kingdom,-24.75
C563224,23298,SPOTTY BUNTING,-1,8/14/2011 14:33,4.95,12409,Switzerland,-4.95
C552805,21361,LOVE LARGE WOOD LETTERS ,-2,5/11/2011 12:34,12.75,14149,United Kingdom,-25.5
C562952,22981,PANTRY APPLE CORER,-5,8/11/2011 10:10,1.45,12749,United Kingdom,-7.25
549329,84989A,Unknown,-1,4/8/2011 10:49,0,Guest,United Kingdom,0
C567538,23404,HOME SWEET HOME BLACKBOARD,-4,9/21/2011 9:54,4.95,14198,United Kingdom,-19.8
C571893,21534,DAIRY MAID LARGE MILK JUG,-3,10/19/2011 14:13,4.95,13314,United Kingdom,-14.85
547997,20857,Unknown,-34,3/29/2011 10:22,0,Guest,United Kingdom,0
C560046,23092,LARGE ANTIQUE WHITE PHOTO FRAME,-1,7/14/2011 14:55,7.9,17049,United Kingdom,-7.9
C538377,22055,MINI CAKE STAND  HANGING STRAWBERY,-1,12/12/2010 11:23,1.65,15224,United Kingdom,-1.65
C551540,22978,PANTRY ROLLING PIN,-6,5/3/2011 8:47,3.75,14735,United Kingdom,-22.5
C558736,82484,WOOD BLACK BOARD ANT WHITE FINISH,-1,7/1/2011 15:14,7.95,18075,United Kingdom,-7.95
C569995,23120,PACK OF 6 SMALL FRUIT STRAWS,-48,10/6/2011 20:36,0.42,14557,United Kingdom,-20.16
C580832,22621,TRADITIONAL KNITTING NANCY,-1,12/6/2011 11:40,1.45,12753,Japan,-1.45
C558444,21033,JUMBO BAG CHARLIE AND LOLA TOYS,-1,6/29/2011 13:29,1.79,15311,United Kingdom,-1.79
C564945,20685,DOORMAT RED RETROSPOT,-10,8/31/2011 13:26,6.75,16652,United Kingdom,-67.5
C542366,21232,STRAWBERRY CERAMIC TRINKET BOX,-10,1/27/2011 12:54,1.06,13777,United Kingdom,-10.6
C545689,84849D,HOT BATHS SOAP HOLDER,-1,3/6/2011 12:43,1.69,16033,United Kingdom,-1.69
C566252,22856,ASSORTED EASTER DECORATIONS  BELLS,-19,9/11/2011 12:14,1.25,13527,United Kingdom,-23.75
C538375,22220,CAKE STAND LOVEBIRD 2 TIER WHITE,-1,12/12/2010 11:19,9.95,17126,United Kingdom,-9.95
C542910,22061,LARGE CAKE STAND  HANGING STRAWBERY,-1,2/1/2011 15:38,8.5,17511,United Kingdom,-8.5
C538084,22859,EASTER TIN BUNNY BOUQUET,-6,12/9/2010 14:42,1.65,12649,Germany,-9.9
C543840,D,Discount,-1,2/14/2011 11:19,70.01,14527,United Kingdom,-70.01
552766,22084,Unknown,-56,5/11/2011 11:41,0,Guest,United Kingdom,0
C543764,22767,TRIPLE PHOTO FRAME CORNICE ,-1,2/11/2011 15:16,9.95,17035,United Kingdom,-9.95
C577832,84988,SET OF 72 PINK HEART PAPER DOILIES,-12,11/22/2011 10:18,1.45,18274,United Kingdom,-17.4
C554715,21231,SWEETHEART CERAMIC TRINKET BOX,-2,5/26/2011 11:02,1.25,13658,United Kingdom,-2.5
C539830,22943,CHRISTMAS LIGHTS 10 VINTAGE BAUBLES,-8,12/22/2010 13:13,4.95,14944,United Kingdom,-39.6
C579926,23199,JUMBO BAG APPLES,-5,12/1/2011 9:19,2.08,14389,United Kingdom,-10.4
578837,35833P,check,-24,11/25/2011 15:51,0,Guest,United Kingdom,0
C562773,15056BL,EDWARDIAN PARASOL BLACK,-1,8/9/2011 12:18,5.95,17841,United Kingdom,-5.95
C540417,84991,60 TEATIME FAIRY CAKE CASES,-24,1/7/2011 10:56,0.55,13680,United Kingdom,-13.2
C554691,22456,NATURAL SLATE CHALKBOARD LARGE ,-1,5/25/2011 16:57,4.25,12921,United Kingdom,-4.25
C576919,23311,VINTAGE CHRISTMAS STOCKING ,-1,11/17/2011 10:44,2.55,15529,United Kingdom,-2.55
C569891,21722,SWEET PUDDING STICKER SHEET,-1,10/6/2011 15:46,0.85,13924,United Kingdom,-0.85
C542426,22219,LOVEBIRD HANGING DECORATION WHITE ,-12,1/28/2011 9:32,0.85,14146,United Kingdom,-10.2
C551588,22963,JAM JAR WITH GREEN LID,-2,5/3/2011 11:28,0.85,12708,Germany,-1.7
C539711,22720,SET OF 3 CAKE TINS PANTRY DESIGN ,-1,12/21/2010 12:38,4.95,13319,United Kingdom,-4.95
C579562,23084,RABBIT NIGHT LIGHT,-1,11/30/2011 11:39,2.08,12553,France,-2.08
C545867,21424,WOODLAND STORAGE BOX LARGE ,-1,3/7/2011 14:29,2.95,17841,United Kingdom,-2.95
C571346,23294,SET OF 6 SNACK LOAF BAKING CASES,-2,10/17/2011 11:46,0.83,16101,United Kingdom,-1.66
C552944,21246,RED RETROSPOT BIG BOWL,-1,5/12/2011 11:40,4.95,17811,United Kingdom,-4.95
C551659,85053,FRENCH ENAMEL CANDLEHOLDER,-1,5/3/2011 12:14,2.1,13668,United Kingdom,-2.1
C553904,23298,SPOTTY BUNTING,-32,5/19/2011 18:10,4.95,13081,United Kingdom,-158.4
C555246,23108,SET OF 10 LED DOLLY LIGHTS,-1,6/1/2011 14:33,6.25,13662,United Kingdom,-6.25
580383,20652,check,-37,12/2/2011 17:59,0,Guest,United Kingdom,0
C542781,22634,CHILDS BREAKFAST SET SPACEBOY ,-3,2/1/2011 9:38,8.5,12626,Germany,-25.5
C572116,71477,COLOUR GLASS. STAR T-LIGHT HOLDER,-2,10/20/2011 19:17,3.29,15620,United Kingdom,-6.58
C575664,22720,SET OF 3 CAKE TINS PANTRY DESIGN ,-1,11/10/2011 14:53,4.95,12952,United Kingdom,-4.95
C577073,22698,PINK REGENCY TEACUP AND SAUCER,-3,11/17/2011 15:02,2.95,14359,United Kingdom,-8.85
C548972,84279B,CHERRY BLOSSOM DECORATIVE FLASK,-4,4/5/2011 11:42,3.75,15674,United Kingdom,-15
C580751,23201,JUMBO BAG ALPHABET,-10,12/6/2011 9:56,2.08,12921,United Kingdom,-20.8
C537445,22418,10 COLOUR SPACEBOY PEN,-11,12/7/2010 8:57,0.85,15021,United Kingdom,-9.35
567063,23135,Unknown,-27,9/16/2011 11:50,0,Guest,United Kingdom,0
C537998,22725,ALARM CLOCK BAKELIKE CHOCOLATE,-4,12/9/2010 11:42,3.75,17411,United Kingdom,-15
C545516,22838,3 TIER CAKE TIN RED AND CREAM,-3,3/3/2011 12:11,14.95,14276,United Kingdom,-44.85
C552720,84817,DANISH ROSE DECORATIVE PLATE,-2,5/11/2011 9:49,2.1,18272,United Kingdom,-4.2
C572275,71279,PINK GLASS CANDLEHOLDER,-1,10/23/2011 9:42,2.95,12572,Germany,-2.95
C561589,22457,NATURAL SLATE HEART CHALKBOARD ,-1,7/28/2011 10:57,2.95,16133,United Kingdom,-2.95
C566181,82581,TOILET METAL SIGN,-5,9/9/2011 12:53,0.55,14243,United Kingdom,-2.75
548366,84678,Unknown,-33,3/30/2011 15:50,0,Guest,United Kingdom,0
C545846,22236,CAKE STAND 3 TIER MAGIC GARDEN,-1,3/7/2011 13:39,12.75,13081,United Kingdom,-12.75
C546022,23187,FRENCH STYLE STORAGE JAR BONBONS,-6,3/8/2011 17:28,1.25,14507,United Kingdom,-7.5
C569975,23111,PARISIENNE SEWING BOX,-1,10/6/2011 19:25,12.5,14333,United Kingdom,-12.5
C570867,22712,CARD DOLLY GIRL ,-12,10/12/2011 16:17,0.42,12607,USA,-5.04
C548906,85131A,BEADED PEARL HEART WHITE ON STICK,-6,4/5/2011 8:24,1.25,13636,United Kingdom,-7.5
C578371,48173C,DOORMAT BLACK FLOCK ,-1,11/24/2011 11:16,8.25,14410,United Kingdom,-8.25
558732,47341A,Unknown,-1,7/1/2011 14:55,0,Guest,United Kingdom,0
C579886,23370,SET 36 COLOURING PENCILS DOILY,-1,11/30/2011 17:39,1.25,15676,United Kingdom,-1.25
C580761,22139,RETROSPOT TEA SET CERAMIC 11 PC ,-1,12/6/2011 10:31,4.95,17528,United Kingdom,-4.95
C551018,20719,WOODLAND CHARLOTTE BAG,-1,4/26/2011 11:19,0.85,12705,Germany,-0.85
C563553,22885,NUMBER TILE VINTAGE FONT 6 ,-1,8/17/2011 13:14,1.95,16755,United Kingdom,-1.95
542532,DCGS0074,Unknown,-1,1/28/2011 13:09,0,Guest,United Kingdom,0
549527,21620,mystery! Only ever imported 1800,-1479,4/8/2011 16:03,0,Guest,United Kingdom,0
C561594,23251,VINTAGE RED ENAMEL TRIM MUG ,-24,7/28/2011 11:22,1.25,17671,United Kingdom,-30
C574350,23222,CHRISTMAS TREE HANGING GOLD,-12,11/4/2011 10:36,0.83,16637,United Kingdom,-9.96
C537164,D,Discount,-1,12/5/2010 13:21,29.29,14527,United Kingdom,-29.29
C575341,22992,REVOLVER WOODEN RULER ,-276,11/9/2011 14:36,1.65,12931,United Kingdom,-455.4
549342,35818B,Unknown,-53,4/8/2011 11:06,0,Guest,United Kingdom,0
C556273,23302,KNEELING MAT HOUSEWORK  DESIGN,-4,6/9/2011 19:44,1.65,13534,United Kingdom,-6.6
C555598,22698,PINK REGENCY TEACUP AND SAUCER,-1,6/6/2011 10:57,2.95,15095,United Kingdom,-2.95
570013,21395,Unknown,-38,10/7/2011 9:55,0,Guest,United Kingdom,0
C538122,22444,GROW YOUR OWN PLANT IN A CAN ,-1,12/9/2010 15:38,1.25,14696,United Kingdom,-1.25
C555636,22679,FRENCH BLUE METAL DOOR SIGN 4,-10,6/6/2011 12:33,1.25,15073,United Kingdom,-12.5
C546886,21843,RED RETROSPOT CAKE STAND,-1,3/17/2011 18:13,10.95,12520,Germany,-10.95
C550195,37448,CERAMIC CAKE DESIGN SPOTTED MUG,-1,4/15/2011 9:55,1.49,14796,United Kingdom,-1.49
C560540,23294,SET OF 6 SNACK LOAF BAKING CASES,-2,7/19/2011 12:26,0.83,12415,Australia,-1.66
C560855,21877,HOME SWEET HOME MUG,-5,7/21/2011 13:00,1.25,14410,United Kingdom,-6.25
C550365,22398,MAGNETS PACK OF 4 SWALLOWS,-60,4/18/2011 11:31,1.25,12731,France,-75
C574027,84836,ZINC METAL HEART DECORATION,-12,11/2/2011 12:32,1.25,13394,United Kingdom,-15
C567716,22625,RED KITCHEN SCALES,-1,9/22/2011 10:16,8.5,14543,United Kingdom,-8.5
C538997,21527,RED RETROSPOT TRADITIONAL TEAPOT ,-1,12/15/2010 12:06,6.95,14426,United Kingdom,-6.95
C554004,22138,BAKING SET 9 PIECE RETROSPOT ,-2,5/20/2011 12:21,4.95,15367,United Kingdom,-9.9
C543627,21754,HOME BUILDING BLOCK WORD,-1,2/10/2011 15:50,5.95,15601,United Kingdom,-5.95
C545446,22654,DELUXE SEWING KIT ,-2,3/2/2011 16:33,4.95,12753,Japan,-9.9
547330,21894,Unknown,-40,3/22/2011 11:40,0,Guest,United Kingdom,0
C570867,22949,36 DOILIES DOLLY GIRL,-12,10/12/2011 16:17,1.45,12607,USA,-17.4
C580832,23237,SET OF 4 KNICK KNACK TINS LEAF,-3,12/6/2011 11:40,3.75,12753,Japan,-11.25
561541,21658,Unknown,-1,7/28/2011 10:09,0,Guest,United Kingdom,0
C567136,BANK CHARGES,Bank Charges,-1,9/16/2011 14:27,366.27,Guest,United Kingdom,-366.27
C555935,20979,36 PENCILS TUBE RED RETROSPOT,-16,6/8/2011 9:14,1.25,12567,France,-20
C570828,90059E,DIAMANTE HAIR GRIP PACK/2 RUBY,-6,10/12/2011 13:15,1.65,14911,EIRE,-9.9
C542426,22418,10 COLOUR SPACEBOY PEN,-24,1/28/2011 9:32,0.85,14146,United Kingdom,-20.4
C567963,20707,CRAZY DAISY HEART DECORATION,-1,9/23/2011 9:19,1.25,14141,United Kingdom,-1.25
C545455,22791,T-LIGHT GLASS FLUTED ANTIQUE,-1,3/2/2011 17:11,1.25,16473,United Kingdom,-1.25
549136,21414,Unknown,-3,4/6/2011 15:23,0,Guest,United Kingdom,0
C570099,85099B,JUMBO BAG RED RETROSPOT,-4,10/7/2011 12:11,1.65,13798,United Kingdom,-6.6
C540164,72741,GRAND CHOCOLATECANDLE,-9,1/5/2011 12:02,1.45,14911,EIRE,-13.05
C546270,22720,SET OF 3 CAKE TINS PANTRY DESIGN ,-2,3/10/2011 15:03,4.95,17567,United Kingdom,-9.9
C572747,22731,3D CHRISTMAS STAMPS STICKERS ,-14,10/25/2011 16:49,1.25,17423,United Kingdom,-17.5
C576199,22960,JAM MAKING SET WITH JARS,-6,11/14/2011 12:13,4.25,12610,Italy,-25.5
C539402,21845,DAIRY MAID STRIPE MUG,-14,12/17/2010 12:19,2.95,17315,United Kingdom,-41.3
C540376,22623,BOX OF VINTAGE JIGSAW BLOCKS ,-1,1/6/2011 17:27,4.95,13488,United Kingdom,-4.95
C544655,85066,CREAM SWEETHEART MINI CHEST,-2,2/22/2011 12:57,10.95,13113,United Kingdom,-21.9
C546904,20723,STRAWBERRY CHARLOTTE BAG,-1,3/17/2011 18:33,0.85,16150,United Kingdom,-0.85
C540895,21217,RED RETROSPOT ROUND CAKE TINS,-1,1/12/2011 11:45,9.95,17095,United Kingdom,-9.95
C560409,82486,WOOD S/3 CABINET ANT WHITE FINISH,-4,7/18/2011 14:24,8.95,16717,United Kingdom,-35.8
C581409,85127,SMALL SQUARE CUT GLASS CANDLESTICK,-5,12/8/2011 14:08,4.95,12476,Germany,-24.75
567060,22445,Unknown,-62,9/16/2011 11:41,0,Guest,United Kingdom,0
C541009,22727,ALARM CLOCK BAKELIKE RED ,-1,1/13/2011 10:56,3.75,17581,United Kingdom,-3.75
C548830,M,Manual,-1,4/4/2011 13:08,162.6,12744,Singapore,-162.6
C571059,22796,PHOTO FRAME 3 CLASSIC HANGING,-1,10/13/2011 14:27,9.95,17813,United Kingdom,-9.95
C554717,22423,REGENCY CAKESTAND 3 TIER,-9,5/26/2011 11:04,10.95,13089,United Kingdom,-98.55
551700,85144,Unknown,-38,5/3/2011 14:13,0,Guest,United Kingdom,0
558457,21147,?,-95,6/29/2011 13:59,0,Guest,United Kingdom,0
C543744,79323P,PINK CHERRY LIGHTS,-4,2/11/2011 13:43,6.75,13672,United Kingdom,-27
561489,84905,Unknown,-2,7/27/2011 13:52,0,Guest,United Kingdom,0
C549039,22727,ALARM CLOCK BAKELIKE RED ,-2,4/5/2011 17:16,3.75,17675,United Kingdom,-7.5
C558257,23031,DRAWER KNOB CRACKLE GLAZE PINK,-4,6/27/2011 17:27,1.65,18198,United Kingdom,-6.6
C541826,71459,HANGING JAM JAR T-LIGHT HOLDER,-4,1/21/2011 17:04,0.85,18260,United Kingdom,-3.4
C540390,22700,BLACK AND WHITE DOG BOWL,-3,1/6/2011 18:01,2.95,16191,United Kingdom,-8.85
C569994,22960,JAM MAKING SET WITH JARS,-10,10/6/2011 20:33,3.75,15606,United Kingdom,-37.5
581199,84581,Unknown,-2,12/7/2011 18:26,0,Guest,United Kingdom,0
C567691,22197,POPCORN HOLDER,-6,9/21/2011 17:04,0.85,17567,United Kingdom,-5.1
567861,35597A,Unknown,-14,9/22/2011 14:01,0,Guest,United Kingdom,0
C564488,84946,ANTIQUE SILVER T-LIGHT GLASS,-11,8/25/2011 14:12,1.25,16859,United Kingdom,-13.75
C541735,21080,SET/20 RED RETROSPOT PAPER NAPKINS ,-5,1/21/2011 11:35,0.85,12626,Germany,-4.25
C540417,84997D,PINK 3 PIECE POLKADOT CUTLERY SET,-24,1/7/2011 10:56,3.75,13680,United Kingdom,-90
C571854,22784,LANTERN CREAM GAZEBO ,-1,10/19/2011 13:24,4.95,15826,United Kingdom,-4.95
C555877,22646,CERAMIC STRAWBERRY CAKE MONEY BANK,-1,6/7/2011 15:28,1.45,16218,United Kingdom,-1.45
C547725,22948,METAL DECORATION NAUGHTY CHILDREN ,-6,3/25/2011 10:43,0.85,Guest,United Kingdom,-5.1
C540307,22212,FOUR HOOK  WHITE LOVEBIRDS,-12,1/6/2011 12:58,2.1,15823,United Kingdom,-25.2
548685,85018B,Unknown,-2,4/1/2011 16:47,0,Guest,United Kingdom,0
C580263,72586,SET OF 6 HALLOWEEN GHOST T-LIGHTS,-36,12/2/2011 12:43,0.42,12536,France,-15.12
C562582,21671,RED SPOT CERAMIC DRAWER KNOB,-8,8/7/2011 13:53,1.25,15640,United Kingdom,-10
548620,84313B,Damaged,-32,4/1/2011 11:53,0,Guest,United Kingdom,0
C557663,47566,PARTY BUNTING,-9,6/21/2011 17:59,4.95,Guest,EIRE,-44.55
C574922,21167,WHITE SAGE INCENSE,-50,11/7/2011 16:39,0.21,15502,United Kingdom,-10.5
C538897,D,Discount,-1,12/15/2010 9:14,5.76,16422,United Kingdom,-5.76
561252,DCGS0069,ebay,-5,7/26/2011 11:52,0,Guest,United Kingdom,0
C540535,82483,WOOD 2 DRAWER CABINET WHITE FINISH,-1,1/9/2011 14:17,5.95,15005,United Kingdom,-5.95
C537333,22636,CHILDS BREAKFAST SET CIRCUS PARADE,-4,12/6/2010 12:00,8.5,12474,Germany,-34
C543974,21463,MIRRORED DISCO BALL ,-1,2/14/2011 15:20,5.95,14606,United Kingdom,-5.95
C554025,20795,LARGE BLUE PROVENCAL CERAMIC BALL,-5,5/20/2011 13:34,2.1,14565,United Kingdom,-10.5
C545769,21899,"KEY FOB , GARAGE DESIGN",-18,3/7/2011 12:05,0.65,14903,United Kingdom,-11.7
C543388,POST,POSTAGE,-3,2/8/2011 9:44,15,14646,Netherlands,-45
C548972,22502,PICNIC BASKET WICKER SMALL,-4,4/5/2011 11:42,5.95,15674,United Kingdom,-23.8
C558110,22951,60 CAKE CASES DOLLY GIRL DESIGN,-24,6/26/2011 15:47,0.55,17731,United Kingdom,-13.2
560717,84576,damaged,-3,7/20/2011 13:28,0,Guest,United Kingdom,0
C549438,23155,KNICKERBOCKERGLORY MAGNET ASSORTED ,-2,4/8/2011 12:39,0.83,12471,Germany,-1.66
556322,22915,sold as set on dotcom,-204,6/10/2011 10:51,0,Guest,United Kingdom,0
C539857,47567B,TEA TIME KITCHEN APRON,-1,12/22/2010 15:13,4.65,15358,United Kingdom,-4.65
C558110,84507C,BLUE CIRCLES DESIGN MONKEY DOLL,-6,6/26/2011 15:47,2.55,17731,United Kingdom,-15.3
C574027,22662,LUNCH BAG DOLLY GIRL DESIGN,-8,11/2/2011 12:32,1.65,13394,United Kingdom,-13.2
C542798,21429,RED GINGHAM ROSE JEWELLERY BOX,-1,2/1/2011 11:09,1.65,12477,Germany,-1.65
551434,20896,Unknown,-5,4/28/2011 15:07,0,Guest,United Kingdom,0
C566209,23356,LOVE HOT WATER BOTTLE,-4,9/9/2011 15:04,5.95,16362,United Kingdom,-23.8
C542257,22841,ROUND CAKE TIN VINTAGE GREEN,-2,1/26/2011 17:06,7.95,14341,United Kingdom,-15.9
542573,85110,Unknown,-1,1/28/2011 14:55,0,Guest,United Kingdom,0
C578363,22071,SMALL WHITE RETROSPOT MUG IN BOX ,-36,11/24/2011 10:40,1,15482,United Kingdom,-36
C555261,22384,LUNCH BAG PINK POLKADOT,-1,6/1/2011 15:37,1.65,16873,United Kingdom,-1.65
C548748,22423,REGENCY CAKESTAND 3 TIER,-8,4/4/2011 12:28,12.75,15223,United Kingdom,-102
C554011,21430,SET/3 RED GINGHAM ROSE STORAGE BOX,-2,5/20/2011 12:55,3.75,13151,United Kingdom,-7.5
C564279,84968A,SET OF 16 VINTAGE ROSE CUTLERY,-6,8/24/2011 10:54,12.75,17706,United Kingdom,-76.5
580547,21201,???,-390,12/5/2011 9:29,0,Guest,United Kingdom,0
C544696,22961,JAM MAKING SET PRINTED,-12,2/23/2011 9:41,1.45,14735,United Kingdom,-17.4
C545457,22780,LIGHT GARLAND BUTTERFILES PINK,-2,3/2/2011 17:18,4.25,17428,United Kingdom,-8.5
C554330,22767,TRIPLE PHOTO FRAME CORNICE ,-1,5/23/2011 17:08,9.95,12749,United Kingdom,-9.95
C556493,21900,"KEY FOB , SHED",-1,6/12/2011 14:56,0.65,17802,United Kingdom,-0.65
C565848,84029E,RED WOOLLY HOTTIE WHITE HEART.,-1,9/7/2011 12:48,4.25,14606,United Kingdom,-4.25
C569410,23032,DRAWER KNOB CRACKLE GLAZE IVORY,-6,10/4/2011 9:48,1.65,13364,United Kingdom,-9.9
C553024,23190,BUNDLE OF 3 SCHOOL EXERCISE BOOKS  ,-1,5/12/2011 19:28,1.65,13136,United Kingdom,-1.65
C564903,22360,GLASS JAR ENGLISH CONFECTIONERY,-3,8/31/2011 12:05,2.95,16984,United Kingdom,-8.85
C565848,21670,BLUE SPOT CERAMIC DRAWER KNOB,-38,9/7/2011 12:48,1.45,14606,United Kingdom,-55.1
C581465,23660,HENRIETTA HEN MUG ,-2,12/8/2011 18:59,1.65,15755,United Kingdom,-3.3
C560874,23176,ABC TREASURE BOOK BOX ,-3,7/21/2011 14:53,2.25,17677,United Kingdom,-6.75
C572481,23243,SET OF TEA COFFEE SUGAR TINS PANTRY,-4,10/24/2011 13:48,4.95,15632,United Kingdom,-19.8
C556920,23126,FELTCRAFT GIRL AMELIE KIT,-2,6/15/2011 13:49,4.95,13047,United Kingdom,-9.9
C568395,22306,SILVER MUG BONE CHINA TREE OF LIFE,-1,9/27/2011 10:21,1.06,17480,United Kingdom,-1.06
C580968,23542,WALL ART 70'S ALPHABET ,-2,12/6/2011 14:57,8.25,15622,United Kingdom,-16.5
C568421,23032,DRAWER KNOB CRACKLE GLAZE IVORY,-7,9/27/2011 11:19,1.65,16626,United Kingdom,-11.55
C570867,22668,PINK BABY BUNTING,-5,10/12/2011 16:17,2.95,12607,USA,-14.75
C578039,21843,RED RETROSPOT CAKE STAND,-1,11/22/2011 14:13,10.95,17338,United Kingdom,-10.95
C550472,22303,COFFEE MUG APPLES DESIGN,-2,4/18/2011 13:52,2.55,18009,United Kingdom,-5.1
C568237,22988,SOLDIERS EGG CUP ,-12,9/26/2011 11:59,1.25,13481,United Kingdom,-15
C577385,23660,HENRIETTA HEN MUG ,-1,11/18/2011 16:53,1.65,14189,United Kingdom,-1.65
C560855,21872,GLAMOROUS  MUG,-4,7/21/2011 13:00,1.25,14410,United Kingdom,-5
C557467,23237,SET OF 4 KNICK KNACK TINS LEAVES ,-2,6/20/2011 13:13,4.15,17157,United Kingdom,-8.3
C569959,23123,COCKTAIL SWORDS 50 PIECES,-3,10/6/2011 18:39,0.83,13983,United Kingdom,-2.49
541802,20854,Unknown,-80,1/21/2011 14:45,0,Guest,United Kingdom,0
C542273,22099,CARAVAN SQUARE TISSUE BOX,-9,1/27/2011 10:01,1.25,12578,Italy,-11.25
C542426,84945,MULTI COLOUR SILVER T-LIGHT HOLDER,-12,1/28/2011 9:32,0.85,14146,United Kingdom,-10.2
549000,35972,Unknown,-45,4/5/2011 14:35,0,Guest,United Kingdom,0
560215,16162M,Unknown,-84,7/15/2011 15:08,0,Guest,United Kingdom,0
C577391,22197,POPCORN HOLDER,-13,11/18/2011 17:03,0.72,13078,United Kingdom,-9.36
C579431,23263,SET OF 3 WOODEN HEART DECORATIONS,-12,11/29/2011 13:09,1.25,17584,United Kingdom,-15
C540377,21259,VICTORIAN SEWING BOX SMALL ,-3,1/6/2011 17:31,4.95,16656,United Kingdom,-14.85
C562618,22637,PIGGY BANK RETROSPOT ,-1,8/8/2011 12:32,2.55,13186,United Kingdom,-2.55
573118,85032D,damaged,-1,10/27/2011 16:19,0,Guest,United Kingdom,0
C554693,23203,JUMBO BAG DOILEY PATTERNS,-10,5/25/2011 16:59,2.08,14292,United Kingdom,-20.8
C556637,22088,PAPER BUNTING COLOURED LACE,-1,6/13/2011 15:32,2.95,15382,United Kingdom,-2.95
C556880,22697,GREEN REGENCY TEACUP AND SAUCER,-1,6/15/2011 12:12,2.95,18073,United Kingdom,-2.95
C549666,21470,FLOWER VINE RAFFIA FOOD COVER,-1,4/11/2011 12:17,3.75,13113,United Kingdom,-3.75
C576243,85123A,WHITE HANGING HEART T-LIGHT HOLDER,-1,11/14/2011 13:38,2.55,15953,United Kingdom,-2.55
549134,20758,Unknown,-54,4/6/2011 15:22,0,Guest,United Kingdom,0
C567627,23182,TOILET SIGN OCCUPIED OR VACANT,-1,9/21/2011 13:01,0.83,17511,United Kingdom,-0.83
C550668,22636,CHILDS BREAKFAST SET CIRCUS PARADE,-6,4/20/2011 9:49,7.65,12457,Switzerland,-45.9
C543764,79191C,RETRO PLASTIC ELEPHANT TRAY,-12,2/11/2011 15:16,0.85,17035,United Kingdom,-10.2
C553027,21314,SMALL GLASS HEART TRINKET POT,-1,5/12/2011 19:38,2.1,13741,United Kingdom,-2.1
C554373,22371,AIRLINE BAG VINTAGE TOKYO 78,-2,5/24/2011 11:23,3.75,16998,United Kingdom,-7.5
C562097,22197,POPCORN HOLDER,-1,8/2/2011 13:19,0.72,15311,United Kingdom,-0.72
C566742,22147,FELTCRAFT BUTTERFLY HEARTS,-1,9/14/2011 14:56,1.45,17422,United Kingdom,-1.45
C548577,21155,RED RETROSPOT PEG BAG,-200,4/1/2011 10:46,2.1,13694,United Kingdom,-420
C557478,22720,SET OF 3 CAKE TINS PANTRY DESIGN ,-3,6/20/2011 13:52,4.25,13408,United Kingdom,-12.75
576407,47590B,check,-57,11/15/2011 11:18,0,Guest,United Kingdom,0
C539068,84032B,CHARLIE + LOLA RED HOT WATER BOTTLE,-36,12/15/2010 16:56,1.25,13266,United Kingdom,-45
C559952,23146,TRIPLE HOOK ANTIQUE IVORY ROSE,-3,7/14/2011 10:57,3.29,17696,United Kingdom,-9.87
C557652,84944,SET OF 6 KASHMIR FOLKART BAUBLES,-10,6/21/2011 17:21,1.65,16145,United Kingdom,-16.5
C564907,23296,SET OF 6 TEA TIME BAKING CASES,-3,8/31/2011 12:24,1.25,18225,United Kingdom,-3.75
C542138,20857,BLUE ROSE PATCH PURSE PINK BUTTERFL,-15,1/25/2011 17:21,1.65,17368,United Kingdom,-24.75
C565843,21788,KIDS RAIN MAC BLUE,-1,9/7/2011 12:15,0.85,14606,United Kingdom,-0.85
C575160,71477,COLOUR GLASS. STAR T-LIGHT HOLDER,-2,11/8/2011 16:23,3.95,14911,EIRE,-7.9
C560735,71477,COLOUR GLASS. STAR T-LIGHT HOLDER,-360,7/20/2011 14:59,2.75,16013,United Kingdom,-990
C543661,21231,SWEETHEART CERAMIC TRINKET BOX,-2,2/11/2011 10:41,1.25,12471,Germany,-2.5
C567690,23207,LUNCH BAG ALPHABET DESIGN,-4,9/21/2011 17:01,1.65,15810,United Kingdom,-6.6
C542738,84078A,SET/4 WHITE RETRO STORAGE CUBES ,-12,1/31/2011 15:53,34.95,13089,United Kingdom,-419.4
C569911,23245,SET OF 3 REGENCY CAKE TINS,-2,10/6/2011 16:47,4.95,16653,United Kingdom,-9.9
542561,84424A,Unknown,-1,1/28/2011 14:52,0,Guest,United Kingdom,0
C540164,35400,WOODEN BOX ADVENT CALENDAR ,-2,1/5/2011 12:02,8.95,14911,EIRE,-17.9
C576397,23487,SWEET HEART CAKE CARRIER,-3,11/15/2011 10:48,9.95,13081,United Kingdom,-29.85
559410,84341B,Unknown,-179,7/8/2011 10:51,0,Guest,United Kingdom,0
561492,22528,Unknown,-1,7/27/2011 13:57,0,Guest,United Kingdom,0
C548830,M,Manual,-1,4/4/2011 13:08,2382.92,12744,Singapore,-2382.92
C555636,23140,TRIPLE WIRE HOOK IVORY HEART,-12,6/6/2011 12:33,4.15,15073,United Kingdom,-49.8
C570476,23503,PLAYING CARDS KEEP CALM & CARRY ON,-1,10/10/2011 16:54,1.25,17509,United Kingdom,-1.25
554023,82613B,Unknown,-71,5/20/2011 13:20,0,Guest,United Kingdom,0
C574318,21264,WHITE GOOSE FEATHER TREE 60CM ,-6,11/3/2011 19:11,1.95,16729,United Kingdom,-11.7
C574584,22173,METAL 4 HOOK HANGER FRENCH CHATEAU,-64,11/4/2011 18:11,2.75,15482,United Kingdom,-176
C556647,22488,NATURAL SLATE RECTANGLE CHALKBOARD,-12,6/13/2011 16:14,1.65,13012,United Kingdom,-19.8
C571499,22173,METAL 4 HOOK HANGER FRENCH CHATEAU,-32,10/17/2011 15:07,2.75,12454,Spain,-88
C564748,23155,KNICKERBOCKERGLORY MAGNET ASSORTED ,-6,8/30/2011 8:00,0.83,14911,EIRE,-4.98
C570647,23343,JUMBO BAG VINTAGE CHRISTMAS ,-100,10/11/2011 13:09,1.79,15125,United Kingdom,-179
C574493,23117,POPPY FIELDS CHOPPING BOARD,-1,11/4/2011 13:09,4.95,14842,United Kingdom,-4.95
C580966,23083,SET 6 PAPER TABLE LANTERN STARS ,-3,12/6/2011 14:52,3.75,16554,United Kingdom,-11.25
C569891,23407,SET OF 2 TRAYS HOME SWEET HOME,-2,10/6/2011 15:46,9.95,13924,United Kingdom,-19.9
C545421,22684,FRENCH BLUE METAL DOOR SIGN 9,-2,3/2/2011 14:28,1.25,13166,United Kingdom,-2.5
566768,16045,Unknown,-3667,9/14/2011 17:53,0,Guest,United Kingdom,0
548008,21190,Unknown,-80,3/29/2011 10:52,0,Guest,United Kingdom,0
C538705,21658,GLASS  BEURRE DISH,-1,12/14/2010 10:33,3.95,15093,United Kingdom,-3.95
C557463,22606,WOODEN SKITTLES GARDEN SET,-4,6/20/2011 13:03,3.25,14584,United Kingdom,-13
562164,21257,?,-94,8/3/2011 12:08,0,Guest,United Kingdom,0
C575224,23343,JUMBO BAG VINTAGE CHRISTMAS ,-100,11/9/2011 11:41,1.79,17511,United Kingdom,-179
C557663,84809A,WHITE CHRYSANTHEMUMS ART FLOWER,-2,6/21/2011 17:59,2.1,Guest,EIRE,-4.2
C566970,22960,JAM MAKING SET WITH JARS,-2,9/16/2011 8:51,4.25,13993,United Kingdom,-8.5
C568232,20719,WOODLAND CHARLOTTE BAG,-6,9/26/2011 11:27,0.85,14808,United Kingdom,-5.1
C564488,23022,SMALL BONNE JAM JAR  T-LIGHT HOLDER,-6,8/25/2011 14:12,2.08,16859,United Kingdom,-12.48
546020,85175,Amazon sold sets,-210,3/8/2011 17:27,0,Guest,United Kingdom,0
C550174,23002,TRAVEL CARD WALLET SKULLS,-8,4/14/2011 17:07,0.42,16394,United Kingdom,-3.36
C561083,22983,CARD BILLBOARD FONT,-121,7/24/2011 16:20,0.36,13230,United Kingdom,-43.56
C539950,85099C,JUMBO  BAG BAROQUE BLACK WHITE,-1,12/23/2010 11:50,1.95,13534,United Kingdom,-1.95
C558727,20914,SET/5 RED RETROSPOT LID GLASS BOWLS,-1,7/1/2011 14:35,2.55,12709,Germany,-2.55
C543818,21038,SET/4 MODERN VINTAGE COTTON NAPKINS,-2,2/13/2011 15:45,2.95,16897,United Kingdom,-5.9
543827,84406B,incorrectly made-thrown away.,-64,2/14/2011 9:44,0,Guest,United Kingdom,0
C538803,72802B,OCEAN SCENT CANDLE IN JEWELLED BOX,-1,12/14/2010 11:55,4.25,16262,United Kingdom,-4.25
C563600,84818,DANISH ROSE PHOTO FRAME,-18,8/18/2011 6:24,0.79,14911,EIRE,-14.22
C538066,22083,PAPER CHAIN KIT RETROSPOT,-1,12/9/2010 13:58,2.95,15738,United Kingdom,-2.95
C543026,21844,RED RETROSPOT MUG,-2,2/2/2011 14:44,2.95,16717,United Kingdom,-5.9
C562375,22698,PINK REGENCY TEACUP AND SAUCER,-48,8/4/2011 14:46,2.55,14911,EIRE,-122.4
C562221,21154,RED RETROSPOT OVEN GLOVE ,-10,8/3/2011 14:22,1.25,16525,United Kingdom,-12.5
C578007,22065,CHRISTMAS PUDDING TRINKET POT ,-1,11/22/2011 12:40,0.39,16474,United Kingdom,-0.39
C540307,21645,ASSORTED TUTTI FRUTTI ROUND BOX,-24,1/6/2011 12:58,1.65,15823,United Kingdom,-39.6
C571695,21975,PACK OF 60 DINOSAUR CAKE CASES,-24,10/18/2011 14:46,0.55,14776,United Kingdom,-13.2
C542799,85054,FRENCH ENAMEL POT W LID,-1,2/1/2011 11:12,2.95,14606,United Kingdom,-2.95
561663,22501,incorrectly put back into stock,-108,7/28/2011 16:40,0,Guest,United Kingdom,0
C548947,21143,ANTIQUE GLASS HEART DECORATION ,-1,4/5/2011 10:45,1.95,14546,United Kingdom,-1.95
C580708,84946,ANTIQUE SILVER T-LIGHT GLASS,-12,12/5/2011 16:33,1.25,14546,United Kingdom,-15
C543789,M,Manual,-1,2/11/2011 17:10,190.8,17450,United Kingdom,-190.8
C558112,22171,3 HOOK PHOTO SHELF ANTIQUE WHITE,-1,6/26/2011 16:08,8.5,17114,United Kingdom,-8.5
561103,85103,stock creditted wrongly,-32,7/25/2011 11:23,0,Guest,United Kingdom,0
C552022,22465,HANGING METAL STAR LANTERN,-4,5/5/2011 17:58,1.65,12840,United Kingdom,-6.6
C560533,23192,BUNDLE OF 3 ALPHABET EXERCISE BOOKS,-2,7/19/2011 12:00,1.65,16488,United Kingdom,-3.3
C554692,22960,JAM MAKING SET WITH JARS,-1,5/25/2011 16:57,4.25,12935,United Kingdom,-4.25
C561013,21535,RED RETROSPOT SMALL MILK JUG,-1,7/22/2011 16:12,2.55,16705,United Kingdom,-2.55
C577731,22812,PACK 3 BOXES CHRISTMAS PANETTONE,-6,11/21/2011 13:06,1.95,17811,United Kingdom,-11.7
C552650,D,Discount,-18,5/10/2011 14:03,1.45,16672,United Kingdom,-26.1
C543818,85071B,RED CHARLIE+LOLA PERSONAL DOORSIGN,-2,2/13/2011 15:45,2.95,16897,United Kingdom,-5.9
C538341,21731,RED TOADSTOOL LED NIGHT LIGHT,-1,12/10/2010 14:03,1.65,15514,United Kingdom,-1.65
C547725,22992,REVOLVER WOODEN RULER ,-6,3/25/2011 10:43,1.95,Guest,United Kingdom,-11.7
C578991,22996,TRAVEL CARD WALLET VINTAGE TICKET,-1,11/27/2011 15:31,0.42,15555,United Kingdom,-0.42
C547193,22428,ENAMEL FIRE BUCKET CREAM,-1,3/21/2011 12:38,6.95,17811,United Kingdom,-6.95
C542426,22653,BUTTON BOX ,-10,1/28/2011 9:32,1.95,14146,United Kingdom,-19.5
560214,16162L,Unknown,-54,7/15/2011 15:07,0,Guest,United Kingdom,0
C540535,21232,STRAWBERRY CERAMIC TRINKET BOX,-1,1/9/2011 14:17,1.25,15005,United Kingdom,-1.25
558446,22164,Unknown,-80,6/29/2011 13:40,0,Guest,United Kingdom,0
C548972,21928,JUMBO BAG SCANDINAVIAN BLUE PAISLEY,-10,4/5/2011 11:42,1.95,15674,United Kingdom,-19.5
C574658,22534,MAGIC DRAWING SLATE SPACEBOY ,-2,11/6/2011 11:44,0.42,15426,United Kingdom,-0.84
C542086,22423,REGENCY CAKESTAND 3 TIER,-1,1/25/2011 12:34,12.75,18277,United Kingdom,-12.75
C557651,23173,REGENCY TEAPOT ROSES ,-2,6/21/2011 17:20,8.15,17428,United Kingdom,-16.3
C575565,23110,PARISIENNE KEY CABINET ,-2,11/10/2011 11:22,5.75,14401,United Kingdom,-11.5
C542138,51014L,"FEATHER PEN,LIGHT PINK",-72,1/25/2011 17:21,0.85,17368,United Kingdom,-61.2
C558575,22693,GROW A FLYTRAP OR SUNFLOWER IN TIN,-24,6/30/2011 14:58,1.25,12674,France,-30
C543662,22423,REGENCY CAKESTAND 3 TIER,-5,2/11/2011 10:49,10.95,14441,United Kingdom,-54.75
C539644,21578,WOODLAND DESIGN  COTTON TOTE BAG,-2,12/20/2010 15:52,2.25,12471,Germany,-4.5
C555883,23169,CLASSIC GLASS COOKIE JAR,-3,6/7/2011 15:42,4.15,13862,United Kingdom,-12.45
C538350,35924,HANGING FAIRY CAKE DECORATION,-15,12/10/2010 15:01,1.69,13798,United Kingdom,-25.35
C562773,22424,ENAMEL BREAD BIN CREAM,-2,8/9/2011 12:18,12.75,17841,United Kingdom,-25.5
C563375,22989,SET 2 PANTRY DESIGN TEA TOWELS,-6,8/16/2011 10:27,3.25,14911,EIRE,-19.5
C540378,21445,12 PINK ROSE PEG PLACE SETTINGS,-4,1/6/2011 17:32,1.25,13715,United Kingdom,-5
551568,21038,Unknown,-6,5/3/2011 11:12,0,Guest,United Kingdom,0
C577151,84459A,PINK METAL CHICKEN HEART ,-24,11/18/2011 9:50,1.49,12781,Czech Republic,-35.76
C566751,22796,PHOTO FRAME 3 CLASSIC HANGING,-2,9/14/2011 15:42,9.95,14911,EIRE,-19.9
C540006,84352,SILVER CHRISTMAS TREE BAUBLE STAND ,-1,1/4/2011 10:48,16.95,14606,United Kingdom,-16.95
C559882,23106,ZINC HEARTS PLANT POT HOLDER,-12,7/13/2011 11:34,2.89,16156,United Kingdom,-34.68
C577547,23146,TRIPLE HOOK ANTIQUE IVORY ROSE,-1,11/20/2011 14:48,3.29,17841,United Kingdom,-3.29
C581100,22946,WOODEN ADVENT CALENDAR CREAM,-1,12/7/2011 11:44,16.95,14534,United Kingdom,-16.95
551442,85060,Unknown,-4,4/28/2011 15:50,0,Guest,United Kingdom,0
C553534,21467,CHERRY CROCHET FOOD COVER,-1,5/17/2011 15:15,3.75,14849,United Kingdom,-3.75
C562375,22910,PAPER CHAIN KIT VINTAGE CHRISTMAS,-200,8/4/2011 14:46,2.55,14911,EIRE,-510
C567685,23002,TRAVEL CARD WALLET SKULLS,-22,9/21/2011 16:35,0.42,16394,United Kingdom,-9.24
C542104,22960,JAM MAKING SET WITH JARS,-2,1/25/2011 13:26,3.75,16191,United Kingdom,-7.5
C560855,21205,MULTICOLOUR 3D BALLS GARLAND,-2,7/21/2011 13:00,2.55,14410,United Kingdom,-5.1
C537251,21915,RED  HARMONICA IN BOX ,-4,12/6/2010 10:45,1.25,Guest,United Kingdom,-5
C561227,84978,HANGING HEART JAR T-LIGHT HOLDER,-36,7/26/2011 10:15,1.06,12431,Australia,-38.16
C572532,22960,JAM MAKING SET WITH JARS,-1,10/24/2011 16:03,4.25,12380,Belgium,-4.25
C539090,22766,PHOTO FRAME CORNICE,-1,12/16/2010 9:48,2.95,16996,United Kingdom,-2.95
558476,84597B,damages,-6,6/29/2011 16:04,0,Guest,United Kingdom,0
C560526,22197,POPCORN HOLDER,-4,7/19/2011 11:57,0.72,16401,United Kingdom,-2.88
C581148,84817,DANISH ROSE DECORATIVE PLATE,-4,12/7/2011 14:02,2.1,12462,Spain,-8.4
C568646,POST,POSTAGE,-1,9/28/2011 11:45,3.38,13430,United Kingdom,-3.38
C543819,22838,3 TIER CAKE TIN RED AND CREAM,-1,2/13/2011 16:04,14.95,16928,United Kingdom,-14.95
C580263,70007,HI TEC ALPINE HAND WARMER,-12,12/2/2011 12:43,1.65,12536,France,-19.8
C545449,22666,RECIPE BOX PANTRY YELLOW DESIGN,-1,3/2/2011 16:38,2.95,16573,United Kingdom,-2.95
C552024,22990,COTTON APRON PANTRY DESIGN,-2,5/5/2011 18:01,4.95,14961,United Kingdom,-9.9
C573760,22556,PLASTERS IN TIN CIRCUS PARADE ,-2,11/1/2011 9:52,1.65,16648,United Kingdom,-3.3
C541790,82578,KITCHEN METAL SIGN,-12,1/21/2011 13:07,0.55,14175,United Kingdom,-6.6
C560409,15036,ASSORTED COLOURS SILK FAN,-24,7/18/2011 14:24,0.83,16717,United Kingdom,-19.92
C576850,22138,BAKING SET 9 PIECE RETROSPOT ,-3,11/16/2011 15:40,4.95,13924,United Kingdom,-14.85
549142,35650,Unknown,-24,4/6/2011 15:26,0,Guest,United Kingdom,0
573591,79323B,"Unsaleable, destroyed.",-1671,10/31/2011 15:15,0,Guest,United Kingdom,0
C554345,22730,ALARM CLOCK BAKELIKE IVORY,-2,5/23/2011 17:47,3.75,13767,United Kingdom,-7.5
C564426,84279P,CHERRY BLOSSOM  DECORATIVE FLASK,-1,8/25/2011 11:13,3.75,15804,United Kingdom,-3.75
571687,22149,check,-46,10/18/2011 14:23,0,Guest,United Kingdom,0
C558745,21844,RED RETROSPOT MUG,-1,7/1/2011 17:02,2.95,14415,United Kingdom,-2.95
C561591,22768,FAMILY PHOTO FRAME CORNICE,-1,7/28/2011 11:17,9.95,15708,United Kingdom,-9.95
C537251,22328,ROUND SNACK BOXES SET OF 4 FRUITS ,-2,12/6/2010 10:45,2.95,Guest,United Kingdom,-5.9
C562124,22200,FRYING PAN PINK POLKADOT,-4,8/2/2011 17:23,3.75,13081,United Kingdom,-15
C569945,21875,KINGS CHOICE MUG,-1,10/6/2011 18:14,1.25,14141,United Kingdom,-1.25
C560409,23232,WRAP VINTAGE LEAF DESIGN,-25,7/18/2011 14:24,0.42,16717,United Kingdom,-10.5
548897,47570B,Unknown,-70,4/4/2011 16:22,0,Guest,United Kingdom,0
C566197,85066,CREAM SWEETHEART MINI CHEST,-1,9/9/2011 13:54,12.75,18109,United Kingdom,-12.75
C577159,85048,15CM CHRISTMAS GLASS BALL 20 LIGHTS,-1,11/18/2011 9:58,7.95,15406,United Kingdom,-7.95
C564998,23343,JUMBO BAG VINTAGE CHRISTMAS ,-20,8/31/2011 16:14,2.08,17581,United Kingdom,-41.6
C570867,22204,MILK PAN BLUE POLKADOT,-4,10/12/2011 16:17,3.75,12607,USA,-15
C562375,22193,RED DINER WALL CLOCK,-12,8/4/2011 14:46,7.65,14911,EIRE,-91.8
C572467,M,Manual,-1,10/24/2011 13:29,276.08,Guest,United Kingdom,-276.08
549042,21681,Unknown,-2,4/5/2011 17:24,0,Guest,United Kingdom,0
547369,21898,Unknown,-83,3/22/2011 13:24,0,Guest,United Kingdom,0
C547913,POST,POSTAGE,-1,3/28/2011 12:34,13.39,Guest,United Kingdom,-13.39
C550013,21877,HOME SWEET HOME MUG,-1,4/14/2011 10:49,1.25,12982,United Kingdom,-1.25
C554973,23091,ZINC HERB GARDEN CONTAINER,-4,5/27/2011 16:48,6.25,14976,United Kingdom,-25
C577330,S,SAMPLES,-1,11/18/2011 14:16,75,Guest,United Kingdom,-75
C573037,23197,SKETCHBOOK MAGNETIC SHOPPING LIST,-6,10/27/2011 13:45,1.45,12471,Germany,-8.7
C554333,85123A,WHITE HANGING HEART T-LIGHT HOLDER,-3,5/23/2011 17:15,2.95,13310,United Kingdom,-8.85
C538350,22065,CHRISTMAS PUDDING TRINKET POT ,-4,12/10/2010 15:01,1.25,13798,United Kingdom,-5
C564208,22768,FAMILY PHOTO FRAME CORNICE,-1,8/24/2011 9:07,9.95,15469,United Kingdom,-9.95
C569967,23249,VINTAGE RED ENAMEL TRIM PLATE,-8,10/6/2011 18:54,1.45,17490,United Kingdom,-11.6
C569119,21915,RED  HARMONICA IN BOX ,-1,9/30/2011 12:57,1.25,14194,United Kingdom,-1.25
569855,23412,?,-30,10/6/2011 14:27,0,Guest,United Kingdom,0
C545436,20725,LUNCH BAG RED RETROSPOT,-1,3/2/2011 15:52,1.65,13093,United Kingdom,-1.65
C554266,22431,WATERING CAN BLUE ELEPHANT,-1,5/23/2011 12:48,1.95,12474,Germany,-1.95
C546278,22841,ROUND CAKE TIN VINTAGE GREEN,-1,3/10/2011 15:06,7.95,13476,United Kingdom,-7.95
561555,37477B,Unknown,-11,7/28/2011 10:21,0,Guest,United Kingdom,0
C566579,M,Manual,-1,9/13/2011 13:34,6.59,Guest,United Kingdom,-6.59
C578144,23170,REGENCY TEA PLATE ROSES ,-3,11/23/2011 11:06,1.65,16201,United Kingdom,-4.95
C559808,21891,TRADITIONAL WOODEN SKIPPING ROPE,-1,7/12/2011 14:49,1.45,13743,United Kingdom,-1.45
C562597,M,Manual,-1,8/8/2011 9:48,6.76,15518,United Kingdom,-6.76
C569851,21537,RED RETROSPOT PUDDING BOWL,-1,10/6/2011 14:02,3.75,17511,United Kingdom,-3.75
546010,22423,damages,-19,3/8/2011 15:55,0,Guest,United Kingdom,0
C570221,47566,PARTY BUNTING,-20,10/9/2011 12:56,3.74,13113,United Kingdom,-74.8
C563773,22730,ALARM CLOCK BAKELIKE IVORY,-8,8/19/2011 11:18,3.75,13048,United Kingdom,-30
C568557,22301,COFFEE MUG CAT + BIRD DESIGN,-4,9/27/2011 15:48,2.55,12681,France,-10.2
C540158,22964,3 PIECE SPACEBOY COOKIE CUTTER SET,-2,1/5/2011 11:42,2.1,12471,Germany,-4.2
C545671,22423,REGENCY CAKESTAND 3 TIER,-7,3/6/2011 10:08,10.95,15465,United Kingdom,-76.65
C539195,22942,CHRISTMAS LIGHTS 10 SANTAS ,-5,12/16/2010 12:05,8.5,12748,United Kingdom,-42.5
C572754,23071,MARIE ANTOINETTE TRINKET BOX GOLD,-24,10/25/2011 17:29,3,15482,United Kingdom,-72
C575150,23198,PANTRY MAGNETIC  SHOPPING LIST,-9,11/8/2011 16:05,1.45,12471,Germany,-13.05
549343,72815,Unknown,-3,4/8/2011 11:07,0,Guest,United Kingdom,0
C578832,22834,HAND WARMER BABUSHKA DESIGN,-32,11/25/2011 15:18,2.1,13069,United Kingdom,-67.2
548397,21195,Unknown,-30,3/30/2011 17:23,0,Guest,United Kingdom,0
546150,21503,Unknown,-140,3/9/2011 17:03,0,Guest,United Kingdom,0
C554535,M,Manual,-1,5/24/2011 17:36,60,17940,United Kingdom,-60
C556647,23081,GREEN METAL BOX ARMY SUPPLIES,-2,6/13/2011 16:14,8.25,13012,United Kingdom,-16.5
C553482,D,Discount,-1,5/17/2011 12:07,9.84,14527,United Kingdom,-9.84
C576216,85123A,WHITE HANGING HEART T-LIGHT HOLDER,-3,11/14/2011 12:56,2.95,12584,Italy,-8.85
C554341,22927,GREEN GIANT GARDEN THERMOMETER,-1,5/23/2011 17:41,5.95,15630,United Kingdom,-5.95
C559939,22147,FELTCRAFT BUTTERFLY HEARTS,-14,7/14/2011 10:19,1.45,14426,United Kingdom,-20.3
C571695,84992,72 SWEETHEART FAIRY CAKE CASES,-24,10/18/2011 14:46,0.55,14776,United Kingdom,-13.2
557390,21360,Show Samples,-4,6/20/2011 11:12,0,Guest,United Kingdom,0
C574505,23200,JUMBO BAG PEARS,-1,11/4/2011 13:22,2.08,13534,United Kingdom,-2.08
C572991,22582,PACK OF 6 SWEETIE GIFT BOXES,-12,10/27/2011 10:56,2.55,17672,United Kingdom,-30.6
C538062,21430,SET/3 RED GINGHAM ROSE STORAGE BOX,-1,12/9/2010 13:40,3.75,17702,United Kingdom,-3.75
C576325,23414,ZINC BOX SIGN HOME,-4,11/14/2011 15:13,9.95,15050,United Kingdom,-39.8
C574489,23485,BOTANICAL GARDENS WALL CLOCK ,-2,11/4/2011 13:03,25,18219,United Kingdom,-50
C545841,22729,ALARM CLOCK BAKELIKE ORANGE,-2,3/7/2011 13:36,3.75,17675,United Kingdom,-7.5
C544580,S,SAMPLES,-1,2/21/2011 14:25,9.99,Guest,United Kingdom,-9.99
C570221,20725,LUNCH BAG RED RETROSPOT,-10,10/9/2011 12:56,1.65,13113,United Kingdom,-16.5
C540417,20725,LUNCH BAG RED RETROSPOT,-100,1/7/2011 10:56,1.45,13680,United Kingdom,-145
C554527,23165,LARGE CERAMIC TOP STORAGE JAR,-18,5/24/2011 17:25,1.45,15251,United Kingdom,-26.1
C564940,22561,WOODEN SCHOOL COLOURING SET,-252,8/31/2011 13:10,1.45,12931,United Kingdom,-365.4
C542539,22567,20 DOLLY PEGS RETROSPOT,-12,1/28/2011 14:07,1.25,14229,United Kingdom,-15
C543611,21169,YOU'RE CONFUSING ME METAL SIGN ,-2,2/10/2011 14:38,1.45,17850,United Kingdom,-2.9
C547853,21041,RED RETROSPOT OVEN GLOVE DOUBLE,-1,3/27/2011 12:11,2.95,15615,United Kingdom,-2.95
C550181,22088,PAPER BUNTING COLOURED LACE,-15,4/14/2011 17:43,2.95,13069,United Kingdom,-44.25
C552031,84949,SILVER HANGING T-LIGHT HOLDER,-5,5/5/2011 18:14,1.65,13089,United Kingdom,-8.25
C567716,22429,ENAMEL MEASURING JUG CREAM,-1,9/22/2011 10:16,4.25,14543,United Kingdom,-4.25
C540555,22617,BAKING SET SPACEBOY DESIGN,-1,1/10/2011 9:56,4.95,16279,United Kingdom,-4.95
C555636,23138,SINGLE WIRE HOOK IVORY HEART,-12,6/6/2011 12:33,1.45,15073,United Kingdom,-17.4
C580180,22381,TOY TIDY PINK POLKADOT,-1,12/2/2011 12:00,2.1,14688,United Kingdom,-2.1
554360,22524,Unknown,-13,5/24/2011 9:59,0,Guest,United Kingdom,0
C542245,22941,CHRISTMAS LIGHTS 10 REINDEER,-3,1/26/2011 15:06,7.65,13098,United Kingdom,-22.95
560428,21634,Unknown,-169,7/18/2011 15:17,0,Guest,United Kingdom,0
C574424,22141,CHRISTMAS CRAFT TREE TOP ANGEL,-1,11/4/2011 11:23,2.1,16014,United Kingdom,-2.1
C569959,23328,SET 6 SCHOOL MILK BOTTLES IN CRATE,-1,10/6/2011 18:39,3.75,13983,United Kingdom,-3.75
C553372,M,Manual,-1,5/16/2011 14:37,293.08,Guest,United Kingdom,-293.08
C569985,22383,LUNCH BAG SUKI DESIGN ,-10,10/6/2011 19:51,1.65,15365,United Kingdom,-16.5
C570221,85099F,JUMBO BAG STRAWBERRY,-3,10/9/2011 12:56,2.08,13113,United Kingdom,-6.24
C561041,85062,PEARL CRYSTAL PUMPKIN T-LIGHT HLDR,-1,7/24/2011 12:10,1.65,15708,United Kingdom,-1.65
C537834,22697,GREEN REGENCY TEACUP AND SAUCER,-1,12/8/2010 14:54,2.95,13267,United Kingdom,-2.95
C580968,23527,WALL ART ANIMALS AND NATURE ,-6,12/6/2011 14:57,3.75,15622,United Kingdom,-22.5
C577832,22851,SET 20 NAPKINS FAIRY CAKES DESIGN ,-12,11/22/2011 10:18,0.85,18274,United Kingdom,-10.2
C546997,22915,ASSORTED BOTTLE TOP  MAGNETS ,-6,3/18/2011 13:32,0.42,12748,United Kingdom,-2.52
C564211,23112,PARISIENNE CURIO CABINET,-1,8/24/2011 9:11,7.5,17652,United Kingdom,-7.5
C577775,22220,CAKE STAND LOVEBIRD 2 TIER WHITE,-12,11/21/2011 16:00,8.5,12504,Germany,-102
C570902,22361,GLASS JAR DAISY FRESH COTTON WOOL,-1,10/13/2011 10:53,2.95,17724,United Kingdom,-2.95
C569985,22730,ALARM CLOCK BAKELIKE IVORY,-4,10/6/2011 19:51,3.75,15365,United Kingdom,-15
C573502,22064,PINK DOUGHNUT TRINKET POT ,-2,10/31/2011 12:02,1.65,14808,United Kingdom,-3.3
C550024,22423,REGENCY CAKESTAND 3 TIER,-11,4/14/2011 11:19,12.75,13089,United Kingdom,-140.25
C551285,20703,BLUE PADDED SOFT MOBILE,-1,4/27/2011 14:07,4.25,15005,United Kingdom,-4.25
C560436,M,Manual,-1,7/18/2011 16:04,705.45,17603,United Kingdom,-705.45
C544436,22632,HAND WARMER RED RETROSPOT,-1,2/18/2011 16:52,2.1,18172,United Kingdom,-2.1
C565025,82494L,WOODEN FRAME ANTIQUE WHITE ,-2,8/31/2011 16:32,2.95,13050,United Kingdom,-5.9
C540243,22851,SET 20 NAPKINS FAIRY CAKES DESIGN ,-1,1/5/2011 15:32,0.85,12585,Germany,-0.85
C549438,23183,MOTHER'S KITCHEN SPOON REST ,-1,4/8/2011 12:39,3.75,12471,Germany,-3.75
569464,23268,Incorrect stock entry.,-1440,10/4/2011 11:40,0,Guest,United Kingdom,0
549952,37482P,Damaged,-93,4/13/2011 13:05,0,Guest,United Kingdom,0
C575224,22411,JUMBO SHOPPER VINTAGE RED PAISLEY,-100,11/9/2011 11:41,1.79,17511,United Kingdom,-179
C560409,22672,FRENCH BATHROOM SIGN BLUE METAL,-12,7/18/2011 14:24,1.65,16717,United Kingdom,-19.8
C537807,21730,GLASS STAR FROSTED T-LIGHT HOLDER,-3,12/8/2010 13:23,4.95,13495,United Kingdom,-14.85
C538059,21210,SET OF 72 RETROSPOT PAPER  DOILIES,-12,12/9/2010 13:38,1.45,14205,United Kingdom,-17.4
575615,82582,??,-130,11/10/2011 12:51,0,Guest,United Kingdom,0
C539576,84032B,CHARLIE + LOLA RED HOT WATER BOTTLE,-24,12/20/2010 12:25,2.95,14911,EIRE,-70.8
C557663,20718,RED RETROSPOT SHOPPER BAG,-11,6/21/2011 17:59,1.25,Guest,EIRE,-13.75
C566462,20979,36 PENCILS TUBE RED RETROSPOT,-6,9/12/2011 17:49,1.25,14276,United Kingdom,-7.5
C571927,21452,TOADSTOOL MONEY BOX,-1,10/19/2011 16:41,2.95,13109,United Kingdom,-2.95
580990,21109,wet,-48,12/6/2011 16:54,0,Guest,United Kingdom,0
C543811,22634,CHILDS BREAKFAST SET SPACEBOY ,-1,2/13/2011 14:28,9.95,15640,United Kingdom,-9.95
580087,84341B,Unknown,-2,12/1/2011 14:27,0,Guest,United Kingdom,0
C549045,22424,ENAMEL BREAD BIN CREAM,-1,4/6/2011 9:25,12.75,14407,United Kingdom,-12.75
C569655,22961,JAM MAKING SET PRINTED,-1,10/5/2011 12:58,1.45,14534,United Kingdom,-1.45
C555398,22325,MOBILE VINTAGE HEARTS ,-3,6/2/2011 17:30,4.95,17375,United Kingdom,-14.85
C548577,21154,RED RETROSPOT OVEN GLOVE ,-200,4/1/2011 10:46,1.06,13694,United Kingdom,-212
C572491,23245,SET OF 3 REGENCY CAKE TINS,-1,10/24/2011 14:02,4.95,13047,United Kingdom,-4.95
C544901,22358,KINGS CHOICE TEA CADDY ,-4,2/24/2011 13:02,2.95,15078,United Kingdom,-11.8
C561596,23245,SET OF 3 REGENCY CAKE TINS,-3,7/28/2011 11:23,4.95,16558,United Kingdom,-14.85
C564487,D,Discount,-1,8/25/2011 14:07,11.52,15838,United Kingdom,-11.52
C562223,22655,VINTAGE RED KITCHEN CABINET,-2,8/3/2011 14:34,125,15804,United Kingdom,-250
569831,20713,wrongly coded-23343,-800,10/6/2011 12:38,0,Guest,United Kingdom,0
C539945,84970S,HANGING HEART ZINC T-LIGHT HOLDER,-1,12/23/2010 11:40,0.85,17069,United Kingdom,-0.85
C551670,21314,SMALL GLASS HEART TRINKET POT,-2,5/3/2011 12:38,2.1,15898,United Kingdom,-4.2
549375,20863,Unknown,-6,4/8/2011 11:29,0,Guest,United Kingdom,0
C581330,16169E,WRAP 50'S  CHRISTMAS,-100,12/8/2011 11:57,0.42,15877,United Kingdom,-42
C543830,22847,BREAD BIN DINER STYLE IVORY,-1,2/14/2011 9:54,16.95,12476,Germany,-16.95
C545531,22180,RETROSPOT LAMP,-1,3/3/2011 13:45,9.95,17675,United Kingdom,-9.95
C558036,AMAZONFEE,AMAZON FEE,-1,6/24/2011 12:31,5791.18,Guest,United Kingdom,-5791.18
C549922,22423,REGENCY CAKESTAND 3 TIER,-1,4/13/2011 9:55,12.75,15674,United Kingdom,-12.75
545127,22024,Unknown,-50,2/28/2011 12:04,0,Guest,United Kingdom,0
C564134,23196,VINTAGE LEAF MAGNETIC NOTEPAD,-8,8/23/2011 11:02,1.45,12456,Switzerland,-11.6
C562962,22173,METAL 4 HOOK HANGER FRENCH CHATEAU,-1,8/11/2011 10:26,2.95,17579,United Kingdom,-2.95
C551540,22993,SET OF 4 PANTRY JELLY MOULDS,-12,5/3/2011 8:47,1.25,14735,United Kingdom,-15
C579791,23485,BOTANICAL GARDENS WALL CLOCK ,-4,11/30/2011 15:43,20.8,15969,United Kingdom,-83.2
572564,40016,Unknown,-108,10/25/2011 9:56,0,Guest,United Kingdom,0
C574078,72807C,SET/3 VANILLA SCENTED CANDLE IN BOX,-1,11/2/2011 16:16,4.25,14911,EIRE,-4.25
C566180,22798,ANTIQUE GLASS DRESSING TABLE POT,-2,9/9/2011 12:52,2.95,16173,United Kingdom,-5.9
C568582,21217,RED RETROSPOT ROUND CAKE TINS,-1,9/28/2011 10:02,9.95,13014,United Kingdom,-9.95
556015,37501,Unknown,-13,6/8/2011 11:50,0,Guest,United Kingdom,0
C579882,21871,SAVE THE PLANET MUG,-6,11/30/2011 17:28,1.65,13050,United Kingdom,-9.9
568406,18094C,Unknown,-67,9/27/2011 10:37,0,Guest,United Kingdom,0
549139,22988,Unknown,-91,4/6/2011 15:26,0,Guest,United Kingdom,0
552226,22035,Unknown,-160,5/6/2011 15:26,0,Guest,United Kingdom,0
C580263,M,Manual,-16,12/2/2011 12:43,0.29,12536,France,-4.64
C579169,22726,ALARM CLOCK BAKELIKE GREEN,-1,11/28/2011 14:26,3.75,17924,United Kingdom,-3.75
C566942,23209,LUNCH BAG VINTAGE DOILY ,-1,9/15/2011 16:16,1.65,17139,United Kingdom,-1.65
C544433,21232,STRAWBERRY CERAMIC TRINKET BOX,-1,2/18/2011 15:59,1.25,15601,United Kingdom,-1.25
C542078,22461,SAVOY ART DECO CLOCK,-1,1/25/2011 12:11,12.75,12854,United Kingdom,-12.75
C538123,22331,WOODLAND PARTY BAG + STICKER SET,-1,12/9/2010 15:41,1.65,12605,Germany,-1.65
C539467,22697,GREEN REGENCY TEACUP AND SAUCER,-1,12/19/2010 12:46,2.95,15044,United Kingdom,-2.95
C565615,21197,MULTICOLOUR  CONFETTI IN TUBE,-21,9/5/2011 15:20,1.65,12683,France,-34.65
C548723,20830,SILVER PHOTO FRAME,-1,4/4/2011 9:02,2.1,15874,United Kingdom,-2.1
C552556,48184,DOORMAT ENGLISH ROSE ,-2,5/10/2011 11:21,7.95,17504,United Kingdom,-15.9
C545506,22907,PACK OF 20 NAPKINS PANTRY DESIGN,-12,3/3/2011 11:42,0.85,Guest,EIRE,-10.2
C570453,M,Manual,-1,10/10/2011 15:19,821.9,Guest,United Kingdom,-821.9
C537805,22719,GUMBALL MONOCHROME COAT RACK,-3,12/8/2010 13:18,1.06,15311,United Kingdom,-3.18
C570221,37448,CERAMIC CAKE DESIGN SPOTTED MUG,-3,10/9/2011 12:56,1.49,13113,United Kingdom,-4.47
559379,79337,Unknown,-8,7/8/2011 10:42,0,Guest,United Kingdom,0
C579894,23012,GLASS APOTHECARY BOTTLE PERFUME,-1,12/1/2011 8:26,3.95,13098,United Kingdom,-3.95
C538350,85150,LADIES & GENTLEMEN METAL SIGN,-1,12/10/2010 15:01,2.1,13798,United Kingdom,-2.1
C576908,22551,PLASTERS IN TIN SPACEBOY,-1,11/17/2011 9:39,1.65,12670,France,-1.65
C575667,22441,GROW YOUR OWN BASIL IN ENAMEL MUG,-1,11/10/2011 14:56,2.1,14032,United Kingdom,-2.1
C542913,22197,SMALL POPCORN HOLDER,-2,2/1/2011 15:57,0.85,16779,United Kingdom,-1.7
581190,84801A,check,-102,12/7/2011 16:55,0,Guest,United Kingdom,0
C559939,22464,HANGING METAL HEART LANTERN,-12,7/14/2011 10:19,1.65,14426,United Kingdom,-19.8
C546548,22147,FELTCRAFT BUTTERFLY HEARTS,-1,3/14/2011 16:42,1.45,16518,United Kingdom,-1.45
C560540,23232,WRAP VINTAGE LEAF DESIGN,-1,7/19/2011 12:26,0.42,12415,Australia,-0.42
C564491,23302,KNEELING MAT HOUSEWORK  DESIGN,-1,8/25/2011 14:15,1.65,18204,United Kingdom,-1.65
C575065,23404,HOME SWEET HOME BLACKBOARD,-2,11/8/2011 12:40,4.95,13924,United Kingdom,-9.9
C567130,M,Manual,-1,9/16/2011 14:11,1039.73,Guest,United Kingdom,-1039.73
551553,22521,Unknown,-90,5/3/2011 10:15,0,Guest,United Kingdom,0
551695,22467,Unknown,-8,5/3/2011 13:37,0,Guest,United Kingdom,0
C553568,22423,REGENCY CAKESTAND 3 TIER,-2,5/18/2011 9:20,10.95,13650,United Kingdom,-21.9
C557663,85169A,IVORY LOVE BIRD CANDLE,-12,6/21/2011 17:59,1.25,Guest,EIRE,-15
C570704,M,Manual,-18,10/12/2011 9:54,1,13208,United Kingdom,-18
547995,35823P,Unknown,-12,3/29/2011 10:20,0,Guest,United Kingdom,0
C540417,20728,LUNCH BAG CARS BLUE,-30,1/7/2011 10:56,1.65,13680,United Kingdom,-49.5
C570447,22728,ALARM CLOCK BAKELIKE PINK,-3,10/10/2011 14:50,3.75,16791,United Kingdom,-11.25
C571320,22364,GLASS JAR DIGESTIVE BISCUITS,-4,10/17/2011 10:57,2.95,13089,United Kingdom,-11.8
C536391,22556,PLASTERS IN TIN CIRCUS PARADE ,-12,12/1/2010 10:24,1.65,17548,United Kingdom,-19.8
C560540,23296,SET OF 6 TEA TIME BAKING CASES,-2,7/19/2011 12:26,1.25,12415,Australia,-2.5
C554716,22662,LUNCH BAG DOLLY GIRL DESIGN,-1,5/26/2011 11:03,1.65,Guest,United Kingdom,-1.65
C564488,85231B,CINAMMON SET OF 9 T-LIGHTS,-11,8/25/2011 14:12,0.85,16859,United Kingdom,-9.35
C571695,23006,TRAVEL CARD WALLET FLOWER MEADOW,-24,10/18/2011 14:46,0.42,14776,United Kingdom,-10.08
C547043,22720,SET OF 3 CAKE TINS PANTRY DESIGN ,-1,3/20/2011 11:19,4.95,16156,United Kingdom,-4.95
C569989,23333,IVORY WICKER HEART MEDIUM,-12,10/6/2011 20:08,1.25,16839,United Kingdom,-15
C541735,22908,PACK OF 20 NAPKINS RED APPLES,-2,1/21/2011 11:35,0.85,12626,Germany,-1.7
C542910,20726,LUNCH BAG WOODLAND,-1,2/1/2011 15:38,1.45,17511,United Kingdom,-1.45
566067,20686,Unknown,-95,9/8/2011 16:36,0,Guest,United Kingdom,0
C538691,22645,CERAMIC HEART FAIRY CAKE MONEY BANK,-2,12/14/2010 9:56,1.45,14176,United Kingdom,-2.9
C569989,21481,FAWN BLUE HOT WATER BOTTLE,-26,10/6/2011 20:08,2.55,16839,United Kingdom,-66.3
C536820,22869,NUMBER TILE COTTAGE GARDEN 1,-1,12/2/2010 17:14,1.95,18168,United Kingdom,-1.95
C571707,M,Manual,-2,10/18/2011 15:33,0.42,14056,United Kingdom,-0.84
C554716,23206,LUNCH BAG APPLE DESIGN,-1,5/26/2011 11:03,1.65,Guest,United Kingdom,-1.65
C545677,22624,IVORY KITCHEN SCALES,-4,3/6/2011 10:48,7.65,14543,United Kingdom,-30.6
549011,62096B,Unknown,-8,4/5/2011 14:41,0,Guest,United Kingdom,0
537401,84898F,Unknown,-24,12/6/2010 14:37,0,Guest,United Kingdom,0
C564486,S,SAMPLES,-1,8/25/2011 13:57,280.17,Guest,United Kingdom,-280.17
C546517,82483,WOOD 2 DRAWER CABINET WHITE FINISH,-1,3/14/2011 12:24,6.95,15308,United Kingdom,-6.95
C579934,21422,PORCELAIN ROSE SMALL,-2,12/1/2011 9:44,0.85,14860,United Kingdom,-1.7
C544451,21658,GLASS  BEURRE DISH,-1,2/20/2011 12:31,3.95,13097,United Kingdom,-3.95
C551557,22501,PICNIC BASKET WICKER LARGE,-6,5/3/2011 10:37,8.5,13113,United Kingdom,-51
C538341,22726,ALARM CLOCK BAKELIKE GREEN,-1,12/10/2010 14:03,3.75,15514,United Kingdom,-3.75
C563223,37449,CERAMIC CAKE STAND + HANGING CAKES,-2,8/14/2011 14:30,9.95,16292,United Kingdom,-19.9
C555729,23118,PARISIENNE JEWELLERY DRAWER ,-1,6/6/2011 16:50,7.5,13552,United Kingdom,-7.5
C567717,23111,PARISIENNE SEWING BOX,-1,9/22/2011 10:20,12.5,15601,United Kingdom,-12.5
C538099,22457,NATURAL SLATE HEART CHALKBOARD ,-3,12/9/2010 14:58,2.95,15279,United Kingdom,-8.85
C568370,90143,SILVER BRACELET W PASTEL FLOWER,-1,9/26/2011 16:43,7.5,15154,United Kingdom,-7.5
C537860,21242,RED RETROSPOT PLATE ,-8,12/8/2010 16:15,1.69,16252,United Kingdom,-13.52
C549921,22798,ANTIQUE GLASS DRESSING TABLE POT,-2,4/13/2011 9:53,2.95,15109,United Kingdom,-5.9
C560563,23174,REGENCY SUGAR BOWL GREEN,-2,7/19/2011 13:37,4.15,14911,EIRE,-8.3
C575081,23480,MINI LIGHTS WOODLAND MUSHROOMS,-5,11/8/2011 13:30,3.75,12483,Sweden,-18.75
547646,84849D,Unknown,-80,3/24/2011 11:42,0,Guest,United Kingdom,0
C574850,23240,SET OF 4 KNICK KNACK TINS DOILY ,-10,11/7/2011 12:03,4.15,14702,United Kingdom,-41.5
C550810,22654,DELUXE SEWING KIT ,-2,4/20/2011 15:58,5.95,15135,United Kingdom,-11.9
C561233,22231,JIGSAW TREE WITH BIRDHOUSE,-1,7/26/2011 10:24,0.59,17422,United Kingdom,-0.59
C562786,M,Manual,-1,8/9/2011 13:43,250,15581,United Kingdom,-250
C541961,22768,FAMILY PHOTO FRAME CORNICE,-1,1/24/2011 12:58,9.95,17799,United Kingdom,-9.95
C543633,22697,GREEN REGENCY TEACUP AND SAUCER,-1,2/10/2011 16:24,2.95,17188,United Kingdom,-2.95
C553508,84950,ASSORTED COLOUR T-LIGHT HOLDER,-3,5/17/2011 13:44,0.65,14000,United Kingdom,-1.95
C577832,21974,SET OF 36 PAISLEY FLOWER DOILIES,-12,11/22/2011 10:18,1.45,18274,United Kingdom,-17.4
C570274,22469,HEART OF WICKER SMALL,-33,10/10/2011 10:52,1.45,13113,United Kingdom,-47.85
C548387,22849,BREAD BIN DINER STYLE MINT,-2,3/30/2011 16:49,16.95,14794,United Kingdom,-33.9
570599,84596G,??,-365,10/11/2011 12:00,0,Guest,United Kingdom,0
549146,85017A,Unknown,-10,4/6/2011 15:29,0,Guest,United Kingdom,0
C570867,23290,SPACEBOY CHILDRENS BOWL,-8,10/12/2011 16:17,1.25,12607,USA,-10
C553906,82482,WOODEN PICTURE FRAME WHITE FINISH,-1,5/19/2011 18:13,2.55,16554,United Kingdom,-2.55
C581228,22423,REGENCY CAKESTAND 3 TIER,-6,12/8/2011 10:06,10.95,16019,United Kingdom,-65.7
C567349,23110,PARISIENNE KEY CABINET ,-1,9/19/2011 16:01,5.75,13375,United Kingdom,-5.75
C574473,23084,RABBIT NIGHT LIGHT,-6,11/4/2011 12:05,2.08,15809,United Kingdom,-12.48
C549692,82583,HOT BATHS METAL SIGN,-1,4/11/2011 13:43,2.1,13668,United Kingdom,-2.1
C559253,23236,DOILEY STORAGE TIN,-1,7/7/2011 11:44,2.89,12472,Germany,-2.89
C579911,23085,ANTIQUE SILVER BAUBLE LAMP  ,-1,12/1/2011 8:53,10.4,14525,United Kingdom,-10.4
C569967,22429,ENAMEL MEASURING JUG CREAM,-1,10/6/2011 18:54,4.25,17490,United Kingdom,-4.25
C554864,22962,JAM JAR WITH PINK LID,-4,5/27/2011 10:36,0.85,15122,United Kingdom,-3.4
C574487,23015,CORDIAL GLASS JUG,-4,11/4/2011 12:57,8.25,14112,United Kingdom,-33
C560317,21730,GLASS STAR FROSTED T-LIGHT HOLDER,-1,7/18/2011 10:54,4.95,15527,United Kingdom,-4.95
C557521,84422,PINK/BLUE DISC/MIRROR STRING,-48,6/20/2011 17:20,0.39,13694,United Kingdom,-18.72
C574492,22725,ALARM CLOCK BAKELIKE CHOCOLATE,-1,11/4/2011 13:06,3.75,16656,United Kingdom,-3.75
C569902,23092,LARGE ANTIQUE WHITE PHOTO FRAME,-1,10/6/2011 16:20,7.9,13647,United Kingdom,-7.9
C562952,23245,SET OF 3 REGENCY CAKE TINS,-1,8/11/2011 10:10,4.95,12749,United Kingdom,-4.95
C569128,21733,RED HANGING HEART T-LIGHT HOLDER,-1,9/30/2011 13:34,2.95,15034,United Kingdom,-2.95
C574515,22187,GREEN CHRISTMAS TREE CARD HOLDER,-1,11/4/2011 13:38,1.95,15159,United Kingdom,-1.95
C549269,75049L,LARGE CIRCULAR MIRROR MOBILE,-9,4/7/2011 12:47,0.85,16701,United Kingdom,-7.65
C554540,22847,BREAD BIN DINER STYLE IVORY,-2,5/24/2011 17:49,14.95,15125,United Kingdom,-29.9
C553877,22960,JAM MAKING SET WITH JARS,-2,5/19/2011 14:47,4.25,13319,United Kingdom,-8.5
C560822,M,Manual,-1,7/21/2011 11:20,770.26,Guest,United Kingdom,-770.26
561255,DCGS0066P,Unknown,-3,7/26/2011 11:52,0,Guest,United Kingdom,0
C562375,23174,REGENCY SUGAR BOWL GREEN,-48,8/4/2011 14:46,3.75,14911,EIRE,-180
C554871,22960,JAM MAKING SET WITH JARS,-2,5/27/2011 10:58,4.25,18225,United Kingdom,-8.5
C568598,23393,HOME SWEET HOME CUSHION COVER ,-1,9/28/2011 11:19,3.75,15737,United Kingdom,-3.75
C563537,M,Manual,-1,8/17/2011 11:40,793.32,Guest,United Kingdom,-793.32
575909,20711,check,-220,11/11/2011 16:02,0,Guest,United Kingdom,0
C560855,23177,TREASURE ISLAND BOOK BOX,-2,7/21/2011 13:00,2.25,14410,United Kingdom,-4.5
C548375,22626,BLACK KITCHEN SCALES,-4,3/30/2011 16:39,8.5,14256,United Kingdom,-34
C555274,23112,PARISIENNE CURIO CABINET,-1,6/1/2011 16:34,7.5,14911,EIRE,-7.5
C570867,22708,WRAP DOLLY GIRL,-25,10/12/2011 16:17,0.42,12607,USA,-10.5
C543195,22423,REGENCY CAKESTAND 3 TIER,-1,2/4/2011 12:29,10.95,13113,United Kingdom,-10.95
C547889,20934,SET/3 POT PLANT CANDLES,-1,3/28/2011 10:02,5.45,14410,United Kingdom,-5.45
C559939,21733,RED HANGING HEART T-LIGHT HOLDER,-6,7/14/2011 10:19,2.95,14426,United Kingdom,-17.7
C567440,22424,ENAMEL BREAD BIN CREAM,-1,9/20/2011 11:58,12.75,17841,United Kingdom,-12.75
538906,21895,Unknown,-5,12/15/2010 10:31,0,Guest,United Kingdom,0
C578371,22972,CHILDREN'S SPACEBOY MUG,-1,11/24/2011 11:16,1.65,14410,United Kingdom,-1.65
C570122,21313,GLASS HEART T-LIGHT HOLDER ,-1,10/7/2011 12:58,0.85,15874,United Kingdom,-0.85
573503,22595,check,-80,10/31/2011 12:03,0,Guest,United Kingdom,0
C563752,22659,LUNCH BOX I LOVE LONDON,-6,8/19/2011 10:38,1.95,12362,Belgium,-11.7
C567716,22848,BREAD BIN DINER STYLE PINK,-1,9/22/2011 10:16,14.95,14543,United Kingdom,-14.95
568233,21586,Unknown,-147,9/26/2011 11:37,0,Guest,United Kingdom,0
C547409,23176,ABC TREASURE BOOK BOX ,-8,3/23/2011 8:59,2.25,13092,United Kingdom,-18
C553407,POST,POSTAGE,-1,5/17/2011 8:58,40,15768,United Kingdom,-40
C539657,21876,POTTERING MUG,-1,12/20/2010 17:24,1.25,16134,United Kingdom,-1.25
C550494,20712,JUMBO BAG WOODLAND ANIMALS,-1,4/18/2011 14:54,1.79,15311,United Kingdom,-1.79
C566168,M,Manual,-1,9/9/2011 12:02,116.69,Guest,United Kingdom,-116.69
C537832,21527,RED RETROSPOT TRADITIONAL TEAPOT ,-2,12/8/2010 14:52,6.95,16858,United Kingdom,-13.9
C577353,POST,POSTAGE,-1,11/18/2011 15:45,4,12781,Czech Republic,-4
544649,21621,?,-400,2/22/2011 12:37,0,Guest,United Kingdom,0
C557658,22778,GLASS CLOCHE SMALL,-1,6/21/2011 17:41,3.95,13630,United Kingdom,-3.95
C536814,21258,VICTORIAN SEWING BOX LARGE,-1,12/2/2010 17:03,12.75,13958,United Kingdom,-12.75
C580954,84997D,CHILDRENS CUTLERY POLKADOT PINK,-4,12/6/2011 14:19,3.75,12967,United Kingdom,-15
C552570,21463,MIRRORED DISCO BALL ,-2,5/10/2011 12:07,5.95,15676,United Kingdom,-11.9
C575980,20724,RED RETROSPOT CHARLOTTE BAG,-1,11/13/2011 13:39,0.85,12867,United Kingdom,-0.85
C553914,85066,CREAM SWEETHEART MINI CHEST,-2,5/19/2011 19:50,12.75,18109,United Kingdom,-25.5
C562048,23209,LUNCH BAG DOILEY PATTERN ,-1,8/2/2011 11:19,1.65,13534,United Kingdom,-1.65
C551018,21424,WOODLAND STORAGE BOX LARGE ,-1,4/26/2011 11:19,2.95,12705,Germany,-2.95
C552213,21314,SMALL GLASS HEART TRINKET POT,-2,5/6/2011 15:10,2.1,13499,United Kingdom,-4.2
C569485,23236,STORAGE TIN VINTAGE DOILY ,-1,10/4/2011 12:47,2.89,12705,Germany,-2.89
C558313,23245,SET OF 3 REGENCY CAKE TINS,-3,6/28/2011 11:31,4.95,13870,United Kingdom,-14.85
C566165,22423,REGENCY CAKESTAND 3 TIER,-1,9/9/2011 11:57,12.75,14911,EIRE,-12.75
C574487,23436,VINTAGE CHRISTMAS GIFT BAG LARGE ,-12,11/4/2011 12:57,1.25,14112,United Kingdom,-15
C578991,85204,HANGING WOOD AND FELT FLOWER,-1,11/27/2011 15:31,0.12,15555,United Kingdom,-0.12
C557965,20682,RED RETROSPOT CHILDRENS UMBRELLA,-1,6/24/2011 9:32,3.25,13115,United Kingdom,-3.25
C539448,20802,SMALL GLASS SUNDAE DISH CLEAR,-36,12/17/2010 16:25,0.42,15157,United Kingdom,-15.12
C555013,23112,PARISIENNE CURIO CABINET,-1,5/31/2011 10:44,7.5,12601,Germany,-7.5
C575626,23581,JUMBO BAG PAISLEY PARK,-1,11/10/2011 13:21,2.08,17651,United Kingdom,-2.08
C564488,84945,MULTI COLOUR SILVER T-LIGHT HOLDER,-9,8/25/2011 14:12,0.85,16859,United Kingdom,-7.65
C571507,22961,JAM MAKING SET PRINTED,-2,10/17/2011 15:24,1.45,13919,Denmark,-2.9
C560242,22501,PICNIC BASKET WICKER LARGE,-1,7/17/2011 12:03,9.95,14659,United Kingdom,-9.95
C575585,21259,VICTORIAN SEWING BOX SMALL ,-1,11/10/2011 11:57,5.95,15839,United Kingdom,-5.95
C572299,85066,CREAM SWEETHEART MINI CHEST,-1,10/23/2011 14:35,12.75,13598,United Kingdom,-12.75
C562773,22220,CAKE STAND LOVEBIRD 2 TIER WHITE,-2,8/9/2011 12:18,9.95,17841,United Kingdom,-19.9
C579764,20914,SET/5 RED RETROSPOT LID GLASS BOWLS,-1,11/30/2011 15:07,2.95,14936,Channel Islands,-2.95
C581229,79191C,RETRO PLASTIC ELEPHANT TRAY,-24,12/8/2011 10:14,0.85,12558,USA,-20.4
C555262,23298,SPOTTY BUNTING,-3,6/1/2011 15:39,4.95,12909,United Kingdom,-14.85
C569996,23221,REINDEER HEART DECORATION SILVER,-12,10/6/2011 20:38,0.83,15322,United Kingdom,-9.96
550800,22458,Missing,-65,4/20/2011 14:48,0,Guest,United Kingdom,0
C543918,71459,HANGING JAM JAR T-LIGHT HOLDER,-5,2/14/2011 13:42,0.85,12921,United Kingdom,-4.25
C569636,22910,PAPER CHAIN KIT VINTAGE CHRISTMAS,-6,10/5/2011 12:14,2.95,12841,United Kingdom,-17.7
C553687,22646,CERAMIC STRAWBERRY CAKE MONEY BANK,-1,5/18/2011 14:01,1.25,15311,United Kingdom,-1.25
C539943,22892,SET OF SALT AND PEPPER TOADSTOOLS,-1,12/23/2010 11:36,1.25,14032,United Kingdom,-1.25
546145,21537,?,-80,3/9/2011 16:39,0,Guest,United Kingdom,0
C574443,23404,HOME SWEET HOME BLACKBOARD,-1,11/4/2011 11:41,4.95,13890,United Kingdom,-4.95
C569986,22824,3 TIER SWEETHEART GARDEN SHELF,-1,10/6/2011 19:52,35.95,16245,United Kingdom,-35.95
C576515,22689,DOORMAT MERRY CHRISTMAS RED ,-2,11/15/2011 12:16,8.25,13950,United Kingdom,-16.5
C560540,23307,SET OF 60 PANTRY DESIGN CAKE CASES ,-1,7/19/2011 12:26,0.55,12415,Australia,-0.55
C550456,48185,DOORMAT FAIRY CAKE,-670,4/18/2011 13:08,6.75,15749,United Kingdom,-4522.5
C538164,35004B,SET OF 3 BLACK FLYING DUCKS,-1,12/9/2010 17:32,1.95,14031,United Kingdom,-1.95
C548834,M,Manual,-1,4/4/2011 13:09,2053.07,12744,Singapore,-2053.07
C568879,23256,CHILDRENS CUTLERY SPACEBOY ,-68,9/29/2011 12:38,3.75,14680,United Kingdom,-255
C554374,22900, SET 2 TEA TOWELS I LOVE LONDON ,-6,5/24/2011 11:27,3.25,15128,United Kingdom,-19.5
C567712,22725,ALARM CLOCK BAKELIKE CHOCOLATE,-11,9/22/2011 10:08,3.75,13282,United Kingdom,-41.25
C545458,21539,RED RETROSPOT BUTTER DISH,-1,3/2/2011 17:19,4.95,13018,United Kingdom,-4.95
C567540,84279P,CHERRY BLOSSOM  DECORATIVE FLASK,-2,9/21/2011 10:00,3.75,12384,Switzerland,-7.5
C569554,22197,POPCORN HOLDER,-3,10/4/2011 17:51,0.85,16401,United Kingdom,-2.55
C555881,22556,PLASTERS IN TIN CIRCUS PARADE ,-1,6/7/2011 15:37,1.65,12473,Germany,-1.65
C579989,23415,HOME SWEET HOME HOOK,-5,12/1/2011 11:18,1.65,15745,United Kingdom,-8.25
C558110,23079,TOADSTOOL BEDSIDE LIGHT ,-2,6/26/2011 15:47,8.95,17731,United Kingdom,-17.9
C573092,20727,LUNCH BAG  BLACK SKULL.,-38,10/27/2011 14:38,1.45,13791,United Kingdom,-55.1
C564488,23145,ZINC T-LIGHT HOLDER STAR LARGE,-10,8/25/2011 14:12,0.95,16859,United Kingdom,-9.5
551431,44091A,Unknown,-2,4/28/2011 15:06,0,Guest,United Kingdom,0
551671,20734,Unknown,-10,5/3/2011 12:38,0,Guest,United Kingdom,0
C564138,20979,36 PENCILS TUBE RED RETROSPOT,-16,8/23/2011 11:36,1.25,12753,Japan,-20
C556647,82583,HOT BATHS METAL SIGN,-24,6/13/2011 16:14,2.1,13012,United Kingdom,-50.4
C577779,23057,BEADED CHANDELIER T-LIGHT HOLDER,-96,11/21/2011 16:11,1,Guest,United Kingdom,-96
C538874,82494L,WOODEN FRAME ANTIQUE WHITE ,-1,12/14/2010 15:16,2.95,12867,United Kingdom,-2.95
C550423,23051,RECYCLED ACAPULCO MAT BLUE,-1,4/18/2011 12:06,8.25,14403,United Kingdom,-8.25
547339,84406B,?,-450,3/22/2011 11:51,0,Guest,United Kingdom,0
C540307,22093,MOTORING TISSUE BOX,-12,1/6/2011 12:58,1.25,15823,United Kingdom,-15
C559830,M,Manual,-1,7/13/2011 9:49,0.48,16998,United Kingdom,-0.48
C547342,22423,REGENCY CAKESTAND 3 TIER,-2,3/22/2011 11:54,12.75,15044,United Kingdom,-25.5
C574065,22615,PACK OF 12 CIRCUS PARADE TISSUES ,-12,11/2/2011 14:43,0.39,13271,United Kingdom,-4.68
C573779,22928,YELLOW GIANT GARDEN THERMOMETER,-1,11/1/2011 10:57,5.95,16360,United Kingdom,-5.95
561526,21051,Unknown,-2,7/27/2011 17:40,0,Guest,United Kingdom,0
C557791,23181,BULL DOG BOTTLE TOP WALL CLOCK,-1,6/22/2011 16:36,8.25,14099,United Kingdom,-8.25
C564214,22457,NATURAL SLATE HEART CHALKBOARD ,-1,8/24/2011 9:20,2.95,16996,United Kingdom,-2.95
C538062,22329,ROUND CONTAINER SET OF 5 RETROSPOT,-4,12/9/2010 13:40,1.65,17702,United Kingdom,-6.6
C545510,21527,RED RETROSPOT TRADITIONAL TEAPOT ,-2,3/3/2011 11:56,7.95,15281,United Kingdom,-15.9
550763,84666,Unknown,-5,4/20/2011 12:11,0,Guest,United Kingdom,0
C561059,20725,LUNCH BAG RED RETROSPOT,-100,7/24/2011 13:26,1.45,13802,United Kingdom,-145
546018,85172,wrongly sold as sets,-600,3/8/2011 17:23,0,Guest,United Kingdom,0
C552841,22839,3 TIER CAKE TIN GREEN AND CREAM,-1,5/11/2011 14:28,14.95,15827,United Kingdom,-14.95
574577,21519,check,-80,11/4/2011 17:09,0,Guest,United Kingdom,0
C579935,71477,COLOURED GLASS STAR T-LIGHT HOLDER,-6,12/1/2011 9:46,3.95,14188,United Kingdom,-23.7
C541852,21781,MA CAMPAGNE CUTLERY BOX,-1,1/23/2011 14:21,14.95,17841,United Kingdom,-14.95
C570828,90209C,PINK ENAMEL+GLASS HAIR COMB,-3,10/12/2011 13:15,2.1,14911,EIRE,-6.3
C551948,22659,LUNCH BOX I LOVE LONDON,-1,5/5/2011 11:21,1.65,17511,United Kingdom,-1.65
C543353,22771,CLEAR DRAWER KNOB ACRYLIC EDWARDIAN,-1,2/7/2011 13:41,1.25,16033,United Kingdom,-1.25
C567365,48188,DOORMAT WELCOME PUPPIES,-1,9/19/2011 16:59,8.25,15443,United Kingdom,-8.25
C543755,22311,OFFICE MUG WARMER BLACK+SILVER ,-6,2/11/2011 14:48,2.95,14304,United Kingdom,-17.7
C539565,22649,STRAWBERRY FAIRY CAKE TEAPOT,-4,12/20/2010 11:56,4.25,14113,United Kingdom,-17
565306,21830,sold as 1,-252,9/2/2011 12:20,0,Guest,United Kingdom,0
C555636,22675,FRENCH KITCHEN SIGN BLUE METAL,-12,6/6/2011 12:33,1.25,15073,United Kingdom,-15
C563918,23198,PANTRY MAGNETIC  SHOPPING LIST,-1,8/21/2011 13:47,1.45,14572,United Kingdom,-1.45
C578371,21973,SET OF 36 MUSHROOM PAPER DOILIES,-1,11/24/2011 11:16,1.45,14410,United Kingdom,-1.45
C575669,23462,ROCOCO WALL MIRROR WHITE,-1,11/10/2011 15:00,19.95,12417,Belgium,-19.95
C569996,79066K,RETRO MOD TRAY,-1,10/6/2011 20:38,0.85,15322,United Kingdom,-0.85
C548355,22698,PINK REGENCY TEACUP AND SAUCER,-6,3/30/2011 15:06,2.95,12921,United Kingdom,-17.7
C575608,23382,BOX OF 6 CHRISTMAS CAKE DECORATIONS,-3,11/10/2011 12:38,3.75,16133,United Kingdom,-11.25
C547808,21257,VICTORIAN SEWING BOX MEDIUM,-1,3/25/2011 13:42,7.95,13014,United Kingdom,-7.95
C545677,21843,RED RETROSPOT CAKE STAND,-1,3/6/2011 10:48,9.95,14543,United Kingdom,-9.95
C570066,23032,DRAWER KNOB CRACKLE GLAZE IVORY,-2,10/7/2011 11:09,1.65,16523,United Kingdom,-3.3
C539640,21668,RED STRIPE CERAMIC DRAWER KNOB,-1,12/20/2010 15:27,1.06,15311,United Kingdom,-1.06
C544780,37370,RETRO COFFEE MUGS ASSORTED,-5,2/23/2011 12:05,1.06,16701,United Kingdom,-5.3
C551551,22719,GUMBALL MONOCHROME COAT RACK,-2,5/3/2011 10:08,1.25,17841,United Kingdom,-2.5
C560589,21868,POTTING SHED TEA MUG,-11,7/19/2011 15:50,1.25,15249,United Kingdom,-13.75
C542138,84536B,FAIRY CAKES NOTEBOOK A7 SIZE,-32,1/25/2011 17:21,0.42,17368,United Kingdom,-13.44
C560540,21936,RED RETROSPOT PICNIC BAG,-1,7/19/2011 12:26,2.95,12415,Australia,-2.95
C557663,22411,JUMBO SHOPPER VINTAGE RED PAISLEY,-12,6/21/2011 17:59,1.95,Guest,EIRE,-23.4
C564940,23207,LUNCH BAG ALPHABET DESIGN,-250,8/31/2011 13:10,1.45,12931,United Kingdom,-362.5
C556268,22180,RETROSPOT LAMP,-1,6/9/2011 19:34,9.95,13317,United Kingdom,-9.95
C550176,22768,FAMILY PHOTO FRAME CORNICE,-1,4/14/2011 17:13,9.95,14619,United Kingdom,-9.95
C548532,84406B,CREAM CUPID HEARTS COAT HANGER,-24,3/31/2011 17:16,4.15,14031,United Kingdom,-99.6
C575665,23113,PANTRY CHOPPING BOARD,-1,11/10/2011 14:54,4.95,17442,United Kingdom,-4.95
C542793,22111,SCOTTIE DOG HOT WATER BOTTLE,-72,2/1/2011 10:52,4.25,14113,United Kingdom,-306
C556793,22697,GREEN REGENCY TEACUP AND SAUCER,-1,6/14/2011 13:54,2.95,12818,Austria,-2.95
551672,84631,Unknown,-4,5/3/2011 12:39,0,Guest,United Kingdom,0
C552019,84945,MULTI COLOUR SILVER T-LIGHT HOLDER,-1,5/5/2011 17:46,0.85,14227,United Kingdom,-0.85
C560855,22899,CHILDREN'S APRON DOLLY GIRL ,-1,7/21/2011 13:00,2.1,14410,United Kingdom,-2.1
C572226,23239,SET OF 4 KNICK KNACK TINS POPPIES,-3,10/21/2011 13:58,4.15,15321,United Kingdom,-12.45
C559347,M,Manual,-1,7/7/2011 17:22,9.36,18072,United Kingdom,-9.36
C560540,23243,SET OF TEA COFFEE SUGAR TINS PANTRY,-1,7/19/2011 12:26,4.95,12415,Australia,-4.95
C568416,22193,RED DINER WALL CLOCK,-1,9/27/2011 11:08,7.65,14866,United Kingdom,-7.65
C542537,22195,LARGE HEART MEASURING SPOONS,-1,1/28/2011 13:54,1.65,12501,Germany,-1.65
C579347,22584,PACK OF 6 PANETTONE GIFT BOXES,-14,11/29/2011 11:47,2.55,17658,United Kingdom,-35.7
C573037,22423,REGENCY CAKESTAND 3 TIER,-11,10/27/2011 13:45,10.95,12471,Germany,-120.45
C543039,22768,FAMILY PHOTO FRAME CORNICE,-1,2/2/2011 16:31,9.95,16992,United Kingdom,-9.95
C562522,22169,FAMILY ALBUM WHITE PICTURE FRAME,-1,8/5/2011 12:49,8.5,13813,Germany,-8.5
578478,72807C,???missing,-428,11/24/2011 12:45,0,Guest,United Kingdom,0
C542730,22798,ANTIQUE GLASS DRESSING TABLE POT,-1,1/31/2011 15:27,2.95,13506,United Kingdom,-2.95
C551195,22501,PICNIC BASKET WICKER LARGE,-8,4/27/2011 11:25,8.5,13113,United Kingdom,-68
C559939,22150,3 STRIPEY MICE FELTCRAFT,-6,7/14/2011 10:19,1.95,14426,United Kingdom,-11.7
C569985,20725,LUNCH BAG RED RETROSPOT,-10,10/6/2011 19:51,1.65,15365,United Kingdom,-16.5
C571045,21731,RED TOADSTOOL LED NIGHT LIGHT,-12,10/13/2011 13:32,1.65,15606,United Kingdom,-19.8
C556522,22920,HERB MARKER BASIL,-1515,6/13/2011 11:21,0.55,16938,United Kingdom,-833.25
C556966,22072,RED RETROSPOT TEA CUP AND SAUCER ,-2,6/16/2011 9:55,3.75,13523,United Kingdom,-7.5
C557047,22839,3 TIER CAKE TIN GREEN AND CREAM,-1,6/16/2011 14:36,14.95,13488,United Kingdom,-14.95
C558727,22423,REGENCY CAKESTAND 3 TIER,-1,7/1/2011 14:35,10.95,12709,Germany,-10.95
C568580,22628,PICNIC BOXES SET OF 3 RETROSPOT ,-1,9/28/2011 9:57,4.95,12566,Germany,-4.95
C537853,79000,MOROCCAN TEA GLASS,-1,12/8/2010 15:57,0.85,13370,United Kingdom,-0.85
C547502,22175,PINK OWL SOFT TOY,-1,3/23/2011 12:42,2.95,14513,United Kingdom,-2.95
C571707,23197,SKETCHBOOK MAGNETIC SHOPPING LIST,-1,10/18/2011 15:33,1.45,14056,United Kingdom,-1.45
C578062,23245,SET OF 3 REGENCY CAKE TINS,-4,11/22/2011 15:30,4.95,12471,Germany,-19.8
C566742,22914,BLUE COAT RACK PARIS FASHION,-1,9/14/2011 14:56,4.95,17422,United Kingdom,-4.95
C567714,22962,JAM JAR WITH PINK LID,-6,9/22/2011 10:11,0.85,16316,United Kingdom,-5.1
C564207,75049L,LARGE CIRCULAR MIRROR MOBILE,-35,8/24/2011 9:06,0.85,15270,United Kingdom,-29.75
C577360,21137,BLACK RECORD COVER FRAME,-4,11/18/2011 16:12,3.75,13012,United Kingdom,-15
C546131,21531,RED RETROSPOT SUGAR JAM BOWL,-1,3/9/2011 15:08,2.55,16057,United Kingdom,-2.55
C562375,23175,REGENCY MILK JUG PINK ,-48,8/4/2011 14:46,2.75,14911,EIRE,-132
C551464,22271,FELTCRAFT DOLL ROSIE,-6,4/28/2011 16:15,2.95,13085,United Kingdom,-17.7
C546529,22502,PICNIC BASKET WICKER SMALL,-1,3/14/2011 13:05,5.95,15502,United Kingdom,-5.95
C542424,22178,VICTORIAN GLASS HANGING T-LIGHT,-1,1/28/2011 9:18,1.25,18075,United Kingdom,-1.25
C544669,22423,REGENCY CAKESTAND 3 TIER,-1,2/22/2011 15:22,12.75,18055,United Kingdom,-12.75
C550475,85152,HAND OVER THE CHOCOLATE   SIGN ,-2,4/18/2011 13:59,1.85,13798,United Kingdom,-3.7
C574922,23297,SET 40 HEART SHAPE PETIT FOUR CASES,-4,11/7/2011 16:39,1.65,15502,United Kingdom,-6.6
C555409,22699,ROSES REGENCY TEACUP AND SAUCER ,-7,6/3/2011 9:18,2.55,13854,United Kingdom,-17.85
C569996,79191C,RETRO PLASTIC ELEPHANT TRAY,-12,10/6/2011 20:38,0.85,15322,United Kingdom,-10.2
C571860,82583,HOT BATHS METAL SIGN,-1,10/19/2011 13:42,2.1,14175,United Kingdom,-2.1
C557487,21877,HOME SWEET HOME MUG,-19,6/20/2011 14:44,1.25,14796,United Kingdom,-23.75
C544413,22364,GLASS JAR DIGESTIVE BISCUITS,-6,2/18/2011 14:36,2.95,14760,United Kingdom,-17.7
C550808,22698,PINK REGENCY TEACUP AND SAUCER,-1,4/20/2011 15:57,2.95,14323,United Kingdom,-2.95
C575608,35970,ZINC FOLKART SLEIGH BELLS,-11,11/10/2011 12:38,1.49,16133,United Kingdom,-16.39
C570775,POST,POSTAGE,-1,10/12/2011 11:45,18,12664,Finland,-18
C559747,85159A,"BLACK TEA,COFFEE,SUGAR JARS",-5,7/12/2011 11:23,1.95,17069,United Kingdom,-9.75
C561613,22892,SET OF SALT AND PEPPER TOADSTOOLS,-1,7/28/2011 12:46,1.25,14194,United Kingdom,-1.25
C537251,84347,ROTATING SILVER ANGELS T-LIGHT HLDR,-9,12/6/2010 10:45,2.55,Guest,United Kingdom,-22.95
C539640,35004C,SET OF 3 COLOURED  FLYING DUCKS,-3,12/20/2010 15:27,4.65,15311,United Kingdom,-13.95
549330,84251J,Unknown,-28,4/8/2011 10:53,0,Guest,United Kingdom,0
549143,84597C,Unknown,-17,4/6/2011 15:27,0,Guest,United Kingdom,0
556289,20823,Unknown,-102,6/10/2011 9:23,0,Guest,United Kingdom,0
C567688,23284,DOORMAT KEEP CALM AND COME IN,-6,9/21/2011 16:48,6.75,13282,United Kingdom,-40.5
549460,20716,Unknown,-82,4/8/2011 14:20,0,Guest,United Kingdom,0
C574584,22423,REGENCY CAKESTAND 3 TIER,-24,11/4/2011 18:11,10.95,15482,United Kingdom,-262.8
C574712,23407,SET OF 2 TRAYS HOME SWEET HOME,-1,11/6/2011 14:25,9.95,14502,United Kingdom,-9.95
C548830,M,Manual,-1,4/4/2011 13:08,1252.95,12744,Singapore,-1252.95
C549824,22698,PINK REGENCY TEACUP AND SAUCER,-1,4/12/2011 12:43,2.95,15189,United Kingdom,-2.95
C567978,22270,HAPPY EASTER HANGING DECORATION,-2,9/23/2011 10:40,3.75,14546,United Kingdom,-7.5
C548460,48187,DOORMAT NEW ENGLAND,-2,3/31/2011 11:58,7.95,16801,United Kingdom,-15.9
C541233,22439,6 ROCKET BALLOONS ,-4,1/14/2011 17:00,0.65,13107,United Kingdom,-2.6
C562147,22697,GREEN REGENCY TEACUP AND SAUCER,-1,8/3/2011 10:47,2.95,16180,United Kingdom,-2.95
C541650,M,Manual,-1,1/20/2011 11:44,544.4,Guest,United Kingdom,-544.4
C571862,23355,HOT WATER BOTTLE KEEP CALM,-5,10/19/2011 13:45,4.95,13422,United Kingdom,-24.75
C569916,22646,CERAMIC STRAWBERRY CAKE MONEY BANK,-8,10/6/2011 17:00,1.25,13777,United Kingdom,-10
C549437,22634,CHILDS BREAKFAST SET SPACEBOY ,-2,4/8/2011 12:37,9.95,13005,United Kingdom,-19.9
C569636,22470,HEART OF WICKER LARGE,-1,10/5/2011 12:14,2.95,12841,United Kingdom,-2.95
C549549,22655,VINTAGE RED KITCHEN CABINET,-1,4/10/2011 11:37,125,16359,United Kingdom,-125
576436,22943,check,-26,11/15/2011 11:27,0,Guest,United Kingdom,0
C570867,23289,DOLLY GIRL CHILDRENS BOWL,-8,10/12/2011 16:17,1.25,12607,USA,-10
C576248,23155,KNICKERBOCKERGLORY MAGNET ASSORTED ,-1,11/14/2011 13:47,0.83,16639,United Kingdom,-0.83
C571251,22625,RED KITCHEN SCALES,-2,10/14/2011 16:57,8.5,13814,Germany,-17
C569318,22326,ROUND SNACK BOXES SET OF4 WOODLAND ,-1,10/3/2011 12:14,2.95,13505,Switzerland,-2.95
C552015,22332,SKULLS PARTY BAG + STICKER SET,-1,5/5/2011 17:37,1.65,16722,United Kingdom,-1.65
C576670,22367,CHILDRENS APRON SPACEBOY DESIGN,-1,11/16/2011 11:55,1.95,16393,United Kingdom,-1.95
C557516,23146,TRIPLE HOOK ANTIQUE IVORY ROSE,-2,6/20/2011 17:07,3.29,17651,United Kingdom,-6.58
C550181,23204,CHARLOTTE BAG APPLES DESIGN,-5,4/14/2011 17:43,0.85,13069,United Kingdom,-4.25
C576868,23581,JUMBO BAG PAISLEY PARK,-1,11/16/2011 16:19,2.08,18263,United Kingdom,-2.08
C570867,22048,BIRTHDAY BANQUET GIFT WRAP,-25,10/12/2011 16:17,0.42,12607,USA,-10.5
C565962,21156,RETROSPOT CHILDRENS APRON,-1,9/8/2011 11:25,1.95,14410,United Kingdom,-1.95
558741,37444C,Unknown,-1,7/1/2011 15:52,0,Guest,United Kingdom,0
C556294,22960,JAM MAKING SET WITH JARS,-2,6/10/2011 9:34,4.25,15108,European Community,-8.5
C553906,21313,GLASS HEART T-LIGHT HOLDER ,-2,5/19/2011 18:13,0.85,16554,United Kingdom,-1.7
C570573,21306,SET/4 DAISY MIRROR MAGNETS,-18,10/11/2011 11:25,0.29,14997,United Kingdom,-5.22
C540246,21733,RED HANGING HEART T-LIGHT HOLDER,-1,1/5/2011 15:43,2.55,13081,United Kingdom,-2.55
542550,20910,Unknown,-1,1/28/2011 14:45,0,Guest,United Kingdom,0
C542426,22398,MAGNETS PACK OF 4 SWALLOWS,-12,1/28/2011 9:32,1.25,14146,United Kingdom,-15
C555384,23199,JUMBO BAG APPLES,-1,6/2/2011 15:20,2.08,13534,United Kingdom,-2.08
C543039,84946,ANTIQUE SILVER TEA GLASS ETCHED,-2,2/2/2011 16:31,1.25,16992,United Kingdom,-2.5
C566758,23174,REGENCY SUGAR BOWL GREEN,-1,9/14/2011 16:05,4.15,14292,United Kingdom,-4.15
C570203,40001,WHITE BAMBOO RIBS LAMPSHADE,-3,10/7/2011 16:49,0.64,15311,United Kingdom,-1.92
C538350,21181,PLEASE ONE PERSON METAL SIGN,-2,12/10/2010 15:01,1.85,13798,United Kingdom,-3.7
C542366,15056N,EDWARDIAN PARASOL NATURAL,-1,1/27/2011 12:54,4.25,13777,United Kingdom,-4.25
C573759,23293,SET OF 12 FAIRY CAKE BAKING CASES,-8,11/1/2011 9:51,0.83,17193,United Kingdom,-6.64
C538887,21843,RED RETROSPOT CAKE STAND,-1,12/14/2010 16:19,10.95,13198,United Kingdom,-10.95
C578377,22922,FRIDGE MAGNETS US DINER ASSORTED,-120,11/24/2011 11:44,0.72,14277,France,-86.4
C571925,85185B,PINK HORSE SOCK PUPPET KIT,-1,10/19/2011 16:31,2.95,13115,United Kingdom,-2.95
C552031,22423,REGENCY CAKESTAND 3 TIER,-14,5/5/2011 18:14,10.95,13089,United Kingdom,-153.3
C555269,84970S,HANGING HEART ZINC T-LIGHT HOLDER,-5,6/1/2011 16:21,0.85,15140,United Kingdom,-4.25
C566467,22384,LUNCH BAG PINK POLKADOT,-14,9/12/2011 18:04,1.65,14688,United Kingdom,-23.1
C548488,22891,TEA FOR ONE POLKADOT,-1,3/31/2011 13:03,4.25,16638,United Kingdom,-4.25
C553904,22897,OVEN MITT APPLES DESIGN,-11,5/19/2011 18:10,1.45,13081,United Kingdom,-15.95
C554336,23199,JUMBO BAG APPLES,-2,5/23/2011 17:20,2.08,12474,Germany,-4.16
C545728,22636,CHILDS BREAKFAST SET CIRCUS PARADE,-1,3/7/2011 11:41,8.5,12484,Spain,-8.5
C575158,22191,IVORY DINER WALL CLOCK,-1,11/8/2011 16:20,8.5,15251,United Kingdom,-8.5
C540852,84078A,SET/4 WHITE RETRO STORAGE CUBES ,-12,1/12/2011 9:48,34.95,15197,United Kingdom,-419.4
561501,21278,Unknown,-1,7/27/2011 14:13,0,Guest,United Kingdom,0
C559030,23240,SET OF 4 KNICK KNACK TINS DOILEY ,-2,7/5/2011 14:51,4.15,16571,United Kingdom,-8.3
561540,84279B,Unknown,-1,7/28/2011 10:08,0,Guest,United Kingdom,0
C574083,22491,PACK OF 12 COLOURED PENCILS,-12,11/2/2011 16:39,0.85,15521,United Kingdom,-10.2
C581409,22173,METAL 4 HOOK HANGER FRENCH CHATEAU,-2,12/8/2011 14:08,3.29,12476,Germany,-6.58
C546535,47566B,TEA TIME PARTY BUNTING,-1,3/14/2011 14:11,4.25,15502,United Kingdom,-4.25
C562375,23173,REGENCY TEAPOT ROSES ,-24,8/4/2011 14:46,8.15,14911,EIRE,-195.6
C549437,22635,CHILDS BREAKFAST SET DOLLY GIRL ,-2,4/8/2011 12:37,9.95,13005,United Kingdom,-19.9
C550009,M,Manual,-1,4/14/2011 10:24,57.6,16422,United Kingdom,-57.6
542367,82583,Unknown,-30,1/27/2011 12:57,0,Guest,United Kingdom,0
C550642,22605,WOODEN CROQUET GARDEN SET,-1,4/19/2011 16:09,12.75,15027,United Kingdom,-12.75
C554346,23118,PARISIENNE JEWELLERY DRAWER ,-1,5/23/2011 17:48,7.5,18260,United Kingdom,-7.5
C565615,23348,CHILDRENS TOY COOKING UTENSIL SET,-6,9/5/2011 15:20,2.08,12683,France,-12.48
C538059,48188,DOORMAT WELCOME PUPPIES,-2,12/9/2010 13:38,7.95,14205,United Kingdom,-15.9
C567360,22744,MAKE YOUR OWN MONSOON CARD KIT,-2,9/19/2011 16:37,2.95,13860,United Kingdom,-5.9
569881,90014C,Unknown,-8,10/6/2011 15:14,0,Guest,United Kingdom,0
C566469,22488,NATURAL SLATE RECTANGLE CHALKBOARD,-1,9/12/2011 18:15,1.65,13709,United Kingdom,-1.65
C546234,22967,SET 3 SONG BIRD PAPER EGGS ASSORTED,-6,3/10/2011 12:31,2.95,13599,United Kingdom,-17.7
C546894,22461,SAVOY ART DECO CLOCK,-1,3/17/2011 18:21,12.75,14334,United Kingdom,-12.75
C571860,23423,PANTRY 3 HOOK ROLLING PIN HANGER,-1,10/19/2011 13:42,3.75,14175,United Kingdom,-3.75
C567624,23356,LOVE HOT WATER BOTTLE,-5,9/21/2011 12:50,5.95,13448,United Kingdom,-29.75
C553031,21533,RETROSPOT LARGE MILK JUG,-3,5/12/2011 19:43,4.95,13908,United Kingdom,-14.85
C554517,23111,PARISIENNE SEWING BOX,-1,5/24/2011 16:55,12.5,15434,United Kingdom,-12.5
C572529,23409,PHOTO FRAME LINEN AND LACE LARGE,-6,10/24/2011 15:52,3.75,17675,United Kingdom,-22.5
C549430,22333,RETROSPOT PARTY BAG + STICKER SET,-1,4/8/2011 12:09,1.65,13846,United Kingdom,-1.65
C570122,22066,LOVE HEART TRINKET POT,-4,10/7/2011 12:58,0.39,15874,United Kingdom,-1.56
C569636,22994,TRAVEL CARD WALLET RETROSPOT,-1,10/5/2011 12:14,0.42,12841,United Kingdom,-0.42
C557658,22178,VICTORIAN GLASS HANGING T-LIGHT,-2,6/21/2011 17:41,1.25,13630,United Kingdom,-2.5
C577849,22947,WOODEN ADVENT CALENDAR RED,-2,11/22/2011 10:59,7.95,14534,United Kingdom,-15.9
C577196,48129,DOORMAT TOPIARY,-1,11/18/2011 11:45,8.25,16924,United Kingdom,-8.25
C548487,22637,PIGGY BANK RETROSPOT ,-8,3/31/2011 12:57,2.55,14952,United Kingdom,-20.4
C568649,23031,DRAWER KNOB CRACKLE GLAZE PINK,-4,9/28/2011 11:51,1.65,16626,United Kingdom,-6.6
554133,84596J,Unknown,-3,5/23/2011 9:46,0,Guest,United Kingdom,0
C560409,82483,WOOD 2 DRAWER CABINET WHITE FINISH,-4,7/18/2011 14:24,6.95,16717,United Kingdom,-27.8
C577779,23055,IVORY CHANDELIER T-LIGHT HOLDER,-96,11/21/2011 16:11,1,Guest,United Kingdom,-96
C580179,21231,SWEETHEART CERAMIC TRINKET BOX,-3,12/2/2011 11:58,1.25,13352,United Kingdom,-3.75
C548454,M,Manual,-1,3/31/2011 11:42,5.7,16422,United Kingdom,-5.7
C538112,22072,RED RETROSPOT TEA CUP AND SAUCER ,-1,12/9/2010 15:28,3.75,14898,United Kingdom,-3.75
C555636,23099,FRENCH CARRIAGE LANTERN,-4,6/6/2011 12:33,6.65,15073,United Kingdom,-26.6
C567685,22997,TRAVEL CARD WALLET UNION JACK,-2,9/21/2011 16:35,0.42,16394,United Kingdom,-0.84
C537853,22940,FELTCRAFT CHRISTMAS FAIRY,-1,12/8/2010 15:57,4.25,13370,United Kingdom,-4.25
C567690,22382,LUNCH BAG SPACEBOY DESIGN ,-11,9/21/2011 17:01,1.65,15810,United Kingdom,-18.15
C540360,84985A,SET OF 72 GREEN PAPER DOILIES,-5,1/6/2011 15:35,1.45,18041,United Kingdom,-7.25
C554100,21802,CHRISTMAS TREE HEART DECORATION,-1,5/22/2011 13:27,0.42,15555,United Kingdom,-0.42
C572120,21907,I'M ON HOLIDAY METAL SIGN,-1,10/20/2011 19:29,2.1,14911,EIRE,-2.1
C537860,22180,RETROSPOT LAMP,-1,12/8/2010 16:15,9.95,16252,United Kingdom,-9.95
C538833,21558,SKULL LUNCH BOX WITH CUTLERY ,-1,12/14/2010 13:05,2.55,14680,United Kingdom,-2.55
C544416,15056N,EDWARDIAN PARASOL NATURAL,-2,2/18/2011 15:11,5.95,16713,United Kingdom,-11.9
C574515,22698,PINK REGENCY TEACUP AND SAUCER,-1,11/4/2011 13:38,2.95,15159,United Kingdom,-2.95
C545885,22720,SET OF 3 CAKE TINS PANTRY DESIGN ,-1,3/7/2011 15:52,4.95,15827,United Kingdom,-4.95
549164,16169P,Unknown,-75,4/6/2011 17:20,0,Guest,United Kingdom,0
C567155,M,Manual,-1,9/16/2011 16:52,345.03,17728,United Kingdom,-345.03
C568879,22356,CHARLOTTE BAG PINK POLKADOT,-13,9/29/2011 12:38,0.72,14680,United Kingdom,-9.36
C566753,22796,PHOTO FRAME 3 CLASSIC HANGING,-1,9/14/2011 15:48,9.95,14911,EIRE,-9.95
556261,79051A,sold as set on dotcom,-6,6/9/2011 18:03,0,Guest,United Kingdom,0
C567704,22349,DOG BOWL CHASING BALL DESIGN,-12,9/22/2011 9:41,3.75,17716,United Kingdom,-45
C562622,M,Manual,-1,8/8/2011 12:37,48,15299,United Kingdom,-48
546126,35611B,thrown away,-27,3/9/2011 14:52,0,Guest,United Kingdom,0
551454,78027,Unknown,-3,4/28/2011 16:02,0,Guest,United Kingdom,0
C563220,23243,SET OF TEA COFFEE SUGAR TINS PANTRY,-2,8/14/2011 14:22,4.95,16150,United Kingdom,-9.9
C542604,22796,PHOTO FRAME 3 CLASSIC HANGING,-3,1/30/2011 12:35,9.95,13148,United Kingdom,-29.85
C542413,22699,ROSES REGENCY TEACUP AND SAUCER ,-2,1/27/2011 17:11,2.95,16923,United Kingdom,-5.9
C538373,20985,HEART CALCULATOR,-12,12/12/2010 11:13,1.25,16779,United Kingdom,-15
C548727,22325,MOBILE VINTAGE HEARTS ,-2,4/4/2011 9:45,4.95,17725,United Kingdom,-9.9
545401,21769,showroom,-5,3/2/2011 12:03,0,Guest,United Kingdom,0
C556673,22656,VINTAGE BLUE KITCHEN CABINET,-1,6/13/2011 17:08,125,16949,United Kingdom,-125
C539602,22893,MINI CAKE STAND T-LIGHT HOLDER,-9,12/20/2010 14:02,0.42,13369,United Kingdom,-3.78
C576230,22840,ROUND CAKE TIN VINTAGE RED,-1,11/14/2011 13:15,7.95,17602,United Kingdom,-7.95
C555271,23081,GREEN METAL BOX ARMY SUPPLIES,-3,6/1/2011 16:26,8.25,14338,United Kingdom,-24.75
C566467,21931,JUMBO STORAGE BAG SUKI,-11,9/12/2011 18:04,2.08,14688,United Kingdom,-22.88
C564948,22363,GLASS JAR MARMALADE ,-1,8/31/2011 13:29,2.95,14895,United Kingdom,-2.95
552218,84406B,Unknown,-38,5/6/2011 15:15,0,Guest,United Kingdom,0
C552849,21733,RED HANGING HEART T-LIGHT HOLDER,-3,5/11/2011 14:52,2.95,14367,United Kingdom,-8.85
C570867,23156,SET OF 5 MINI GROCERY MAGNETS,-12,10/12/2011 16:17,2.08,12607,USA,-24.96
C545508,22911,PAPER CHAIN KIT LONDON,-1,3/3/2011 11:53,2.95,17017,United Kingdom,-2.95
554313,21144,Unknown,-63,5/23/2011 15:28,0,Guest,United Kingdom,0
C566084,23173,REGENCY TEAPOT ROSES ,-1,9/9/2011 10:11,9.95,12621,Germany,-9.95
548676,72800F,Unknown,-5,4/1/2011 16:40,0,Guest,United Kingdom,0
C555014,15058B,PINK POLKADOT GARDEN PARASOL,-3,5/31/2011 10:45,7.95,13113,United Kingdom,-23.85
C579140,23238,SET OF 4 KNICK KNACK TINS LONDON ,-2,11/28/2011 13:05,4.15,16393,United Kingdom,-8.3
C547024,22634,CHILDS BREAKFAST SET SPACEBOY ,-1,3/18/2011 16:36,9.95,15065,United Kingdom,-9.95
C548352,22179,SET 10 LIGHTS NIGHT OWL,-1,3/30/2011 14:57,6.75,12921,United Kingdom,-6.75
C569034,23110,PARISIENNE KEY CABINET ,-1,9/30/2011 10:42,5.75,16240,United Kingdom,-5.75
C542366,72802A,ROSE SCENT CANDLE IN JEWELLED BOX,-1,1/27/2011 12:54,3.81,13777,United Kingdom,-3.81
C567716,72807A,SET/3 ROSE CANDLE IN JEWELLED BOX,-1,9/22/2011 10:16,4.25,14543,United Kingdom,-4.25
C549315,21868,POTTING SHED TEA MUG,-2,4/8/2011 9:51,1.25,12949,United Kingdom,-2.5
C562956,82600,NO SINGING METAL SIGN,-6,8/11/2011 10:14,2.1,13186,United Kingdom,-12.6
C545516,22967,SET 3 SONG BIRD PAPER EGGS ASSORTED,-1,3/3/2011 12:11,2.95,14276,United Kingdom,-2.95
580359,20775,Unknown,-35,12/2/2011 16:11,0,Guest,United Kingdom,0
C547858,22797,CHEST OF DRAWERS GINGHAM HEART ,-1,3/27/2011 12:16,16.95,14911,EIRE,-16.95
C554528,23110,PARISIENNE KEY CABINET ,-4,5/24/2011 17:26,5.75,14217,United Kingdom,-23
C562124,85123A,WHITE HANGING HEART T-LIGHT HOLDER,-3,8/2/2011 17:23,2.55,13081,United Kingdom,-7.65
C546278,22424,ENAMEL BREAD BIN CREAM,-1,3/10/2011 15:06,12.75,13476,United Kingdom,-12.75
C548851,82483,WOOD 2 DRAWER CABINET WHITE FINISH,-1,4/4/2011 13:14,5.95,15311,United Kingdom,-5.95
576368,21135,wet rusty,-864,11/14/2011 18:33,0,Guest,United Kingdom,0
575386,20977,Unknown,-16,11/9/2011 15:22,0,Guest,United Kingdom,0
C540158,22962,JAM JAR WITH PINK LID,-17,1/5/2011 11:42,0.85,12471,Germany,-14.45
551673,79192A,Unknown,-9,5/3/2011 12:39,0,Guest,United Kingdom,0
C555636,22686,FRENCH BLUE METAL DOOR SIGN No,-12,6/6/2011 12:33,1.25,15073,United Kingdom,-15
549464,20701,Unknown,-6,4/8/2011 14:21,0,Guest,United Kingdom,0
C578124,20728,LUNCH BAG CARS BLUE,-1,11/23/2011 10:30,1.65,14049,United Kingdom,-1.65
C569891,22294,HEART FILIGREE DOVE  SMALL,-8,10/6/2011 15:46,1.25,13924,United Kingdom,-10
C549565,22841,ROUND CAKE TIN VINTAGE GREEN,-1,4/10/2011 14:26,7.95,13610,United Kingdom,-7.95
C576968,21668,RED STRIPE CERAMIC DRAWER KNOB,-3,11/17/2011 11:51,1.45,13668,United Kingdom,-4.35
C581466,21216,"SET 3 RETROSPOT TEA,COFFEE,SUGAR",-1,12/8/2011 19:20,4.95,13883,United Kingdom,-4.95
C540177,22781,GUMBALL MAGAZINE RACK,-4,1/5/2011 12:42,7.65,16316,United Kingdom,-30.6
C564955,22326,ROUND SNACK BOXES SET OF4 WOODLAND ,-1,8/31/2011 13:39,2.95,15786,United Kingdom,-2.95
C538690,22423,REGENCY CAKESTAND 3 TIER,-10,12/14/2010 9:54,10.95,13802,United Kingdom,-109.5
C556268,84978,HANGING HEART JAR T-LIGHT HOLDER,-1,6/9/2011 19:34,1.25,13317,United Kingdom,-1.25
561110,85087,Unknown,-16,7/25/2011 11:44,0,Guest,United Kingdom,0
C559495,23245,SET OF 3 REGENCY CAKE TINS,-1,7/8/2011 13:54,4.95,14267,United Kingdom,-4.95
C567536,85048,15CM CHRISTMAS GLASS BALL 20 LIGHTS,-1,9/21/2011 9:52,7.95,14284,United Kingdom,-7.95
C574922,22633,HAND WARMER UNION JACK,-6,11/7/2011 16:39,2.1,15502,United Kingdom,-12.6
C539302,22759,SET OF 3 NOTEBOOKS IN PARCEL,-12,12/16/2010 17:33,1.65,15392,United Kingdom,-19.8
C544580,S,SAMPLES,-1,2/21/2011 14:25,5.74,Guest,United Kingdom,-5.74
C545677,M,Manual,-1,3/6/2011 10:48,12.75,14543,United Kingdom,-12.75
C569989,23245,SET OF 3 REGENCY CAKE TINS,-4,10/6/2011 20:08,4.95,16839,United Kingdom,-19.8
C555597,D,Discount,-1,6/6/2011 10:19,42,15796,United Kingdom,-42
C565237,23244,ROUND STORAGE TIN VINTAGE LEAF,-3,9/2/2011 9:47,1.95,14299,United Kingdom,-5.85
C578832,22416,SET OF 36 SPACEBOY PAPER DOILIES,-6,11/25/2011 15:18,1.45,13069,United Kingdom,-8.7
C564940,22493,PAINT YOUR OWN CANVAS SET,-110,8/31/2011 13:10,1.45,12931,United Kingdom,-159.5
543035,35004C,Unknown,-206,2/2/2011 15:51,0,Guest,United Kingdom,0
C551540,22991,GIRAFFE WOODEN RULER,-12,5/3/2011 8:47,1.95,14735,United Kingdom,-23.4
C542150,21559,STRAWBERRY LUNCH BOX WITH CUTLERY,-1,1/26/2011 10:30,2.55,14049,United Kingdom,-2.55
C544099,21528,DAIRY MAID TRADITIONAL TEAPOT ,-1,2/16/2011 10:17,6.95,15059,United Kingdom,-6.95
C551463,23152,IVORY SWEETHEART WIRE LETTER RACK ,-2,4/28/2011 16:13,3.75,13534,United Kingdom,-7.5
554680,35916B,Unknown,-21,5/25/2011 16:04,0,Guest,United Kingdom,0
C564908,22768,FAMILY PHOTO FRAME CORNICE,-1,8/31/2011 12:26,9.95,17705,United Kingdom,-9.95
C543050,22963,JAM JAR WITH GREEN LID,-6,2/3/2011 10:14,0.85,12625,Germany,-5.1
C547232,85178,VICTORIAN SEWING KIT,-1,3/21/2011 16:15,1.25,12994,United Kingdom,-1.25
C548628,21820,GLITTER HEART GARLAND WITH BELLS ,-6,4/1/2011 12:19,3.75,13184,United Kingdom,-22.5
C556930,21868,POTTING SHED TEA MUG,-12,6/15/2011 15:28,1.25,15625,United Kingdom,-15
C555529,22698,PINK REGENCY TEACUP AND SAUCER,-24,6/5/2011 11:45,2.95,16923,United Kingdom,-70.8
C572491,23031,DRAWER KNOB CRACKLE GLAZE PINK,-1,10/24/2011 14:02,1.65,13047,United Kingdom,-1.65
C549968,22151,PLACE SETTING WHITE HEART,-432,4/13/2011 14:24,0.36,14064,United Kingdom,-155.52
C568879,20725,LUNCH BAG RED RETROSPOT,-50,9/29/2011 12:38,1.45,14680,United Kingdom,-72.5
C544397,37450,CERAMIC CAKE BOWL + HANGING CAKES,-1,2/18/2011 12:21,2.95,12462,Spain,-2.95
C549535,22468,BABUSHKA LIGHTS STRING OF 10,-2,4/8/2011 17:14,6.75,14110,United Kingdom,-13.5
C559651,22294,HEART FILIGREE DOVE  SMALL,-24,7/11/2011 12:43,1.25,13184,United Kingdom,-30
C576866,22423,REGENCY CAKESTAND 3 TIER,-1,11/16/2011 16:09,12.75,16278,United Kingdom,-12.75
C548941,85178,VICTORIAN SEWING KIT,-48,4/5/2011 10:32,1.25,15061,United Kingdom,-60
C553656,22606,WOODEN SKITTLES GARDEN SET,-1,5/18/2011 11:21,12.75,17389,United Kingdom,-12.75
C568572,22154,ANGEL DECORATION 3 BUTTONS ,-3,9/28/2011 9:06,0.42,15194,United Kingdom,-1.26
C570867,21121,SET/10 RED POLKADOT PARTY CANDLES,-24,10/12/2011 16:17,1.25,12607,USA,-30
C558884,22890,NOVELTY BISCUITS CAKE STAND 3 TIER,-1,7/4/2011 14:53,8.5,13763,United Kingdom,-8.5
C570684,23243,SET OF TEA COFFEE SUGAR TINS PANTRY,-4,10/11/2011 16:24,4.95,14535,United Kingdom,-19.8
558379,22618,"mouldy, unsaleable.",-1681,6/28/2011 16:34,0,Guest,United Kingdom,0
C550787,POST,POSTAGE,-1,4/20/2011 14:08,3.96,17450,United Kingdom,-3.96
C543755,21915,RED  HARMONICA IN BOX ,-12,2/11/2011 14:48,1.25,14304,United Kingdom,-15
C550353,22090,PAPER BUNTING RETROSPOT,-1,4/18/2011 10:29,2.95,17841,United Kingdom,-2.95
C556647,21181,PLEASE ONE PERSON METAL SIGN,-12,6/13/2011 16:14,2.1,13012,United Kingdom,-25.2
C573172,M,Manual,-1,10/28/2011 10:02,0.5,16966,United Kingdom,-0.5
C560430,M,Manual,-1,7/18/2011 15:21,611.86,13154,United Kingdom,-611.86
C567332,21314,SMALL GLASS HEART TRINKET POT,-3,9/19/2011 14:52,1.85,13767,United Kingdom,-5.55
C540417,85099B,JUMBO BAG RED RETROSPOT,-100,1/7/2011 10:56,1.65,13680,United Kingdom,-165
C579438,21533,RETROSPOT LARGE MILK JUG,-12,11/29/2011 13:26,4.25,14235,United Kingdom,-51
C573092,22356,CHARLOTTE BAG PINK POLKADOT,-76,10/27/2011 14:38,0.72,13791,United Kingdom,-54.72
C571625,POST,POSTAGE,-1,10/18/2011 10:59,4.41,16140,United Kingdom,-4.41
C543633,22895,SET OF 2 TEA TOWELS APPLE AND PEARS,-6,2/10/2011 16:24,2.95,17188,United Kingdom,-17.7
C541418,22809,SET OF 6 T-LIGHTS SANTA,-12,1/17/2011 16:45,2.55,13883,United Kingdom,-30.6
C547859,85027L,FRENCH CHATEAU LARGE PLATTER ,-5,3/27/2011 12:16,1.95,13725,United Kingdom,-9.75
C574558,22946,WOODEN ADVENT CALENDAR CREAM,-6,11/4/2011 15:48,12.75,15187,United Kingdom,-76.5
C579968,23660,HENRIETTA HEN MUG ,-1,12/1/2011 11:13,1.65,14189,United Kingdom,-1.65
C566071,23170,REGENCY TEA PLATE ROSES ,-48,9/8/2011 17:56,1.45,17997,United Kingdom,-69.6
C565305,40001,WHITE BAMBOO RIBS LAMPSHADE,-9,9/2/2011 12:18,0.64,15311,United Kingdom,-5.76
C543755,22617,BAKING SET SPACEBOY DESIGN,-3,2/11/2011 14:48,4.95,14304,United Kingdom,-14.85
C551513,22667,RECIPE BOX RETROSPOT ,-1,4/28/2011 19:52,2.95,16592,United Kingdom,-2.95
572516,22336,damaged,-71,10/24/2011 14:45,0,Guest,United Kingdom,0
C546854,21564,PINK  HEART SHAPE LOVE BUCKET ,-1,3/17/2011 13:55,2.55,17511,United Kingdom,-2.55
577120,20752,check,-10,11/17/2011 18:09,0,Guest,United Kingdom,0
C560409,23075,PARLOUR CERAMIC WALL HOOK,-4,7/18/2011 14:24,4.15,16717,United Kingdom,-16.6
C546978,21190,PINK HEARTS PAPER GARLAND,-50,3/18/2011 12:15,1.45,17857,United Kingdom,-72.5
C553906,22798,ANTIQUE GLASS DRESSING TABLE POT,-3,5/19/2011 18:13,2.95,16554,United Kingdom,-8.85
C561589,22960,JAM MAKING SET WITH JARS,-1,7/28/2011 10:57,4.25,16133,United Kingdom,-4.25
C539602,21231,SWEETHEART CERAMIC TRINKET BOX,-4,12/20/2010 14:02,1.25,13369,United Kingdom,-5
C540938,85178,VICTORIAN SEWING KIT,-48,1/12/2011 12:10,0.85,15061,United Kingdom,-40.8
C573502,21888,BINGO SET,-2,10/31/2011 12:02,3.75,14808,United Kingdom,-7.5
579688,21116,Unknown,-33,11/30/2011 13:51,0,Guest,United Kingdom,0
C548356,21559,STRAWBERRY LUNCH BOX WITH CUTLERY,-3,3/30/2011 15:12,2.55,12472,Germany,-7.65
C554266,23199,JUMBO BAG APPLES,-2,5/23/2011 12:48,2.08,12474,Germany,-4.16
C574875,POST,POSTAGE,-1,11/7/2011 13:06,4.41,16416,United Kingdom,-4.41
C557663,21259,VICTORIAN SEWING BOX SMALL ,-4,6/21/2011 17:59,5.95,Guest,EIRE,-23.8
C574493,22424,ENAMEL BREAD BIN CREAM,-1,11/4/2011 13:09,12.75,14842,United Kingdom,-12.75
C553516,21658,GLASS  BEURRE DISH,-1,5/17/2011 14:07,3.95,14911,EIRE,-3.95
C538803,22508,DOORSTOP RETROSPOT HEART,-2,12/14/2010 11:55,3.75,16262,United Kingdom,-7.5
C547725,22906,12 MESSAGE CARDS WITH ENVELOPES,-1,3/25/2011 10:43,1.65,Guest,United Kingdom,-1.65
C574522,22197,POPCORN HOLDER,-2,11/4/2011 13:51,0.85,14292,United Kingdom,-1.7
553743,21318,Unknown,-62,5/19/2011 9:44,0,Guest,United Kingdom,0
C564907,22804,CANDLEHOLDER PINK HANGING HEART,-1,8/31/2011 12:24,2.95,18225,United Kingdom,-2.95
C562367,22203,MILK PAN RED RETROSPOT,-1,8/4/2011 14:03,3.75,17811,United Kingdom,-3.75
C549823,22139,RETROSPOT TEA SET CERAMIC 11 PC ,-1,4/12/2011 12:40,4.95,16875,United Kingdom,-4.95
C562802,22994,TRAVEL CARD WALLET RETROSPOT,-2,8/9/2011 14:41,0.42,15201,United Kingdom,-0.84
C553222,23201,JUMBO BAG ALPHABET,-1,5/16/2011 10:10,2.08,13662,United Kingdom,-2.08
C578363,21135,VICTORIAN  METAL POSTCARD SPRING,-288,11/24/2011 10:40,0.4,15482,United Kingdom,-115.2
C575590,22197,POPCORN HOLDER,-10,11/10/2011 12:08,0.72,15785,United Kingdom,-7.2
579682,85172,check,-145,11/30/2011 13:33,0,Guest,United Kingdom,0
C546773,22941,CHRISTMAS LIGHTS 10 REINDEER,-2,3/16/2011 15:42,8.5,14505,United Kingdom,-17
C562794,22456,NATURAL SLATE CHALKBOARD LARGE ,-1,8/9/2011 14:20,4.95,14112,United Kingdom,-4.95
C560540,23108,SET OF 10 LED DOLLY LIGHTS,-1,7/19/2011 12:26,6.25,12415,Australia,-6.25
C539598,22423,REGENCY CAKESTAND 3 TIER,-12,12/20/2010 13:54,10.95,14299,United Kingdom,-131.4
C575150,23291,DOLLY GIRL CHILDRENS CUP,-1,11/8/2011 16:05,1.25,12471,Germany,-1.25
C565681,22622,BOX OF VINTAGE ALPHABET BLOCKS,-2,9/6/2011 10:42,11.95,15521,United Kingdom,-23.9
C540307,22109,FULL ENGLISH BREAKFAST PLATE,-24,1/6/2011 12:58,3.39,15823,United Kingdom,-81.36
C554871,84818,DANISH ROSE PHOTO FRAME,-6,5/27/2011 10:58,2.55,18225,United Kingdom,-15.3
C559744,22768,FAMILY PHOTO FRAME CORNICE,-1,7/12/2011 11:13,9.95,15416,United Kingdom,-9.95
549455,84858C,Unknown,-10,4/8/2011 14:18,0,Guest,United Kingdom,0
C541701,21527,RED RETROSPOT TRADITIONAL TEAPOT ,-1,1/21/2011 9:26,7.95,14895,United Kingdom,-7.95
C541284,M,Manual,-36,1/17/2011 12:45,0.87,17744,United Kingdom,-31.32
C566780,21232,STRAWBERRY CERAMIC TRINKET BOX,-2,9/15/2011 10:08,1.25,12997,United Kingdom,-2.5
C558129,21257,VICTORIAN SEWING BOX MEDIUM,-2,6/27/2011 11:18,7.95,12919,United Kingdom,-15.9
C569960,22729,ALARM CLOCK BAKELIKE ORANGE,-1,10/6/2011 18:40,3.75,18172,United Kingdom,-3.75
C565284,21232,STRAWBERRY CERAMIC TRINKET BOX,-1,9/2/2011 11:31,1.25,12471,Germany,-1.25
C565305,75049L,LARGE CIRCULAR MIRROR MOBILE,-2,9/2/2011 12:18,0.85,15311,United Kingdom,-1.7
573482,21181,check,-54,10/31/2011 11:20,0,Guest,United Kingdom,0
C560904,M,Manual,-1,7/21/2011 17:51,8.95,14875,United Kingdom,-8.95
C544682,21564,PINK  HEART SHAPE LOVE BUCKET ,-1,2/22/2011 16:29,2.55,17511,United Kingdom,-2.55
C538686,22467,GUMBALL COAT RACK,-1,12/14/2010 9:49,2.55,Guest,United Kingdom,-2.55
C575341,22991,GIRAFFE WOODEN RULER,-288,11/9/2011 14:36,1.65,12931,United Kingdom,-475.2
C559461,22384,LUNCH BAG PINK POLKADOT,-1,7/8/2011 13:04,1.65,14680,United Kingdom,-1.65
554314,85195,Unknown,-13,5/23/2011 15:29,0,Guest,United Kingdom,0
C577131,22827,RUSTIC  SEVENTEEN DRAWER SIDEBOARD,-1,11/17/2011 20:01,165,15861,United Kingdom,-165
549848,84531A,Unknown,-34,4/12/2011 14:51,0,Guest,United Kingdom,0
C566942,22776,SWEETHEART 3 TIER CAKE STAND ,-1,9/15/2011 16:16,8.5,17139,United Kingdom,-8.5
C551737,20754,RETROSPOT RED WASHING UP GLOVES,-1,5/4/2011 10:52,2.1,14606,United Kingdom,-2.1
C581148,23247,BISCUIT TIN 50'S CHRISTMAS,-4,12/7/2011 14:02,2.89,12462,Spain,-11.56
C569112,20914,SET/5 RED RETROSPOT LID GLASS BOWLS,-1,9/30/2011 12:47,2.95,17405,United Kingdom,-2.95
C569743,22411,JUMBO SHOPPER VINTAGE RED PAISLEY,-130,10/6/2011 10:57,1.79,15769,United Kingdom,-232.7
C580912,22041,"RECORD FRAME 7"" SINGLE SIZE ",-24,12/6/2011 13:37,2.55,12989,United Kingdom,-61.2
C576968,84949,SILVER HANGING T-LIGHT HOLDER,-2,11/17/2011 11:51,1.65,13668,United Kingdom,-3.3
567932,85213,Unknown,-12,9/22/2011 17:39,0,Guest,United Kingdom,0
C580263,84821,DANISH ROSE DELUXE COASTER,-12,12/2/2011 12:43,0.85,12536,France,-10.2
C547853,21929,JUMBO BAG PINK VINTAGE PAISLEY,-3,3/27/2011 12:11,1.95,15615,United Kingdom,-5.85
C566955,84818,DANISH ROSE PHOTO FRAME,-21,9/15/2011 16:42,0.79,13026,United Kingdom,-16.59
C550475,21163,DO NOT TOUCH MY STUFF DOOR HANGER ,-1,4/18/2011 13:59,1.25,13798,United Kingdom,-1.25
C574504,21408,SPOTTY PINK DUCK DOORSTOP,-2,11/4/2011 13:20,4.25,17434,United Kingdom,-8.5
C567543,23347,I LOVE LONDON BEAKER,-6,9/21/2011 10:19,1.25,13418,United Kingdom,-7.5
C580968,23524,WALL ART HORSE & PONY ,-6,12/6/2011 14:57,3.75,15622,United Kingdom,-22.5
C543611,21730,GLASS STAR FROSTED T-LIGHT HOLDER,-1,2/10/2011 14:38,4.25,17850,United Kingdom,-4.25
C543758,D,Discount,-1,2/11/2011 15:07,65.91,15299,United Kingdom,-65.91
C547807,22962,JAM JAR WITH PINK LID,-2,3/25/2011 13:41,0.85,14194,United Kingdom,-1.7
C550353,21461,BLUE EASTER EGG HUNT START POST,-1,4/18/2011 10:29,1.95,17841,United Kingdom,-1.95
C580702,23494,VINTAGE DOILY DELUXE SEWING KIT ,-40,12/5/2011 16:26,5.95,17404,Sweden,-238
C570556,20971,PINK BLUE FELT CRAFT TRINKET BOX,-1296,10/11/2011 11:10,1.06,16029,United Kingdom,-1373.76
576185,22575,missing?,-130,11/14/2011 11:25,0,Guest,United Kingdom,0
C579882,23245,SET OF 3 REGENCY CAKE TINS,-1,11/30/2011 17:28,4.95,13050,United Kingdom,-4.95
C569979,23494,VINTAGE DOILY DELUXE SEWING KIT ,-3,10/6/2011 19:29,5.95,17652,United Kingdom,-17.85
C551196,22667,RECIPE BOX RETROSPOT ,-1,4/27/2011 11:26,2.95,17069,United Kingdom,-2.95
C562149,23204,CHARLOTTE BAG APPLES DESIGN,-1,8/3/2011 10:49,0.85,13534,United Kingdom,-0.85
C580179,22974,CHILDRENS DOLLY GIRL MUG,-2,12/2/2011 11:58,1.65,13352,United Kingdom,-3.3
545219,20738,Unknown,-36,2/28/2011 17:04,0,Guest,United Kingdom,0
C548187,22423,REGENCY CAKESTAND 3 TIER,-1,3/29/2011 15:06,12.75,17511,United Kingdom,-12.75
569098,21098,damages?,-231,9/30/2011 12:09,0,Guest,United Kingdom,0
C542385,22457,NATURAL SLATE HEART CHALKBOARD ,-1,1/27/2011 14:32,2.95,14290,United Kingdom,-2.95
C568416,21463,MIRRORED DISCO BALL ,-32,9/27/2011 11:08,4.95,14866,United Kingdom,-158.4
C571902,22941,CHRISTMAS LIGHTS 10 REINDEER,-1,10/19/2011 14:39,8.5,14488,United Kingdom,-8.5
C566942,22041,"RECORD FRAME 7"" SINGLE SIZE ",-6,9/15/2011 16:16,2.55,17139,United Kingdom,-15.3
C552552,21181,PLEASE ONE PERSON METAL SIGN,-48,5/10/2011 10:51,1.85,16525,United Kingdom,-88.8
C573321,85040A,S/4 PINK FLOWER CANDLES IN BOWL,-1,10/30/2011 10:35,1.65,14546,United Kingdom,-1.65
C574658,21155,RED RETROSPOT PEG BAG,-1,11/6/2011 11:44,2.55,15426,United Kingdom,-2.55
C566182,23245,SET OF 3 REGENCY CAKE TINS,-1,9/9/2011 12:55,4.95,14210,United Kingdom,-4.95
C552462,22720,SET OF 3 CAKE TINS PANTRY DESIGN ,-1,5/9/2011 14:47,4.95,16242,United Kingdom,-4.95
C569970,23240,SET OF 4 KNICK KNACK TINS DOILY ,-2,10/6/2011 18:57,4.15,13055,United Kingdom,-8.3
C541710,21874,GIN AND TONIC MUG,-3,1/21/2011 11:17,1.25,14320,United Kingdom,-3.75
543552,22847,Unknown,-10,2/10/2011 10:05,0,Guest,United Kingdom,0
C563592,D,Discount,-1,8/18/2011 6:12,9.6,16029,United Kingdom,-9.6
C557288,22470,HEART OF WICKER LARGE,-4,6/19/2011 12:48,2.95,18109,United Kingdom,-11.8
C546209,85159B,"WHITE TEA,COFFEE,SUGAR JARS",-2,3/10/2011 11:31,4.4,15596,United Kingdom,-8.8
C562802,22990,COTTON APRON PANTRY DESIGN,-2,8/9/2011 14:41,4.95,15201,United Kingdom,-9.9
C580711,23243,SET OF TEA COFFEE SUGAR TINS PANTRY,-1,12/5/2011 16:36,4.95,16057,United Kingdom,-4.95
C540244,85123A,WHITE HANGING HEART T-LIGHT HOLDER,-1,1/5/2011 15:40,2.95,17213,United Kingdom,-2.95
C551949,84931B,BLUE SCOTTIE DOG W FLOWER PATTERN,-3,5/5/2011 11:22,2.55,14149,United Kingdom,-7.65
C556635,22423,REGENCY CAKESTAND 3 TIER,-1,6/13/2011 15:25,12.75,13505,Switzerland,-12.75
C569985,23119,PACK OF 6 LARGE FRUIT STRAWS ,-12,10/6/2011 19:51,0.62,15365,United Kingdom,-7.44
570264,21288,Unknown,-22,10/10/2011 10:03,0,Guest,United Kingdom,0
C546302,21871,SAVE THE PLANET MUG,-1,3/10/2011 15:27,1.25,14214,United Kingdom,-1.25
C567963,23243,SET OF TEA COFFEE SUGAR TINS PANTRY,-1,9/23/2011 9:19,4.95,14141,United Kingdom,-4.95
C569743,85099C,JUMBO  BAG BAROQUE BLACK WHITE,-130,10/6/2011 10:57,1.79,15769,United Kingdom,-232.7
C570828,90059C,DIAMANTE HAIR GRIP PACK/2 MONTANA,-6,10/12/2011 13:15,1.65,14911,EIRE,-9.9
C558253,22741,FUNKY DIVA PEN,-1,6/27/2011 17:04,0.85,13611,United Kingdom,-0.85
C569976,84949,SILVER HANGING T-LIGHT HOLDER,-3,10/6/2011 19:26,1.65,16747,United Kingdom,-4.95
C568416,23168,CLASSIC CAFE SUGAR DISPENSER,-6,9/27/2011 11:08,1.04,14866,United Kingdom,-6.24
C538114,21275,ZINC TOP  2 DOOR WOODEN SHELF ,-1,12/9/2010 15:29,16.95,14217,United Kingdom,-16.95
C575257,11001,ASSTD DESIGN RACING CAR PEN,-1,11/9/2011 11:59,1.69,13623,United Kingdom,-1.69
C558722,22838,3 TIER CAKE TIN RED AND CREAM,-12,7/1/2011 14:18,12.75,12901,United Kingdom,-153
549037,84569C,Unknown,-37,4/5/2011 17:09,0,Guest,United Kingdom,0
553413,21259,Unknown,-51,5/17/2011 9:45,0,Guest,United Kingdom,0
C545833,22507,MEMO BOARD RETROSPOT  DESIGN,-1,3/7/2011 13:14,4.25,16013,United Kingdom,-4.25
C543779,21218,RED SPOTTY BISCUIT TIN,-1,2/11/2011 16:32,3.75,15240,United Kingdom,-3.75
C560855,21456,2 PICTURE BOOK EGGS EASTER CHICKS,-1,7/21/2011 13:00,1.25,14410,United Kingdom,-1.25
C549897,85135B,BLUE DRAGONFLY HELICOPTER,-1,4/12/2011 15:48,7.95,15363,United Kingdom,-7.95
C548503,22071,SMALL WHITE RETROSPOT MUG IN BOX ,-2,3/31/2011 14:23,3.75,14410,United Kingdom,-7.5
C554100,M,Manual,-1,5/22/2011 13:27,0.85,15555,United Kingdom,-0.85
C538684,22470,HEART OF WICKER LARGE,-1,12/14/2010 9:26,2.95,16161,United Kingdom,-2.95
C545852,22804,CANDLEHOLDER PINK HANGING HEART,-1,3/7/2011 13:49,2.95,14048,United Kingdom,-2.95
572689,84969,check,-50,10/25/2011 14:13,0,Guest,United Kingdom,0
C562709,22061,LARGE CAKE STAND  HANGING STRAWBERY,-1,8/8/2011 14:32,8.5,17511,United Kingdom,-8.5
C554517,23110,PARISIENNE KEY CABINET ,-2,5/24/2011 16:55,5.75,15434,United Kingdom,-11.5
C568830,21212,PACK OF 72 RETROSPOT CAKE CASES,-5,9/29/2011 11:34,0.55,13725,United Kingdom,-2.75
C569032,22659,LUNCH BOX I LOVE LONDON,-36,9/30/2011 10:40,1.65,15061,United Kingdom,-59.4
C567289,21137,BLACK RECORD COVER FRAME,-4,9/19/2011 11:50,3.75,17612,United Kingdom,-15
C559939,22151,PLACE SETTING WHITE HEART,-24,7/14/2011 10:19,0.42,14426,United Kingdom,-10.08
C554867,22666,RECIPE BOX PANTRY YELLOW DESIGN,-1,5/27/2011 10:48,2.95,13050,United Kingdom,-2.95
C569985,22625,RED KITCHEN SCALES,-2,10/6/2011 19:51,8.5,15365,United Kingdom,-17
558723,84865,damaged,-7,7/1/2011 14:28,0,Guest,United Kingdom,0
C570867,23255,CHILDRENS CUTLERY CIRCUS PARADE,-4,10/12/2011 16:17,4.15,12607,USA,-16.6
C552212,23127,FELTCRAFT GIRL NICOLE KIT,-3,5/6/2011 15:08,4.95,17422,United Kingdom,-14.85
C536379,D,Discount,-1,12/1/2010 9:41,27.5,14527,United Kingdom,-27.5
C571196,23223,CHRISTMAS TREE HANGING SILVER ,-12,10/14/2011 12:02,0.83,Guest,United Kingdom,-9.96
C568232,22492,MINI PAINT SET VINTAGE ,-1,9/26/2011 11:27,0.65,14808,United Kingdom,-0.65
C538794,21876,POTTERING MUG,-1,12/14/2010 11:41,1.25,14907,United Kingdom,-1.25
C572855,23175,REGENCY MILK JUG PINK ,-1,10/26/2011 12:28,3.25,15215,United Kingdom,-3.25
C548914,M,Manual,-1,4/5/2011 9:46,1136.3,12669,France,-1136.3
C557663,21340,CLASSIC METAL BIRDCAGE PLANT HOLDER,-4,6/21/2011 17:59,12.75,Guest,EIRE,-51
C537602,22198,LARGE POPCORN HOLDER ,-1,12/7/2010 12:45,1.45,17511,United Kingdom,-1.45
C555885,22978,PANTRY ROLLING PIN,-1,6/7/2011 15:50,3.75,14842,United Kingdom,-3.75
C576229,23236,STORAGE TIN VINTAGE DOILY ,-3,11/14/2011 13:13,2.89,13816,Germany,-8.67
C569636,23298,SPOTTY BUNTING,-1,10/5/2011 12:14,4.95,12841,United Kingdom,-4.95
C557022,22776,SWEETHEART CAKESTAND 3 TIER,-2,6/16/2011 12:56,9.95,16942,United Kingdom,-19.9
C565962,22972,CHILDREN'S SPACEBOY MUG,-1,9/8/2011 11:25,1.65,14410,United Kingdom,-1.65
C566467,22998,TRAVEL CARD WALLET KEEP CALM,-36,9/12/2011 18:04,0.42,14688,United Kingdom,-15.12
C538341,22726,ALARM CLOCK BAKELIKE GREEN,-2,12/10/2010 14:03,3.75,15514,United Kingdom,-7.5
C542426,84946,ANTIQUE SILVER TEA GLASS ETCHED,-12,1/28/2011 9:32,1.25,14146,United Kingdom,-15
C574488,23470,CARD HOLDER LOVE BIRD LARGE ,-1,11/4/2011 12:58,6.25,13050,United Kingdom,-6.25
C570099,37450,CERAMIC CAKE BOWL + HANGING CAKES,-2,10/7/2011 12:11,2.55,13798,United Kingdom,-5.1
C564905,POST,POSTAGE,-1,8/31/2011 12:16,87.4,17450,United Kingdom,-87.4
564667,23084,Unknown,-400,8/26/2011 15:08,0,Guest,United Kingdom,0
C540307,22303,COFFEE MUG APPLES DESIGN,-18,1/6/2011 12:58,2.55,15823,United Kingdom,-45.9
C552258,21166,COOK WITH WINE METAL SIGN ,-1,5/8/2011 11:09,2.08,16923,United Kingdom,-2.08
C557663,85172,HYACINTH BULB T-LIGHT CANDLES,-1,6/21/2011 17:59,0.42,Guest,EIRE,-0.42
C571707,23196,VINTAGE LEAF MAGNETIC NOTEPAD,-2,10/18/2011 15:33,1.45,14056,United Kingdom,-2.9
C551017,82483,WOOD 2 DRAWER CABINET WHITE FINISH,-16,4/26/2011 11:16,5.95,17975,United Kingdom,-95.2
C569655,22993,SET OF 4 PANTRY JELLY MOULDS,-3,10/5/2011 12:58,1.25,14534,United Kingdom,-3.75
C572917,82483,WOOD 2 DRAWER CABINET WHITE FINISH,-2,10/26/2011 16:33,6.95,15296,United Kingdom,-13.9
C548355,22423,REGENCY CAKESTAND 3 TIER,-1,3/30/2011 15:06,12.75,12921,United Kingdom,-12.75
C553370,M,Manual,-1,5/16/2011 14:30,260.7,Guest,United Kingdom,-260.7
C545852,22464,HANGING METAL HEART LANTERN,-5,3/7/2011 13:49,1.65,14048,United Kingdom,-8.25
559655,21166,?,-124,7/11/2011 12:57,0,Guest,United Kingdom,0
C546730,21937,STRAWBERRY   PICNIC BAG,-2,3/16/2011 11:39,2.95,18183,United Kingdom,-5.9
C569891,84609,TALL ROCOCO CANDLE HOLDER,-2,10/6/2011 15:46,8.5,13924,United Kingdom,-17
C562139,84978,HANGING HEART JAR T-LIGHT HOLDER,-1,8/3/2011 10:10,1.25,12921,United Kingdom,-1.25
C543353,22637,PIGGY BANK RETROSPOT ,-1,2/7/2011 13:41,2.55,16033,United Kingdom,-2.55
C560687,22156,HEART DECORATION WITH PEARLS ,-27,7/20/2011 11:51,0.85,14606,United Kingdom,-22.95
C538847,85232B,SET OF 3 BABUSHKA STACKING TINS,-240,12/14/2010 13:27,4.95,17404,Sweden,-1188
577119,22778,check,-10,11/17/2011 18:08,0,Guest,United Kingdom,0
570596,21803,check,-38,10/11/2011 11:48,0,Guest,United Kingdom,0
C542413,22909,SET OF 20 VINTAGE CHRISTMAS NAPKINS,-24,1/27/2011 17:11,0.85,16923,United Kingdom,-20.4
C548460,22979,PANTRY WASHING UP BRUSH,-12,3/31/2011 11:58,1.45,16801,United Kingdom,-17.4
C538350,82583,HOT BATHS METAL SIGN,-3,12/10/2010 15:01,1.69,13798,United Kingdom,-5.07
C581117,22865,HAND WARMER OWL DESIGN,-1,12/7/2011 12:24,2.1,16393,United Kingdom,-2.1
C543789,M,Manual,-1,2/11/2011 17:10,856.48,17450,United Kingdom,-856.48
C556535,23103,JINGLE BELL HEART DECORATION,-1,6/13/2011 12:23,1.65,17169,United Kingdom,-1.65
C570962,23503,PLAYING CARDS KEEP CALM & CARRY ON,-1,10/13/2011 11:46,1.25,17509,United Kingdom,-1.25
547335,20934,Unknown,-15,3/22/2011 11:44,0,Guest,United Kingdom,0
C575156,71477,COLOUR GLASS. STAR T-LIGHT HOLDER,-4,11/8/2011 16:18,3.95,16602,United Kingdom,-15.8
C542787,21318,GLASS CHALICE BLUE SMALL ,-2,2/1/2011 10:22,1.65,15864,United Kingdom,-3.3
C554529,23075,PARLOUR CERAMIC WALL HOOK,-1,5/24/2011 17:27,4.15,14226,United Kingdom,-4.15
C575638,M,Manual,-1,11/10/2011 13:48,40.46,12473,Germany,-40.46
C576241,23404,HOME SWEET HOME BLACKBOARD,-3,11/14/2011 13:35,4.95,13447,United Kingdom,-14.85
C542245,20726,LUNCH BAG WOODLAND,-1,1/26/2011 15:06,1.65,13098,United Kingdom,-1.65
C579924,23168,CLASSIC CAFE SUGAR DISPENSER,-3,12/1/2011 9:13,1.25,16293,United Kingdom,-3.75
C580919,22720,SET OF 3 CAKE TINS PANTRY DESIGN ,-1,12/6/2011 14:07,4.95,16571,United Kingdom,-4.95
C574508,20977,36 PENCILS TUBE WOODLAND,-11,11/4/2011 13:25,1.25,16463,United Kingdom,-13.75
C536812,22574,HEART WOODEN CHRISTMAS DECORATION,-192,12/2/2010 16:58,0.72,16546,United Kingdom,-138.24
C548748,22960,JAM MAKING SET WITH JARS,-6,4/4/2011 12:28,4.25,15223,United Kingdom,-25.5
C561012,20725,LUNCH BAG RED RETROSPOT,-1,7/22/2011 16:11,1.65,13098,United Kingdom,-1.65
C542060,22198,LARGE POPCORN HOLDER ,-1,1/25/2011 12:01,1.65,14680,United Kingdom,-1.65
C572486,22197,POPCORN HOLDER,-32,10/24/2011 13:51,0.85,14156,EIRE,-27.2
C559033,22760,"TRAY, BREAKFAST IN BED",-1,7/5/2011 14:54,10.95,17389,United Kingdom,-10.95
C548972,22197,SMALL POPCORN HOLDER,-12,4/5/2011 11:42,0.85,15674,United Kingdom,-10.2
542557,22765,Unknown,-1,1/28/2011 14:50,0,Guest,United Kingdom,0
C550353,22654,DELUXE SEWING KIT ,-1,4/18/2011 10:29,5.95,17841,United Kingdom,-5.95
C552030,84978,HANGING HEART JAR T-LIGHT HOLDER,-7,5/5/2011 18:12,1.25,15189,United Kingdom,-8.75
C554849,22055,MINI CAKE STAND  HANGING STRAWBERY,-1,5/26/2011 19:58,1.45,17865,United Kingdom,-1.45
C565140,22326,ROUND SNACK BOXES SET OF4 WOODLAND ,-1,9/1/2011 12:56,2.95,17841,United Kingdom,-2.95
C564206,37446,MINI CAKE STAND WITH HANGING CAKES,-1,8/24/2011 9:04,1.25,14301,United Kingdom,-1.25
C540786,22156,HEART DECORATION WITH PEARLS ,-3,1/11/2011 11:42,0.85,15194,United Kingdom,-2.55
C557665,22843,BISCUIT TIN VINTAGE GREEN,-1,6/21/2011 18:02,6.75,13384,United Kingdom,-6.75
C537630,AMAZONFEE,AMAZON FEE,-1,12/7/2010 15:04,13541.33,Guest,United Kingdom,-13541.33
C558110,22128,PARTY CONES CANDY ASSORTED,-12,6/26/2011 15:47,1.25,17731,United Kingdom,-15
C548738,22302,COFFEE MUG PEARS  DESIGN,-6,4/4/2011 11:22,2.55,14711,United Kingdom,-15.3
576366,23072,damages,-50,11/14/2011 18:30,0,Guest,United Kingdom,0
C570831,23064,CINDERELLA CHANDELIER ,-2,10/12/2011 13:25,49.95,14911,EIRE,-99.9
575704,21843,smashed,-63,11/10/2011 17:00,0,Guest,United Kingdom,0
C566036,21469,POLKA DOT RAFFIA FOOD COVER,-1,9/8/2011 13:21,3.75,17811,United Kingdom,-3.75
C558422,22998,TRAVEL CARD WALLET KEEP CALM,-24,6/29/2011 11:54,0.42,16779,United Kingdom,-10.08
C547802,71459,HANGING JAM JAR T-LIGHT HOLDER,-5,3/25/2011 13:12,0.72,12921,United Kingdom,-3.6
C542346,22596,CHRISTMAS STAR WISH LIST CHALKBOARD,-1,1/27/2011 12:00,0.72,12709,Germany,-0.72
C543974,21326,AGED GLASS SILVER T-LIGHT HOLDER,-4,2/14/2011 15:20,0.65,14606,United Kingdom,-2.6
C568646,23408,PHOTO FRAME LINEN AND LACE SMALL,-6,9/28/2011 11:45,2.08,13430,United Kingdom,-12.48
C548460,21877,HOME SWEET HOME MUG,-12,3/31/2011 11:58,1.25,16801,United Kingdom,-15
C578371,22974,CHILDRENS DOLLY GIRL MUG,-1,11/24/2011 11:16,1.65,14410,United Kingdom,-1.65
C567916,POST,POSTAGE,-1,9/22/2011 17:19,18,12579,France,-18
C551335,22914,BLUE COAT RACK PARIS FASHION,-1,4/27/2011 16:44,4.95,14198,United Kingdom,-4.95
C557653,20725,LUNCH BAG RED RETROSPOT,-1,6/21/2011 17:25,1.65,14040,United Kingdom,-1.65
C570867,22449,SILK PURSE BABUSHKA PINK,-6,10/12/2011 16:17,3.35,12607,USA,-20.1
C577819,23319,BOX OF 6 MINI 50'S CRACKERS,-8,11/22/2011 9:23,2.49,17313,United Kingdom,-19.92
C550807,22423,REGENCY CAKESTAND 3 TIER,-1,4/20/2011 15:56,12.75,13717,United Kingdom,-12.75
C540786,22666,RECIPE BOX PANTRY YELLOW DESIGN,-1,1/11/2011 11:42,2.95,15194,United Kingdom,-2.95
C543992,POST,POSTAGE,-1,2/15/2011 10:29,18,12583,France,-18
C564212,22699,ROSES REGENCY TEACUP AND SAUCER ,-1,8/24/2011 9:13,2.95,13209,United Kingdom,-2.95
573254,85135C,Damages,-49,10/28/2011 12:18,0,Guest,United Kingdom,0
C542092,22663,JUMBO BAG DOLLY GIRL DESIGN,-1,1/25/2011 12:45,1.95,14389,United Kingdom,-1.95
C554332,22967,SET 3 SONG BIRD PAPER EGGS ASSORTED,-3,5/23/2011 17:14,2.95,14009,United Kingdom,-8.85
C538463,22055,MINI CAKE STAND  HANGING STRAWBERY,-1,12/12/2010 12:31,1.65,17085,United Kingdom,-1.65
C553875,23184,BULL DOG BOTTLE OPENER,-8,5/19/2011 14:44,4.95,15660,United Kingdom,-39.6
C536850,22591,CARDHOLDER GINGHAM CHRISTMAS TREE,-50,12/3/2010 9:47,2.55,14213,United Kingdom,-127.5
C577693,23245,SET OF 3 REGENCY CAKE TINS,-1,11/21/2011 11:48,4.95,12628,Germany,-4.95
C537203,21424,WOODLAND STORAGE BOX LARGE ,-1,12/5/2010 14:44,2.95,14606,United Kingdom,-2.95
C549666,21166,COOK WITH WINE METAL SIGN ,-1,4/11/2011 12:17,2.08,13113,United Kingdom,-2.08
C558110,23008,DOLLY GIRL BABY GIFT SET,-2,6/26/2011 15:47,16.95,17731,United Kingdom,-33.9
C540250,22198,LARGE POPCORN HOLDER ,-2,1/5/2011 16:02,1.45,17511,United Kingdom,-2.9
C543307,22838,3 TIER CAKE TIN RED AND CREAM,-1,2/7/2011 11:58,14.95,18118,United Kingdom,-14.95
C543368,22941,CHRISTMAS LIGHTS 10 REINDEER,-4,2/7/2011 14:46,8.5,18245,United Kingdom,-34
C537835,22138,BAKING SET 9 PIECE RETROSPOT ,-3,12/8/2010 14:57,4.95,14618,United Kingdom,-14.85
C557062,85177,BASKET OF FLOWERS SEWING KIT,-1,6/16/2011 14:56,0.85,13213,United Kingdom,-0.85
C567691,22113,GREY HEART HOT WATER BOTTLE,-6,9/21/2011 17:04,4.25,17567,United Kingdom,-25.5
C571499,82486,3 DRAWER ANTIQUE WHITE WOOD CABINET,-12,10/17/2011 15:07,8.15,12454,Spain,-97.8
C577392,23169,CLASSIC GLASS COOKIE JAR,-6,11/18/2011 17:05,4.15,16560,United Kingdom,-24.9
537010,22162,Unknown,-40,12/3/2010 15:38,0,Guest,United Kingdom,0
546379,72225C,Unknown,-82,3/11/2011 12:21,0,Guest,United Kingdom,0
C549822,22244,3 HOOK HANGER MAGIC GARDEN,-1,4/12/2011 12:35,1.95,12854,United Kingdom,-1.95
549935,35915C,damaged,-43,4/13/2011 11:16,0,Guest,United Kingdom,0
C557656,M,Manual,-3,6/21/2011 17:37,4.25,14001,United Kingdom,-12.75
542380,84917,Unknown,-50,1/27/2011 13:59,0,Guest,United Kingdom,0
C570221,21977,PACK OF 60 PINK PAISLEY CAKE CASES,-4,10/9/2011 12:56,0.55,13113,United Kingdom,-2.2
C558439,22849,BREAD BIN DINER STYLE MINT,-1,6/29/2011 12:53,16.95,12584,Italy,-16.95
C566751,22197,POPCORN HOLDER,-4,9/14/2011 15:42,0.85,14911,EIRE,-3.4
C565843,22151,PLACE SETTING WHITE HEART,-1,9/7/2011 12:15,0.42,14606,United Kingdom,-0.42
C578832,22632,HAND WARMER RED RETROSPOT,-1,11/25/2011 15:18,2.1,13069,United Kingdom,-2.1
C562582,20751,FUNKY WASHING UP GLOVES ASSORTED,-1,8/7/2011 13:53,2.1,15640,United Kingdom,-2.1
C548469,22207,FRYING PAN UNION FLAG,-1,3/31/2011 12:32,4.25,14543,United Kingdom,-4.25
C551061,82551,LAUNDRY 15C METAL SIGN,-1,4/26/2011 12:13,1.45,16356,United Kingdom,-1.45
554317,85198,Unknown,-11,5/23/2011 15:29,0,Guest,United Kingdom,0
C540164,72815,3 WICK CHRISTMAS BRIAR CANDLE ,-4,1/5/2011 12:02,3.75,14911,EIRE,-15
C565615,23236,STORAGE TIN VINTAGE DOILY ,-1,9/5/2011 15:20,2.89,12683,France,-2.89
C561725,82581,TOILET METAL SIGN,-1,7/29/2011 12:10,0.55,17841,United Kingdom,-0.55
544579,21651,Unknown,-6,2/21/2011 14:05,0,Guest,United Kingdom,0
548173,85067,Unknown,-3,3/29/2011 14:17,0,Guest,United Kingdom,0
C569954,47594A,CAROUSEL DESIGN WASHBAG,-1,10/6/2011 18:34,1.95,14792,United Kingdom,-1.95
C537756,21914,BLUE HARMONICA IN BOX ,-24,12/8/2010 11:33,1.25,14952,United Kingdom,-30
C545033,22838,3 TIER CAKE TIN RED AND CREAM,-96,2/25/2011 16:26,12.75,14156,EIRE,-1224
C547187,22993,SET OF 4 PANTRY JELLY MOULDS,-2,3/21/2011 12:20,1.25,12779,Poland,-2.5
C575155,22666,RECIPE BOX PANTRY YELLOW DESIGN,-1,11/8/2011 16:17,2.95,13709,United Kingdom,-2.95
C566209,23355,HOT WATER BOTTLE KEEP CALM,-5,9/9/2011 15:04,4.95,16362,United Kingdom,-24.75
C541868,22423,REGENCY CAKESTAND 3 TIER,-1,1/24/2011 9:30,12.75,14796,United Kingdom,-12.75
C580761,22943,CHRISTMAS LIGHTS 10 VINTAGE BAUBLES,-1,12/6/2011 10:31,4.95,17528,United Kingdom,-4.95
C570867,23077,DOUGHNUT LIP GLOSS ,-20,10/12/2011 16:17,1.25,12607,USA,-25
C555881,22704,WRAP RED APPLES ,-25,6/7/2011 15:37,0.42,12473,Germany,-10.5
C568689,23031,DRAWER KNOB CRACKLE GLAZE PINK,-5,9/28/2011 14:42,1.65,17841,United Kingdom,-8.25
C563601,23160,REGENCY TEA SPOON,-3,8/18/2011 6:25,1.25,13047,United Kingdom,-3.75
C555357,22465,HANGING METAL STAR LANTERN,-12,6/2/2011 13:38,1.45,16422,United Kingdom,-17.4
C578280,22338,STAR DECORATION PAINTED ZINC ,-3,11/23/2011 13:53,0.19,17841,United Kingdom,-0.57
570403,47574A,check,-61,10/10/2011 12:45,0,Guest,United Kingdom,0
C569994,22730,ALARM CLOCK BAKELIKE IVORY,-11,10/6/2011 20:33,3.75,15606,United Kingdom,-41.25
578738,21638,Unknown,-33,11/25/2011 11:33,0,Guest,United Kingdom,0
C579878,23542,WALL ART 70'S ALPHABET ,-3,11/30/2011 17:12,8.25,17340,United Kingdom,-24.75
C570487,CRUK,CRUK Commission,-1,10/10/2011 17:12,411.92,14096,United Kingdom,-411.92
C553560,M,Manual,-1,5/17/2011 17:14,293,14931,Channel Islands,-293
C561380,22624,IVORY KITCHEN SCALES,-1,7/26/2011 17:12,8.5,17693,United Kingdom,-8.5
C569991,21673,WHITE SPOT BLUE CERAMIC DRAWER KNOB,-24,10/6/2011 20:15,1.45,14501,United Kingdom,-34.8
C569114,23172,REGENCY TEA PLATE PINK,-2,9/30/2011 12:50,1.65,14911,EIRE,-3.3
C570867,21891,TRADITIONAL WOODEN SKIPPING ROPE,-12,10/12/2011 16:17,1.45,12607,USA,-17.4
C542426,22752,SET 7 BABUSHKA NESTING BOXES,-24,1/28/2011 9:32,7.65,14146,United Kingdom,-183.6
C562147,22064,PINK DOUGHNUT TRINKET POT ,-1,8/3/2011 10:47,1.65,16180,United Kingdom,-1.65
C572113,84029E,RED WOOLLY HOTTIE WHITE HEART.,-1,10/20/2011 19:14,4.25,15179,United Kingdom,-4.25
C543643,20713,JUMBO BAG OWLS,-1,2/10/2011 17:44,1.95,16161,United Kingdom,-1.95
C576670,23199,JUMBO BAG APPLES,-1,11/16/2011 11:55,2.08,16393,United Kingdom,-2.08
C537251,21826,EIGHT PIECE DINOSAUR SET,-4,12/6/2010 10:45,1.25,Guest,United Kingdom,-5
C543239,84800M,MEDIUM WHITE/PINK ROSE ART FLOWER,-3,2/4/2011 13:47,1.69,14462,United Kingdom,-5.07
C556268,22699,ROSES REGENCY TEACUP AND SAUCER ,-1,6/9/2011 19:34,2.95,13317,United Kingdom,-2.95
C567682,M,Manual,-9,9/21/2011 16:28,0.79,17997,United Kingdom,-7.11
C542262,21843,RED RETROSPOT CAKE STAND,-1,1/26/2011 17:15,10.95,17591,United Kingdom,-10.95
C553914,22487,WHITE WOOD GARDEN PLANT LADDER,-1,5/19/2011 19:50,9.95,18109,United Kingdom,-9.95
C548727,85159A,"BLACK TEA,COFFEE,SUGAR JARS",-2,4/4/2011 9:45,1.95,17725,United Kingdom,-3.9
C570828,90192,JADE DROP EARRINGS W FILIGREE,-2,10/12/2011 13:15,4.95,14911,EIRE,-9.9
C575150,23347,I LOVE LONDON BEAKER,-12,11/8/2011 16:05,1.25,12471,Germany,-15
C558897,M,Manual,-1,7/4/2011 15:55,389.68,12619,Germany,-389.68
C564949,22103,MIRROR MOSAIC T-LIGHT HOLDER ROUND,-12,8/31/2011 13:31,1.32,17706,United Kingdom,-15.84
C579178,22942,CHRISTMAS LIGHTS 10 SANTAS ,-2,11/28/2011 14:55,8.5,12362,Belgium,-17
C542256,22471,TV DINNER TRAY AIR HOSTESS ,-1,1/26/2011 17:04,1.95,17722,United Kingdom,-1.95
C549666,22176,BLUE OWL SOFT TOY,-1,4/11/2011 12:17,2.95,13113,United Kingdom,-2.95
C550780,84507C,BLUE CIRCLES DESIGN MONKEY DOLL,-1,4/20/2011 13:39,2.55,17211,United Kingdom,-2.55
C567947,23100,SILVER BELLS TABLE DECORATION,-1,9/23/2011 8:00,1.25,17663,United Kingdom,-1.25
C567708,21931,JUMBO STORAGE BAG SUKI,-1,9/22/2011 9:53,2.08,15201,United Kingdom,-2.08
C542426,20971,PINK BLUE FELT CRAFT TRINKET BOX,-12,1/28/2011 9:32,1.25,14146,United Kingdom,-15
C570290,23426,METAL SIGN DROP YOUR PANTS,-6,10/10/2011 11:54,2.89,14665,United Kingdom,-17.34
C554925,21890,S/6 WOODEN SKITTLES IN COTTON BAG,-1,5/27/2011 12:57,3.25,17272,United Kingdom,-3.25
C539710,21314,SMALL GLASS HEART TRINKET POT,-2,12/21/2010 12:35,2.1,14769,United Kingdom,-4.2
C560408,M,Manual,-1,7/18/2011 14:24,550.64,13564,United Kingdom,-550.64
C543356,22791,T-LIGHT GLASS FLUTED ANTIQUE,-2,2/7/2011 13:52,1.25,14443,United Kingdom,-2.5
569854,35954,counted,-430,10/6/2011 14:26,0,Guest,United Kingdom,0
C556966,23169,CLASSIC GLASS COOKIE JAR,-2,6/16/2011 9:55,4.15,13523,United Kingdom,-8.3
C560409,22485,SET OF 2 WOODEN MARKET CRATES,-2,7/18/2011 14:24,12.75,16717,United Kingdom,-25.5
C555636,22685,FRENCH BLUE METAL DOOR SIGN 0,-10,6/6/2011 12:33,1.25,15073,United Kingdom,-12.5
C564493,22360,GLASS JAR ENGLISH CONFECTIONERY,-3,8/25/2011 14:19,2.95,13089,United Kingdom,-8.85
540684,35271S,Unknown,-13,1/10/2011 17:01,0,Guest,United Kingdom,0
C570099,20723,STRAWBERRY CHARLOTTE BAG,-1,10/7/2011 12:11,0.72,13798,United Kingdom,-0.72
C569421,22592,CARDHOLDER HOLLY WREATH METAL,-1,10/4/2011 10:37,3.75,15339,United Kingdom,-3.75
C540417,20713,JUMBO BAG OWLS,-10,1/7/2011 10:56,1.95,13680,United Kingdom,-19.5
562855,84800M,Unknown,-124,8/10/2011 10:16,0,Guest,United Kingdom,0
C549783,22893,MINI CAKE STAND T-LIGHT HOLDER,-3,4/12/2011 11:50,0.42,16558,United Kingdom,-1.26
C549962,22423,REGENCY CAKESTAND 3 TIER,-2,4/13/2011 13:51,10.95,16652,United Kingdom,-21.9
C560540,23254,CHILDRENS CUTLERY DOLLY GIRL ,-1,7/19/2011 12:26,4.15,12415,Australia,-4.15
C542860,22580,ADVENT CALENDAR GINGHAM SACK,-1,2/1/2011 11:43,5.95,Guest,United Kingdom,-5.95
C559253,23237,SET OF 4 KNICK KNACK TINS LEAF,-1,7/7/2011 11:44,4.15,12472,Germany,-4.15
C572110,23487,SWEET HEART CAKE CARRIER,-2,10/20/2011 19:11,9.95,14910,United Kingdom,-19.9
C542060,20725,LUNCH BAG RED RETROSPOT,-2,1/25/2011 12:01,1.45,14680,United Kingdom,-2.9
542576,85179B,Unknown,-1,1/28/2011 14:56,0,Guest,United Kingdom,0
C556966,22760,"TRAY, BREAKFAST IN BED",-1,6/16/2011 9:55,12.75,13523,United Kingdom,-12.75
C539274,22456,NATURAL SLATE CHALKBOARD LARGE ,-2,12/16/2010 15:31,4.25,13408,United Kingdom,-8.5
574123,22652,check,-111,11/3/2011 10:55,0,Guest,United Kingdom,0
C552406,22467,GUMBALL COAT RACK,-3,5/9/2011 12:39,2.1,12709,Germany,-6.3
553395,15058C,wet/rusty,-30,5/16/2011 16:47,0,Guest,United Kingdom,0
C550024,84949,SILVER HANGING T-LIGHT HOLDER,-14,4/14/2011 11:19,1.45,13089,United Kingdom,-20.3
C539576,22939,APRON APPLE DELIGHT,-12,12/20/2010 12:25,4.95,14911,EIRE,-59.4
C568572,22156,HEART DECORATION WITH PEARLS ,-8,9/28/2011 9:06,0.85,15194,United Kingdom,-6.8
C570221,20724,RED RETROSPOT CHARLOTTE BAG,-5,10/9/2011 12:56,0.85,13113,United Kingdom,-4.25
C567767,22665,RECIPE BOX BLUE SKETCHBOOK DESIGN,-6,9/22/2011 10:58,2.95,17460,United Kingdom,-17.7
C558256,22381,TOY TIDY PINK POLKADOT,-2,6/27/2011 17:08,2.1,13552,United Kingdom,-4.2
C545831,22156,HEART DECORATION WITH PEARLS ,-5,3/7/2011 13:10,0.85,15194,United Kingdom,-4.25
C543239,84800S,SMALL WHITE/PINK ROSE ART FLOWER,-2,2/4/2011 13:47,1.25,14462,United Kingdom,-2.5
C554518,22464,HANGING METAL HEART LANTERN,-3,5/24/2011 16:58,1.65,16592,United Kingdom,-4.95
C543972,35004B,SET OF 3 BLACK FLYING DUCKS,-3,2/14/2011 15:15,4.65,17924,United Kingdom,-13.95
549426,22078,Unknown,-201,4/8/2011 11:55,0,Guest,United Kingdom,0
C550029,90185C,BLACK DIAMANTE EXPANDABLE RING,-6,4/14/2011 11:27,4.25,13539,United Kingdom,-25.5
C561612,21232,STRAWBERRY CERAMIC TRINKET BOX,-2,7/28/2011 12:36,1.25,17054,United Kingdom,-2.5
C541710,85123A,WHITE HANGING HEART T-LIGHT HOLDER,-3,1/21/2011 11:17,2.95,14320,United Kingdom,-8.85
570185,21090,WET/MOULDY,-192,10/7/2011 14:56,0,Guest,United Kingdom,0
C571635,22629,SPACEBOY LUNCH BOX ,-1,10/18/2011 11:39,1.95,16393,United Kingdom,-1.95
C563225,D,Discount,-1,8/14/2011 14:35,434.51,14911,EIRE,-434.51
C542245,22727,ALARM CLOCK BAKELIKE RED ,-2,1/26/2011 15:06,3.75,13098,United Kingdom,-7.5
C577040,84946,ANTIQUE SILVER T-LIGHT GLASS,-144,11/17/2011 13:31,1.06,15864,United Kingdom,-152.64
C546997,22045,SPACEBOY GIFT WRAP,-25,3/18/2011 13:32,0.42,12748,United Kingdom,-10.5
C543766,22943,CHRISTMAS LIGHTS 10 VINTAGE BAUBLES,-1,2/11/2011 15:18,4.25,13319,United Kingdom,-4.25
C569112,22720,SET OF 3 CAKE TINS PANTRY DESIGN ,-1,9/30/2011 12:47,4.95,17405,United Kingdom,-4.95
537454,21349,Unknown,-44,12/7/2010 9:30,0,Guest,United Kingdom,0
542574,85119,Unknown,-1,1/28/2011 14:55,0,Guest,United Kingdom,0
C559136,84970S,HANGING HEART ZINC T-LIGHT HOLDER,-5,7/6/2011 13:21,0.64,17511,United Kingdom,-3.2
561640,84802B,Unknown,-125,7/28/2011 14:58,0,Guest,United Kingdom,0
554675,20903,Unknown,-33,5/25/2011 16:01,0,Guest,United Kingdom,0
C569119,22892,SET OF SALT AND PEPPER TOADSTOOLS,-1,9/30/2011 12:57,1.25,14194,United Kingdom,-1.25
C565962,22367,CHILDRENS APRON SPACEBOY DESIGN,-2,9/8/2011 11:25,1.95,14410,United Kingdom,-3.9
C552863,M,Manual,-1,5/11/2011 16:52,5.1,13012,United Kingdom,-5.1
C575777,22086,PAPER CHAIN KIT 50'S CHRISTMAS ,-40,11/11/2011 11:15,2.55,13881,United Kingdom,-102
C542426,21484,CHICK GREY HOT WATER BOTTLE,-36,1/28/2011 9:32,2.95,14146,United Kingdom,-106.2
C572334,85099B,JUMBO BAG RED RETROSPOT,-100,10/24/2011 10:25,1.79,14607,United Kingdom,-179
C569733,POST,POSTAGE,-1,10/6/2011 9:57,18,12500,Germany,-18
C571856,85123A,WHITE HANGING HEART T-LIGHT HOLDER,-1,10/19/2011 13:37,2.95,17063,United Kingdom,-2.95
C574955,23235,STORAGE TIN VINTAGE LEAF,-5,11/8/2011 9:56,2.89,15066,United Kingdom,-14.45
C540837,21527,RED RETROSPOT TRADITIONAL TEAPOT ,-2,1/11/2011 15:02,7.95,14733,United Kingdom,-15.9
C547889,22866,HAND WARMER SCOTTY DOG DESIGN,-1,3/28/2011 10:02,2.1,14410,United Kingdom,-2.1
561500,85040B,Unknown,-1,7/27/2011 14:12,0,Guest,United Kingdom,0
C569985,23335,EGG FRYING PAN IVORY ,-6,10/6/2011 19:51,2.08,15365,United Kingdom,-12.48
C575662,22423,REGENCY CAKESTAND 3 TIER,-5,11/10/2011 14:48,12.75,13767,United Kingdom,-63.75
C559949,22699,ROSES REGENCY TEACUP AND SAUCER ,-2,7/14/2011 10:42,2.95,Guest,EIRE,-5.9
C562687,22233,JIGSAW RABBIT AND BIRDHOUSE,-1,8/8/2011 13:53,0.59,15157,United Kingdom,-0.59
C564592,23082,SET 6 PAPER TABLE LANTERN HEARTS ,-4,8/26/2011 11:27,3.29,13408,United Kingdom,-13.16
C564276,84665,SQUARE CHERRY BLOSSOM CABINET,-16,8/24/2011 10:53,5.95,16841,United Kingdom,-95.2
C562921,22726,ALARM CLOCK BAKELIKE GREEN,-1,8/10/2011 14:17,3.75,13767,United Kingdom,-3.75
C538110,21232,STRAWBERRY CERAMIC TRINKET BOX,-144,12/9/2010 15:24,1.06,17307,United Kingdom,-152.64
C548713,21877,HOME SWEET HOME MUG,-1,4/3/2011 14:53,1.25,17337,United Kingdom,-1.25
573815,20902,check,-3,11/1/2011 11:31,0,Guest,United Kingdom,0
C576903,23485,BOTANICAL GARDENS WALL CLOCK ,-1,11/17/2011 9:15,25,12712,Germany,-25
C547408,22423,REGENCY CAKESTAND 3 TIER,-1,3/23/2011 8:55,12.75,15658,United Kingdom,-12.75
C572226,85066,CREAM SWEETHEART MINI CHEST,-1,10/21/2011 13:58,12.75,15321,United Kingdom,-12.75
C547968,84228,HEN HOUSE W CHICK STANDING,-1,3/28/2011 16:02,0.42,12471,Germany,-0.42
C557663,21792,CLASSIC FRENCH STYLE BASKET GREEN ,-8,6/21/2011 17:59,6.75,Guest,EIRE,-54
C572120,21169,YOU'RE CONFUSING ME METAL SIGN ,-1,10/20/2011 19:29,1.69,14911,EIRE,-1.69
C553854,21703,BAG 125g SWIRLY MARBLES,-1,5/19/2011 13:13,0.42,Guest,United Kingdom,-0.42
537015,37464,Unknown,-14,12/3/2010 15:41,0,Guest,United Kingdom,0
C549666,22470,HEART OF WICKER LARGE,-1,4/11/2011 12:17,2.55,13113,United Kingdom,-2.55
C558716,23002,TRAVEL CARD WALLET SKULLS,-24,7/1/2011 13:22,0.42,17888,United Kingdom,-10.08
C560331,22891,TEA FOR ONE POLKADOT,-1,7/18/2011 11:20,4.25,17706,United Kingdom,-4.25
C569655,22728,ALARM CLOCK BAKELIKE PINK,-1,10/5/2011 12:58,3.75,14534,United Kingdom,-3.75
C561013,22456,NATURAL SLATE CHALKBOARD LARGE ,-1,7/22/2011 16:12,4.25,16705,United Kingdom,-4.25
C581568,21258,VICTORIAN SEWING BOX LARGE,-5,12/9/2011 11:57,10.95,15311,United Kingdom,-54.75
C557269,22364,GLASS JAR DIGESTIVE BISCUITS,-1,6/19/2011 11:27,2.95,13097,United Kingdom,-2.95
C574875,23347,I LOVE LONDON BEAKER,-16,11/7/2011 13:06,1.25,16416,United Kingdom,-20
C569410,23026,DRAWER KNOB VINTAGE GLASS STAR,-12,10/4/2011 9:48,2.08,13364,United Kingdom,-24.96
C552203,M,Manual,-1,5/6/2011 14:56,189.44,Guest,United Kingdom,-189.44
549529,21830,"MERCHANT CHANDLER CREDIT ERROR, STO",-576,4/8/2011 16:56,0,Guest,United Kingdom,0
C561210,23263,SET OF 3 WOODEN HEART DECORATIONS,-10,7/25/2011 16:58,1.25,17841,United Kingdom,-12.5
C580954,84997C,CHILDRENS CUTLERY POLKADOT BLUE,-5,12/6/2011 14:19,3.75,12967,United Kingdom,-18.75
C573756,21232,STRAWBERRY CERAMIC TRINKET POT,-6,11/1/2011 9:46,1.25,17865,United Kingdom,-7.5
C569116,22596,CHRISTMAS STAR WISH LIST CHALKBOARD,-12,9/30/2011 12:52,1.25,13320,United Kingdom,-15
571112,22637,damages,-65,10/13/2011 17:36,0,Guest,United Kingdom,0
C558444,40001,WHITE BAMBOO RIBS LAMPSHADE,-2,6/29/2011 13:29,0.64,15311,United Kingdom,-1.28
C554339,22625,RED KITCHEN SCALES,-1,5/23/2011 17:39,8.5,15128,United Kingdom,-8.5
553652,20826,Unknown,-168,5/18/2011 11:06,0,Guest,United Kingdom,0
C544589,AMAZONFEE,AMAZON FEE,-1,2/21/2011 15:11,5258.77,Guest,United Kingdom,-5258.77
C573767,23462,ROCOCO WALL MIRROR WHITE,-3,11/1/2011 10:01,19.95,13882,United Kingdom,-59.85
C555475,85040A,S/4 PINK FLOWER CANDLES IN BOWL,-1,6/3/2011 12:11,1.65,18232,United Kingdom,-1.65
C564545,23209,LUNCH BAG VINTAGE DOILY ,-1,8/25/2011 16:08,1.65,14188,United Kingdom,-1.65
549160,81953P,Unknown,-7,4/6/2011 17:15,0,Guest,United Kingdom,0
C573754,23462,ROCOCO WALL MIRROR WHITE,-1,11/1/2011 9:39,19.95,13126,United Kingdom,-19.95
C542730,22227,HANGING HEART MIRROR DECORATION ,-1,1/31/2011 15:27,0.65,13506,United Kingdom,-0.65
C564183,M,Manual,-1,8/23/2011 15:04,58.29,Guest,United Kingdom,-58.29
C569636,23295,SET OF 12 MINI LOAF BAKING CASES,-1,10/5/2011 12:14,0.83,12841,United Kingdom,-0.83
C542150,21579,LOLITA  DESIGN  COTTON TOTE BAG,-2,1/26/2011 10:30,2.25,14049,United Kingdom,-4.5
C573253,POST,POSTAGE,-1,10/28/2011 12:14,3.95,17552,United Kingdom,-3.95
581198,22025,check,-30,12/7/2011 18:26,0,Guest,United Kingdom,0
C553026,37370,RETRO COFFEE MUGS ASSORTED,-1,5/12/2011 19:35,1.25,15249,United Kingdom,-1.25
C570468,M,Manual,-1,10/10/2011 16:32,238.78,Guest,United Kingdom,-238.78
C580131,85034C,3 ROSE MORRIS BOXED CANDLES,-12,12/1/2011 18:12,4.25,17576,United Kingdom,-51
C560540,23297,SET 40 HEART SHAPE PETIT FOUR CASES,-2,7/19/2011 12:26,1.65,12415,Australia,-3.3
C540860,35400,WOODEN BOX ADVENT CALENDAR ,-1,1/12/2011 11:04,8.95,15953,United Kingdom,-8.95
C545866,21424,WOODLAND STORAGE BOX LARGE ,-1,3/7/2011 14:27,2.95,17841,United Kingdom,-2.95
C570867,20750,RED RETROSPOT MINI CASES,-2,10/12/2011 16:17,7.95,12607,USA,-15.9
C541868,22059,CERAMIC STRAWBERRY DESIGN MUG,-3,1/24/2011 9:30,1.49,14796,United Kingdom,-4.47
573672,22522,check,-126,10/31/2011 17:04,0,Guest,United Kingdom,0
C547231,22173,METAL 4 HOOK HANGER FRENCH CHATEAU,-1,3/21/2011 16:07,2.95,15291,United Kingdom,-2.95
C546895,22777,GLASS CLOCHE LARGE,-1,3/17/2011 18:22,8.5,15358,United Kingdom,-8.5
C574510,22114,HOT WATER BOTTLE TEA AND SYMPATHY,-2,11/4/2011 13:25,4.25,15110,United Kingdom,-8.5
C557650,22844,VINTAGE CREAM DOG FOOD CONTAINER,-1,6/21/2011 17:17,8.5,15152,United Kingdom,-8.5
C567978,22178,VICTORIAN GLASS HANGING T-LIGHT,-1,9/23/2011 10:40,1.95,14546,United Kingdom,-1.95
539994,22830,Unknown,-1,1/4/2011 10:09,0,Guest,United Kingdom,0
554024,20998,Unknown,-11,5/20/2011 13:21,0,Guest,United Kingdom,0
C547725,22922,FRIDGE MAGNETS US DINER ASSORTED,-72,3/25/2011 10:43,0.85,Guest,United Kingdom,-61.2
C572470,POST,POSTAGE,-1,10/24/2011 13:32,26,Guest,United Kingdom,-26
C541825,21875,KINGS CHOICE MUG,-1,1/21/2011 17:01,1.25,12652,France,-1.25
556690,23005,printing smudges/thrown away,-9600,6/14/2011 10:37,0,Guest,United Kingdom,0
C558745,20712,JUMBO BAG WOODLAND ANIMALS,-1,7/1/2011 17:02,2.08,14415,United Kingdom,-2.08
C555532,21623,VINTAGE UNION JACK MEMOBOARD,-1,6/5/2011 12:01,9.95,15722,United Kingdom,-9.95
C575746,21982,PACK OF 12 SUKI TISSUES ,-1,11/11/2011 10:19,0.39,13588,United Kingdom,-0.39
C562952,23243,SET OF TEA COFFEE SUGAR TINS PANTRY,-1,8/11/2011 10:10,4.95,12749,United Kingdom,-4.95
C550932,BANK CHARGES,Bank Charges,-1,4/21/2011 15:12,475.69,Guest,United Kingdom,-475.69
C573030,23487,SWEET HEART CAKE CARRIER,-1,10/27/2011 13:34,9.95,15468,United Kingdom,-9.95
C563586,22077,6 RIBBONS RUSTIC CHARM,-6,8/17/2011 17:19,1.65,12697,Sweden,-9.9
C566614,D,Discount,-1,9/13/2011 17:28,102.24,16029,United Kingdom,-102.24
551449,22525,Unknown,-4,4/28/2011 16:00,0,Guest,United Kingdom,0
C557519,22784,LANTERN CREAM GAZEBO ,-1,6/20/2011 17:15,4.95,16739,United Kingdom,-4.95
C572448,POST,POSTAGE,-1,10/24/2011 12:28,69.72,Guest,United Kingdom,-69.72
573499,21192,check,-164,10/31/2011 12:01,0,Guest,United Kingdom,0
576578,22412,Unknown,-37,11/15/2011 14:05,0,Guest,United Kingdom,0
C577349,21464,DISCO BALL ROTATOR BATTERY OPERATED,-4,11/18/2011 15:32,4.25,16168,United Kingdom,-17
C566899,AMAZONFEE,AMAZON FEE,-1,9/15/2011 13:53,7427.97,Guest,United Kingdom,-7427.97
C577147,23031,DRAWER KNOB CRACKLE GLAZE PINK,-1,11/18/2011 9:42,1.65,13396,United Kingdom,-1.65
C571023,84978,HANGING HEART JAR T-LIGHT HOLDER,-1,10/13/2011 12:18,1.25,15239,United Kingdom,-1.25
567113,85215,Damaged,-29,9/16/2011 13:39,0,Guest,United Kingdom,0
553394,15058A,wet/rusty,-30,5/16/2011 16:47,0,Guest,United Kingdom,0
C549912,20725,LUNCH BAG RED RETROSPOT,-1,4/13/2011 9:02,1.65,15737,United Kingdom,-1.65
578328,72807B,wet pallet,-696,11/23/2011 17:55,0,Guest,United Kingdom,0
C579778,23460,SWEETHEART WALL TIDY ,-1,11/30/2011 15:14,9.95,14217,United Kingdom,-9.95
C538111,21830,ASSORTED CREEPY CRAWLIES,-24,12/9/2010 15:24,0.42,17950,United Kingdom,-10.08
C553354,AMAZONFEE,AMAZON FEE,-1,5/16/2011 13:54,5876.4,Guest,United Kingdom,-5876.4
C543743,M,Manual,-1,2/11/2011 13:39,4.5,12505,Italy,-4.5
C566180,21314,SMALL GLASS HEART TRINKET POT,-1,9/9/2011 12:52,2.1,16173,United Kingdom,-2.1
C575651,22139,RETROSPOT TEA SET CERAMIC 11 PC ,-1,11/10/2011 14:26,4.95,17653,United Kingdom,-4.95
C549921,22637,PIGGY BANK RETROSPOT ,-1,4/13/2011 9:53,2.55,15109,United Kingdom,-2.55
C558716,16259,PIECE OF CAMO STATIONERY SET,-108,7/1/2011 13:22,0.08,17888,United Kingdom,-8.64
C566957,23203,JUMBO BAG VINTAGE DOILY ,-1,9/15/2011 16:45,2.08,18172,United Kingdom,-2.08
C568412,23148,MINIATURE ANTIQUE ROSE HOOK IVORY,-1,9/27/2011 10:54,0.83,14456,United Kingdom,-0.83
C579925,21240,BLUE POLKADOT CUP,-3,12/1/2011 9:16,0.85,15544,United Kingdom,-2.55
578528,22601,check,-20,11/24/2011 14:24,0,Guest,United Kingdom,0
C574095,22326,ROUND SNACK BOXES SET OF4 WOODLAND ,-1,11/3/2011 9:54,2.95,12674,France,-2.95
C578371,22652,TRAVEL SEWING KIT,-1,11/24/2011 11:16,1.65,14410,United Kingdom,-1.65
C542721,22138,BAKING SET 9 PIECE RETROSPOT ,-1,1/31/2011 14:37,4.95,14502,United Kingdom,-4.95
C572111,22138,BAKING SET 9 PIECE RETROSPOT ,-1,10/20/2011 19:13,4.95,13136,United Kingdom,-4.95
C537860,22508,DOORSTOP RETROSPOT HEART,-4,12/8/2010 16:15,3.75,16252,United Kingdom,-15
C554012,22139,RETROSPOT TEA SET CERAMIC 11 PC ,-2,5/20/2011 12:56,4.95,15125,United Kingdom,-9.9
C565025,22720,SET OF 3 CAKE TINS PANTRY DESIGN ,-1,8/31/2011 16:32,4.95,13050,United Kingdom,-4.95
C555935,21084,SET/6 COLLAGE PAPER CUPS,-24,6/8/2011 9:14,0.19,12567,France,-4.56
568545,22548,Unknown,-70,9/27/2011 14:34,0,Guest,United Kingdom,0
C549692,21671,RED SPOT CERAMIC DRAWER KNOB,-1,4/11/2011 13:43,1.06,13668,United Kingdom,-1.06
C552556,84946,ANTIQUE SILVER T-LIGHT GLASS,-24,5/10/2011 11:21,1.25,17504,United Kingdom,-30
C578124,22352,LUNCH BOX WITH CUTLERY RETROSPOT ,-1,11/23/2011 10:30,2.55,14049,United Kingdom,-2.55
C554330,22423,REGENCY CAKESTAND 3 TIER,-1,5/23/2011 17:08,12.75,12749,United Kingdom,-12.75
C571499,23057,BEADED CHANDELIER T-LIGHT HOLDER,-48,10/17/2011 15:07,4.15,12454,Spain,-199.2
C549827,POST,POSTAGE,-2,4/12/2011 12:55,3,12463,Belgium,-6
C570963,23289,DOLLY GIRL CHILDRENS BOWL,-2,10/13/2011 11:49,1.25,13816,Germany,-2.5
C561620,22720,SET OF 3 CAKE TINS PANTRY DESIGN ,-2,7/28/2011 13:40,4.95,15845,United Kingdom,-9.9
C571637,22381,TOY TIDY PINK POLKADOT,-1,10/18/2011 11:55,1.85,14688,United Kingdom,-1.85
C570221,22355,CHARLOTTE BAG SUKI DESIGN,-9,10/9/2011 12:56,0.85,13113,United Kingdom,-7.65
C564138,22662,LUNCH BAG DOLLY GIRL DESIGN,-1,8/23/2011 11:36,1.65,12753,Japan,-1.65
C548454,M,Manual,-1,3/31/2011 11:42,0.22,16422,United Kingdom,-0.22
C547958,20713,JUMBO BAG OWLS,-100,3/28/2011 15:18,1.65,15032,United Kingdom,-165
C569733,78033,FLAG OF ST GEORGE CHAIR,-2,10/6/2011 9:57,5.95,12500,Germany,-11.9
C570290,23155,KNICKERBOCKERGLORY MAGNET ASSORTED ,-24,10/10/2011 11:54,0.83,14665,United Kingdom,-19.92
C571499,23055,IVORY CHANDELIER T-LIGHT HOLDER,-48,10/17/2011 15:07,5.39,12454,Spain,-258.72
C560540,23240,SET OF 4 KNICK KNACK TINS DOILEY ,-1,7/19/2011 12:26,4.15,12415,Australia,-4.15
C547889,22834,HAND WARMER BABUSHKA DESIGN,-1,3/28/2011 10:02,2.1,14410,United Kingdom,-2.1
C557413,23193,BUFFALO BILL TREASURE BOOK BOX,-1,6/20/2011 11:39,2.25,14701,United Kingdom,-2.25
C559939,22023,EMPIRE BIRTHDAY CARD,-12,7/14/2011 10:19,0.42,14426,United Kingdom,-5.04
C574337,23080,RED METAL BOX TOP SECRET,-4,11/4/2011 10:03,8.25,16979,United Kingdom,-33
C581229,22027,TEA PARTY BIRTHDAY CARD,-12,12/8/2011 10:14,0.42,12558,USA,-5.04
C566466,23178,JAM CLOCK MAGNET,-3,9/12/2011 18:00,2.89,13850,United Kingdom,-8.67
C559351,23275,SET OF 3 HANGING OWLS OLLIE BEAK,-48,7/7/2011 17:42,1.25,13408,United Kingdom,-60
C554273,22723,SET OF 6 HERB TINS SKETCHBOOK,-1,5/23/2011 13:09,3.95,13883,United Kingdom,-3.95
C580741,22776,SWEETHEART 3 TIER CAKE STAND ,-1,12/6/2011 9:29,9.95,17659,United Kingdom,-9.95
C562151,22637,PIGGY BANK RETROSPOT ,-1,8/3/2011 10:55,2.1,17053,United Kingdom,-2.1
C565848,21673,WHITE SPOT BLUE CERAMIC DRAWER KNOB,-36,9/7/2011 12:48,1.45,14606,United Kingdom,-52.2
C563553,22197,POPCORN HOLDER,-1,8/17/2011 13:14,0.85,16755,United Kingdom,-0.85
C574027,22303,COFFEE MUG APPLES DESIGN,-36,11/2/2011 12:32,2.1,13394,United Kingdom,-75.6
C543611,21071,VINTAGE BILLBOARD DRINK ME MUG,-6,2/10/2011 14:38,1.06,17850,United Kingdom,-6.36
C569318,22628,PICNIC BOXES SET OF 3 RETROSPOT ,-1,10/3/2011 12:14,4.95,13505,Switzerland,-4.95
C556640,21735,TWO DOOR CURIO CABINET,-2,6/13/2011 15:44,12.75,13148,United Kingdom,-25.5
C550540,POST,POSTAGE,-1,4/19/2011 11:31,3.82,14339,United Kingdom,-3.82
C556436,21559,STRAWBERRY LUNCH BOX WITH CUTLERY,-1,6/10/2011 14:28,2.55,16358,United Kingdom,-2.55
C574900,23131,MISTLETOE HEART WREATH CREAM,-5,11/7/2011 15:11,4.15,17014,United Kingdom,-20.75
C567681,20728,LUNCH BAG CARS BLUE,-6,9/21/2011 16:24,1.65,15433,United Kingdom,-9.9
C557663,22730,ALARM CLOCK BAKELIKE IVORY,-9,6/21/2011 17:59,3.75,Guest,EIRE,-33.75
C540360,84997B,RED 3 PIECE RETROSPOT CUTLERY SET,-4,1/6/2011 15:35,3.75,18041,United Kingdom,-15
C571897,23169,CLASSIC GLASS COOKIE JAR,-3,10/19/2011 14:19,4.15,16157,United Kingdom,-12.45
C559939,22435,SET OF 9 HEART SHAPED BALLOONS,-12,7/14/2011 10:19,1.25,14426,United Kingdom,-15
C573502,84674,FLYING PIG WATERING CAN,-4,10/31/2011 12:02,2.95,14808,United Kingdom,-11.8
C544560,75049L,LARGE CIRCULAR MIRROR MOBILE,-8,2/21/2011 12:43,0.85,17677,United Kingdom,-6.8
C542426,22837,HOT WATER BOTTLE BABUSHKA ,-36,1/28/2011 9:32,4.25,14146,United Kingdom,-153
565304,16259,Unknown,-3167,9/2/2011 12:18,0,Guest,United Kingdom,0
C569851,22384,LUNCH BAG PINK POLKADOT,-1,10/6/2011 14:02,1.45,17511,United Kingdom,-1.45
C572481,22591,CARDHOLDER GINGHAM CHRISTMAS TREE,-2,10/24/2011 13:48,3.25,15632,United Kingdom,-6.5
C569636,47566,PARTY BUNTING,-11,10/5/2011 12:14,4.95,12841,United Kingdom,-54.45
556314,23155,sold as set on dotcom,-84,6/10/2011 10:47,0,Guest,United Kingdom,0
C573037,23238,SET OF 4 KNICK KNACK TINS LONDON ,-2,10/27/2011 13:45,4.15,12471,Germany,-8.3
548385,22168,Unknown,-19,3/30/2011 16:47,0,Guest,United Kingdom,0
C572114,23323,WHITE WICKER STAR ,-1,10/20/2011 19:15,2.1,17169,United Kingdom,-2.1
C576968,22158,3 HEARTS HANGING DECORATION RUSTIC,-3,11/17/2011 11:51,2.95,13668,United Kingdom,-8.85
C580968,23534,WALL ART STOP FOR TEA ,-3,12/6/2011 14:57,5.95,15622,United Kingdom,-17.85
C560907,84997A,CHILDRENS CUTLERY POLKADOT GREEN ,-3,7/21/2011 17:55,4.15,16875,United Kingdom,-12.45
C538650,21258,VICTORIAN SEWING BOX LARGE,-1,12/13/2010 15:05,10.95,15311,United Kingdom,-10.95
C546206,21231,SWEETHEART CERAMIC TRINKET BOX,-1,3/10/2011 11:15,1.25,13014,United Kingdom,-1.25
C551140,48194,DOORMAT HEARTS,-1,4/26/2011 13:11,7.95,17613,United Kingdom,-7.95
C571196,23220,REINDEER HEART DECORATION GOLD,-12,10/14/2011 12:02,0.83,Guest,United Kingdom,-9.96
C580919,23486,ANTIQUE HEART SHELF UNIT,-2,12/6/2011 14:07,16.65,16571,United Kingdom,-33.3
C561379,23061,VINTAGE EMBOSSED HEART,-3,7/26/2011 17:12,1.25,13668,United Kingdom,-3.75
C537602,22423,REGENCY CAKESTAND 3 TIER,-2,12/7/2010 12:45,10.95,17511,United Kingdom,-21.9
C543760,37446,MINI CAKE STAND WITH HANGING CAKES,-48,2/11/2011 15:12,1.25,15638,United Kingdom,-60
C572482,22646,CERAMIC STRAWBERRY CAKE MONEY BANK,-1,10/24/2011 13:48,1.45,17314,United Kingdom,-1.45
C555860,22847,BREAD BIN DINER STYLE IVORY,-1,6/7/2011 14:24,16.95,16763,United Kingdom,-16.95
C567682,23171,REGENCY TEA PLATE GREEN ,-24,9/21/2011 16:28,1.65,17997,United Kingdom,-39.6
C552049,22926,IVORY GIANT GARDEN THERMOMETER,-4,5/6/2011 10:00,5.95,17548,United Kingdom,-23.8
C570828,90003C,MIDNIGHT BLUE PAIR HEART HAIR SLIDE,-4,10/12/2011 13:15,3.75,14911,EIRE,-15
551302,48189,damaged,-18,4/27/2011 14:55,0,Guest,United Kingdom,0
C567945,82483,WOOD 2 DRAWER CABINET WHITE FINISH,-2,9/23/2011 7:57,5.95,17340,United Kingdom,-11.9
548376,22533,Unknown,-80,3/30/2011 16:39,0,Guest,United Kingdom,0
C539950,22720,SET OF 3 CAKE TINS PANTRY DESIGN ,-2,12/23/2010 11:50,4.95,13534,United Kingdom,-9.9
C565379,23184,BULL DOG BOTTLE OPENER,-1,9/2/2011 15:17,4.95,14415,United Kingdom,-4.95
547618,21547,Unknown,-12,3/24/2011 11:28,0,Guest,United Kingdom,0
575048,84665,water damaged,-15,11/8/2011 12:12,0,Guest,United Kingdom,0
555503,84313C,damaged,-1,6/3/2011 15:39,0,Guest,United Kingdom,0
C571346,22969,HOMEMADE JAM SCENTED CANDLES,-1,10/17/2011 11:46,1.45,16101,United Kingdom,-1.45
C557411,23094,LE GRAND TRAY CHIC SET,-1,6/20/2011 11:37,12.5,13343,United Kingdom,-12.5
C544038,22798,ANTIQUE GLASS DRESSING TABLE POT,-3,2/15/2011 11:32,2.95,14659,United Kingdom,-8.85
C560558,23170,REGENCY TEA PLATE ROSES ,-2,7/19/2011 13:22,1.65,12921,United Kingdom,-3.3
C576785,72807C,SET/3 VANILLA SCENTED CANDLE IN BOX,-4,11/16/2011 13:51,4.25,14109,United Kingdom,-17
C570684,23273,HEART T-LIGHT HOLDER WILLIE WINKIE,-1,10/11/2011 16:24,1.65,14535,United Kingdom,-1.65
C580917,84535B,FAIRY CAKES NOTEBOOK A6 SIZE,-1,12/6/2011 13:57,0.65,13362,United Kingdom,-0.65
C549666,22501,PICNIC BASKET WICKER LARGE,-4,4/11/2011 12:17,8.5,13113,United Kingdom,-34
542417,84966B,Unknown,-11,1/27/2011 17:38,0,Guest,United Kingdom,0
C539644,21232,STRAWBERRY CERAMIC TRINKET BOX,-4,12/20/2010 15:52,1.25,12471,Germany,-5
C560556,23171,REGENCY TEA PLATE GREEN ,-1,7/19/2011 13:04,1.65,13089,United Kingdom,-1.65
C562962,23132,SMALL IVORY HEART WALL ORGANISER,-1,8/11/2011 10:26,5.75,17579,United Kingdom,-5.75
C551018,22467,GUMBALL COAT RACK,-2,4/26/2011 11:19,2.55,12705,Germany,-5.1
C553023,22062,CERAMIC BOWL WITH LOVE HEART DESIGN,-6,5/12/2011 19:27,0.83,13952,United Kingdom,-4.98
571115,82567,Unknown,-73,10/13/2011 17:40,0,Guest,United Kingdom,0
C575940,22571,ROCKING HORSE RED CHRISTMAS ,-96,11/13/2011 11:38,0.72,17838,United Kingdom,-69.12
C536625,22839,3 TIER CAKE TIN GREEN AND CREAM,-2,12/2/2010 10:46,14.95,14766,United Kingdom,-29.9
C562375,23315,IVORY REFECTORY CLOCK,-12,8/4/2011 14:46,8.15,14911,EIRE,-97.8
C539289,22960,JAM MAKING SET WITH JARS,-3,12/16/2010 16:30,4.25,18065,United Kingdom,-12.75
C579140,23289,DOLLY GIRL CHILDRENS BOWL,-1,11/28/2011 13:05,1.25,16393,United Kingdom,-1.25
C549783,22060,LARGE CAKE STAND HANGING HEARTS,-5,4/12/2011 11:50,3.95,16558,United Kingdom,-19.75
C547581,22367,CHILDRENS APRON SPACEBOY DESIGN,-1,3/24/2011 10:58,1.95,12474,Germany,-1.95
551430,20966,Unknown,-3,4/28/2011 15:06,0,Guest,United Kingdom,0
C543745,21655,HANGING RIDGE GLASS T-LIGHT HOLDER,-12,2/11/2011 13:46,1.69,13672,United Kingdom,-20.28
C543818,21876,POTTERING MUG,-3,2/13/2011 15:45,1.25,16897,United Kingdom,-3.75
C540386,22845,VINTAGE CREAM CAT FOOD CONTAINER,-3,1/6/2011 17:57,6.35,12417,Belgium,-19.05
C542744,22700,BLACK AND WHITE DOG BOWL,-10,1/31/2011 16:32,0.85,16191,United Kingdom,-8.5
C570291,20727,LUNCH BAG  BLACK SKULL.,-10,10/10/2011 11:56,1.65,12731,France,-16.5
C541492,37500,TEA TIME TEAPOT IN GIFT BOX,-1,1/18/2011 14:24,9.95,Guest,United Kingdom,-9.95
C566741,23431,NATURAL HANGING QUILTED HEARTS ,-12,9/14/2011 14:55,0.83,15618,United Kingdom,-9.96
C555636,79321,CHILLI LIGHTS,-4,6/6/2011 12:33,5.75,15073,United Kingdom,-23
C581409,23462,ROCOCO WALL MIRROR WHITE,-1,12/8/2011 14:08,19.95,12476,Germany,-19.95
C578363,22835,HOT WATER BOTTLE I AM SO POORLY,-24,11/24/2011 10:40,4.25,15482,United Kingdom,-102
569391,84625C,Unknown,-32,10/3/2011 17:13,0,Guest,United Kingdom,0
572691,22426,check,-15,10/25/2011 14:15,0,Guest,United Kingdom,0
C550363,22443,GROW YOUR OWN HERBS SET OF 3,-1,4/18/2011 11:20,7.95,16033,United Kingdom,-7.95
C557946,22467,GUMBALL COAT RACK,-4,6/23/2011 16:13,2.55,17340,United Kingdom,-10.2
C538341,22243,5 HOOK HANGER RED MAGIC TOADSTOOL,-6,12/10/2010 14:03,1.65,15514,United Kingdom,-9.9
C552841,22841,ROUND CAKE TIN VINTAGE GREEN,-2,5/11/2011 14:28,7.95,15827,United Kingdom,-15.9
C556668,22963,JAM JAR WITH GREEN LID,-6,6/13/2011 16:26,0.85,15827,United Kingdom,-5.1
560424,21503,Unknown,-84,7/18/2011 15:15,0,Guest,United Kingdom,0
551582,84857A,Unknown,-5,5/3/2011 11:21,0,Guest,United Kingdom,0
C542101,22423,REGENCY CAKESTAND 3 TIER,-2,1/25/2011 13:15,10.95,12471,Germany,-21.9
C555014,15058A,BLUE POLKADOT GARDEN PARASOL,-1,5/31/2011 10:45,6.75,13113,United Kingdom,-6.75
C560855,22367,CHILDRENS APRON SPACEBOY DESIGN,-1,7/21/2011 13:00,1.95,14410,United Kingdom,-1.95
547506,21538,Unknown,-2,3/23/2011 13:38,0,Guest,United Kingdom,0
C543837,22699,ROSES REGENCY TEACUP AND SAUCER ,-2,2/14/2011 10:56,2.95,14431,United Kingdom,-5.9
C550825,20934,SET/3 POT PLANT CANDLES,-5,4/21/2011 10:00,5.45,18177,United Kingdom,-27.25
C562375,22086,PAPER CHAIN KIT 50'S CHRISTMAS ,-120,8/4/2011 14:46,2.55,14911,EIRE,-306
C575082,23243,SET OF TEA COFFEE SUGAR TINS PANTRY,-1,11/8/2011 13:30,4.95,12613,Germany,-4.95
C578124,21461,BLUE EASTER EGG HUNT START POST,-1,11/23/2011 10:30,1.95,14049,United Kingdom,-1.95
C543347,21672,WHITE SPOT RED CERAMIC DRAWER KNOB,-2,2/7/2011 12:44,1.25,12472,Germany,-2.5
C561621,85066,CREAM SWEETHEART MINI CHEST,-1,7/28/2011 13:41,12.75,12722,France,-12.75
549001,84845D,Unknown,-5,4/5/2011 14:35,0,Guest,United Kingdom,0
C569636,23004,TRAVEL CARD WALLET PANTRY,-2,10/5/2011 12:14,0.42,12841,United Kingdom,-0.84
C560540,23235,STORAGE TIN VINTAGE LEAF,-1,7/19/2011 12:26,2.89,12415,Australia,-2.89
C565681,23445,ICE CREAM BUBBLES,-20,9/6/2011 10:42,0.83,15521,United Kingdom,-16.6
C541233,21539,RED RETROSPOT BUTTER DISH,-1,1/14/2011 17:00,4.95,13107,United Kingdom,-4.95
C542138,22418,10 COLOUR SPACEBOY PEN,-24,1/25/2011 17:21,0.85,17368,United Kingdom,-20.4
C545457,22698,PINK REGENCY TEACUP AND SAUCER,-3,3/2/2011 17:18,2.95,17428,United Kingdom,-8.85
C556787,20914,SET/5 RED RETROSPOT LID GLASS BOWLS,-8,6/14/2011 13:26,2.95,16745,United Kingdom,-23.6
C546879,M,Manual,-96,3/17/2011 17:14,0.91,16422,United Kingdom,-87.36
C536826,35004B,SET OF 3 BLACK FLYING DUCKS,-2,12/2/2010 17:30,4.65,17924,United Kingdom,-9.3
C572469,23200,JUMBO BAG PEARS,-1,10/24/2011 13:31,2.08,13534,United Kingdom,-2.08
C538082,21864,UNION JACK FLAG PASSPORT COVER ,-20,12/9/2010 14:30,2.1,13777,United Kingdom,-42
C551180,22418,10 COLOUR SPACEBOY PEN,-24,4/26/2011 17:32,0.85,14586,United Kingdom,-20.4
C552406,22605,WOODEN CROQUET GARDEN SET,-2,5/9/2011 12:39,10.95,12709,Germany,-21.9
C542912,22697,GREEN REGENCY TEACUP AND SAUCER,-1,2/1/2011 15:49,2.95,13141,United Kingdom,-2.95
C548976,85159A,"BLACK TEA,COFFEE,SUGAR JARS",-7,4/5/2011 11:50,1.95,17725,United Kingdom,-13.65
C544580,S,SAMPLES,-1,2/21/2011 14:25,8.74,Guest,United Kingdom,-8.74
C578062,23174,REGENCY SUGAR BOWL GREEN,-3,11/22/2011 15:30,4.15,12471,Germany,-12.45
C560540,23192,BUNDLE OF 3 ALPHABET EXERCISE BOOKS,-1,7/19/2011 12:26,1.65,12415,Australia,-1.65
550970,82599,Unknown,-11,4/21/2011 17:02,0,Guest,United Kingdom,0
C541416,22327,ROUND SNACK BOXES SET OF 4 SKULLS,-1,1/17/2011 16:23,2.95,14606,United Kingdom,-2.95
C581569,84978,HANGING HEART JAR T-LIGHT HOLDER,-1,12/9/2011 11:58,1.25,17315,United Kingdom,-1.25
C578363,22114,HOT WATER BOTTLE TEA AND SYMPATHY,-24,11/24/2011 10:40,3.75,15482,United Kingdom,-90
C579904,82483,WOOD 2 DRAWER CABINET WHITE FINISH,-2,12/1/2011 8:43,6.95,17049,United Kingdom,-13.9
537029,37476,Unknown,-6,12/3/2010 16:37,0,Guest,United Kingdom,0
C543784,22169,FAMILY ALBUM WHITE PICTURE FRAME,-4,2/11/2011 16:59,7.65,13089,United Kingdom,-30.6
C562618,20914,SET/5 RED RETROSPOT LID GLASS BOWLS,-2,8/8/2011 12:32,2.95,13186,United Kingdom,-5.9
C567955,22699,ROSES REGENCY TEACUP AND SAUCER ,-4,9/23/2011 8:52,2.55,17428,United Kingdom,-10.2
C537373,22423,REGENCY CAKESTAND 3 TIER,-1,12/6/2010 12:55,12.75,14487,United Kingdom,-12.75
C559347,22771,CLEAR DRAWER KNOB ACRYLIC EDWARDIAN,-12,7/7/2011 17:22,1.25,18072,United Kingdom,-15
C574865,POST,POSTAGE,-1,11/7/2011 12:30,15,12408,Belgium,-15
C551015,22364,GLASS JAR DIGESTIVE BISCUITS,-9,4/26/2011 11:06,2.55,12753,Japan,-22.95
C581229,85099B,JUMBO BAG RED RETROSPOT,-10,12/8/2011 10:14,2.08,12558,USA,-20.8
C574347,23427,STOOL HOME SWEET HOME ,-1,11/4/2011 10:28,10.4,12500,Germany,-10.4
C570828,90204,PAIR OF ENAMEL BUTTERFLY HAIRCLIP,-4,10/12/2011 13:15,3.35,14911,EIRE,-13.4
C538705,22423,REGENCY CAKESTAND 3 TIER,-16,12/14/2010 10:33,10.95,15093,United Kingdom,-175.2
C562030,84595E,LARGE TORTILLA DESIGN RED BOWL,-1,8/1/2011 17:03,3.29,Guest,United Kingdom,-3.29
C538350,21928,JUMBO BAG SCANDINAVIAN PAISLEY,-2,12/10/2010 15:01,1.65,13798,United Kingdom,-3.3
C579018,POST,POSTAGE,-1,11/28/2011 10:14,7,16678,United Kingdom,-7
C539402,21527,RED RETROSPOT TRADITIONAL TEAPOT ,-1,12/17/2010 12:19,6.95,17315,United Kingdom,-6.95
C574510,22360,GLASS JAR ENGLISH CONFECTIONERY,-1,11/4/2011 13:25,2.95,15110,United Kingdom,-2.95
C537656,21258,VICTORIAN SEWING BOX LARGE,-12,12/7/2010 16:21,10.95,15100,United Kingdom,-131.4
C579521,21843,RED RETROSPOT CAKE STAND,-1,11/29/2011 18:19,10.95,12748,United Kingdom,-10.95
C572334,21931,JUMBO STORAGE BAG SUKI,-100,10/24/2011 10:25,1.79,14607,United Kingdom,-179
C562124,15034,PAPER POCKET TRAVELING FAN ,-23,8/2/2011 17:23,0.07,13081,United Kingdom,-1.61
C579532,POST,POSTAGE,-1,11/30/2011 9:21,18,12494,France,-18
537008,21161,Unknown,-120,12/3/2010 15:37,0,Guest,United Kingdom,0
561354,21792,Unknown,-8,7/26/2011 14:50,0,Guest,United Kingdom,0
C578239,D,Discount,-1,11/23/2011 12:29,26.33,14912,Italy,-26.33
C562957,22540,MINI JIGSAW CIRCUS PARADE ,-1,8/11/2011 10:15,0.42,13319,United Kingdom,-0.42
C542273,22300,COFFEE MUG DOG + BALL DESIGN,-1,1/27/2011 10:01,2.55,12578,Italy,-2.55
C548667,84459A,PINK METAL CHICKEN HEART ,-24,4/1/2011 15:00,1.49,12781,Czech Republic,-35.76
C542805,22156,HEART DECORATION WITH PEARLS ,-1,2/1/2011 11:19,0.85,14606,United Kingdom,-0.85
574816,85036C,damages wax,-1560,11/7/2011 10:37,0,Guest,United Kingdom,0
550954,47013A,damaged,-2,4/21/2011 16:18,0,Guest,United Kingdom,0
C539486,22603,CHRISTMAS RETROSPOT TREE WOOD,-11,12/20/2010 8:27,0.85,18256,United Kingdom,-9.35
C562623,22772,PINK DRAWER KNOB ACRYLIC EDWARDIAN,-1,8/8/2011 12:38,1.25,16255,United Kingdom,-1.25
C567708,23203,JUMBO BAG VINTAGE DOILY ,-8,9/22/2011 9:53,2.08,15201,United Kingdom,-16.64
C545723,23182,TOILET SIGN OCCUPIED OR VACANT,-1,3/7/2011 11:16,0.83,17048,United Kingdom,-0.83
C544840,22461,SAVOY ART DECO CLOCK,-1,2/24/2011 11:06,12.75,16719,United Kingdom,-12.75
C564942,21363,HOME SMALL WOOD LETTERS,-1,8/31/2011 13:19,4.95,18097,United Kingdom,-4.95
C538083,22633,HAND WARMER UNION JACK,-4,12/9/2010 14:40,2.1,15750,United Kingdom,-8.4
C567716,21843,RED RETROSPOT CAKE STAND,-8,9/22/2011 10:16,9.95,14543,United Kingdom,-79.6
C542642,22720,SET OF 3 CAKE TINS PANTRY DESIGN ,-1,1/31/2011 11:27,4.95,15827,United Kingdom,-4.95
C542426,21675,BUTTERFLIES STICKERS,-12,1/28/2011 9:32,0.85,14146,United Kingdom,-10.2
C565681,23201,JUMBO BAG ALPHABET,-10,9/6/2011 10:42,2.08,15521,United Kingdom,-20.8
C542426,22844,VINTAGE CREAM DOG FOOD CONTAINER,-2,1/28/2011 9:32,8.5,14146,United Kingdom,-17
C560903,22178,VICTORIAN GLASS HANGING T-LIGHT,-75,7/21/2011 17:47,1.06,18198,United Kingdom,-79.5
C572479,37449,CERAMIC CAKE STAND + HANGING CAKES,-1,10/24/2011 13:43,9.95,12463,Belgium,-9.95
C544034,21626,VINTAGE UNION JACK PENNANT,-2,2/15/2011 11:28,1.95,14701,United Kingdom,-3.9
C537414,22086,PAPER CHAIN KIT 50'S CHRISTMAS ,-6,12/6/2010 15:09,2.95,16861,United Kingdom,-17.7
552214,84872A,Unknown,-12,5/6/2011 15:11,0,Guest,United Kingdom,0
C559502,22423,REGENCY CAKESTAND 3 TIER,-1,7/8/2011 14:53,12.75,13338,United Kingdom,-12.75
C569922,22728,ALARM CLOCK BAKELIKE PINK,-1,10/6/2011 17:38,3.75,16842,United Kingdom,-3.75
C538684,21258,VICTORIAN SEWING BOX LARGE,-1,12/14/2010 9:26,12.75,16161,United Kingdom,-12.75
552052,84917,Unknown,-8,5/6/2011 10:10,0,Guest,United Kingdom,0
C536854,21871,SAVE THE PLANET MUG,-1,12/3/2010 10:09,1.25,15240,United Kingdom,-1.25
C570099,85099F,JUMBO BAG STRAWBERRY,-2,10/7/2011 12:11,1.65,13798,United Kingdom,-3.3
C575056,84078A,SET/4 WHITE RETRO STORAGE CUBES ,-1,11/8/2011 12:24,39.95,17736,United Kingdom,-39.95
C537805,85047,WHITE BEADED GARLAND STRING 20LIGHT,-1,12/8/2010 13:18,5.55,15311,United Kingdom,-5.55
C547889,22072,RED RETROSPOT TEA CUP AND SAUCER ,-2,3/28/2011 10:02,3.75,14410,United Kingdom,-7.5
C574505,23199,JUMBO BAG APPLES,-1,11/4/2011 13:22,2.08,13534,United Kingdom,-2.08
C571707,23199,JUMBO BAG APPLES,-1,10/18/2011 15:33,2.08,14056,United Kingdom,-2.08
C571707,23194,GYMKHANA TREASURE BOOK BOX,-4,10/18/2011 15:33,2.25,14056,United Kingdom,-9
C545672,22784,LANTERN CREAM GAZEBO ,-1,3/6/2011 10:13,4.95,15304,United Kingdom,-4.95
C550027,75049L,LARGE CIRCULAR MIRROR MOBILE,-58,4/14/2011 11:26,0.85,14195,United Kingdom,-49.3
C572485,23016,GLASS TWIST BON BON JAR,-3,10/24/2011 13:50,6.65,14952,United Kingdom,-19.95
C565761,22722,SET OF 6 SPICE TINS PANTRY DESIGN,-4,9/6/2011 13:59,3.95,16278,United Kingdom,-15.8
C562811,23083,SET 6 PAPER TABLE LANTERN STARS ,-48,8/9/2011 15:30,3.29,13217,United Kingdom,-157.92
C557663,22083,PAPER CHAIN KIT RETROSPOT,-9,6/21/2011 17:59,2.95,Guest,EIRE,-26.55
C543347,85049E,SCANDINAVIAN REDS RIBBONS,-3,2/7/2011 12:44,1.25,12472,Germany,-3.75
C570099,21232,STRAWBERRY CERAMIC TRINKET BOX,-6,10/7/2011 12:11,1.06,13798,United Kingdom,-6.36
C538874,22230,JIGSAW TREE WITH WATERING CAN,-1,12/14/2010 15:16,0.85,12867,United Kingdom,-0.85
C567902,22995,TRAVEL CARD WALLET SUKI,-1,9/22/2011 16:29,0.42,15555,United Kingdom,-0.42
C566942,22423,REGENCY CAKESTAND 3 TIER,-1,9/15/2011 16:16,10.95,17139,United Kingdom,-10.95
C564217,23252,VINTAGE RED ENAMEL TRIM JUG ,-2,8/24/2011 9:24,3.75,12994,United Kingdom,-7.5
C557411,23110,PARISIENNE KEY CABINET ,-2,6/20/2011 11:37,5.75,13343,United Kingdom,-11.5
C538530,22630,DOLLY GIRL LUNCH BOX,-33,12/13/2010 10:26,1.95,14796,United Kingdom,-64.35
C546997,84929,ASSTD FRUIT+FLOWERS FRIDGE MAGNETS,-6,3/18/2011 13:32,0.55,12748,United Kingdom,-3.3
C542060,20726,LUNCH BAG WOODLAND,-2,1/25/2011 12:01,1.65,14680,United Kingdom,-3.3
C565016,85053,FRENCH ENAMEL CANDLEHOLDER,-1,8/31/2011 16:28,2.1,15764,United Kingdom,-2.1
C550709,21231,SWEETHEART CERAMIC TRINKET BOX,-3,4/20/2011 10:53,1.25,12997,United Kingdom,-3.75
C579883,21535,RED RETROSPOT SMALL MILK JUG,-1,11/30/2011 17:32,2.55,14194,United Kingdom,-2.55
546245,85185B,?,-259,3/10/2011 13:26,0,Guest,United Kingdom,0
C542138,20854,BLUE PATCH PURSE PINK HEART,-14,1/25/2011 17:21,1.65,17368,United Kingdom,-23.1
C558327,21926,RED/CREAM STRIPE CUSHION COVER ,-12,6/28/2011 12:04,1.25,17900,United Kingdom,-15
566977,48173C,Unknown,-54,9/16/2011 9:47,0,Guest,United Kingdom,0
C559947,21868,POTTING SHED TEA MUG,-36,7/14/2011 10:27,1.06,16701,United Kingdom,-38.16
C543290,22617,BAKING SET SPACEBOY DESIGN,-2,2/7/2011 10:44,4.95,16686,United Kingdom,-9.9
C579366,POST,POSTAGE,-1,11/29/2011 11:56,9.72,14205,United Kingdom,-9.72
C538062,22168,ORGANISER WOOD ANTIQUE WHITE ,-2,12/9/2010 13:40,8.5,17702,United Kingdom,-17
C570828,90059F,DIAMANTE HAIR GRIP PACK/2 LT ROSE,-6,10/12/2011 13:15,1.65,14911,EIRE,-9.9
C550456,21175,GIN + TONIC DIET METAL SIGN,-2000,4/18/2011 13:08,1.85,15749,United Kingdom,-3700
C577547,23080,RED METAL BOX TOP SECRET,-1,11/20/2011 14:48,8.25,17841,United Kingdom,-8.25
C553026,22925,BLUE GIANT GARDEN THERMOMETER,-1,5/12/2011 19:35,5.95,15249,United Kingdom,-5.95
C568796,21363,HOME SMALL WOOD LETTERS,-1,9/29/2011 10:20,4.95,17870,United Kingdom,-4.95
C545508,22900, SET 2 TEA TOWELS I LOVE LONDON ,-1,3/3/2011 11:53,2.95,17017,United Kingdom,-2.95
C571003,23243,SET OF TEA COFFEE SUGAR TINS PANTRY,-1,10/13/2011 12:04,4.95,15801,United Kingdom,-4.95
C579970,22840,ROUND CAKE TIN VINTAGE RED,-2,12/1/2011 11:13,7.95,14388,United Kingdom,-15.9
C538124,22423,REGENCY CAKESTAND 3 TIER,-1,12/9/2010 15:43,12.75,15329,United Kingdom,-12.75
C553557,85132A,CHARLIE + LOLA BISCUITS TINS,-1,5/17/2011 17:03,1.95,13266,United Kingdom,-1.95
C569996,23221,REINDEER HEART DECORATION SILVER,-10,10/6/2011 20:38,0.83,15322,United Kingdom,-8.3
C573753,22197,POPCORN HOLDER,-1,11/1/2011 9:37,0.85,14329,United Kingdom,-0.85
C579929,22307,GOLD MUG BONE CHINA TREE OF LIFE,-1,12/1/2011 9:34,1.06,17828,Malta,-1.06
C579931,23207,LUNCH BAG ALPHABET DESIGN,-10,12/1/2011 9:39,1.65,13115,United Kingdom,-16.5
C555600,23204,CHARLOTTE BAG APPLES DESIGN,-3,6/6/2011 11:17,0.85,12633,Germany,-2.55
562278,21391,Sold as 1 on dotcom,-342,8/4/2011 10:27,0,Guest,United Kingdom,0
C551464,22147,FELTCRAFT BUTTERFLY HEARTS,-12,4/28/2011 16:15,1.45,13085,United Kingdom,-17.4
C581162,84946,ANTIQUE SILVER T-LIGHT GLASS,-3,12/7/2011 14:32,1.06,14739,United Kingdom,-3.18
C550442,21622,VINTAGE UNION JACK CUSHION COVER,-1,4/18/2011 12:28,4.95,16550,United Kingdom,-4.95
C547232,22429,ENAMEL MEASURING JUG CREAM,-1,3/21/2011 16:15,4.25,12994,United Kingdom,-4.25
C546854,22196,SMALL HEART MEASURING SPOONS,-4,3/17/2011 13:55,0.72,17511,United Kingdom,-2.88
C538704,22618,COOKING SET RETROSPOT,-2,12/14/2010 10:31,9.95,14206,United Kingdom,-19.9
573505,85208,check,-22,10/31/2011 12:09,0,Guest,United Kingdom,0
C578136,71477,COLOURED GLASS STAR T-LIGHT HOLDER,-2,11/23/2011 10:57,3.95,14156,EIRE,-7.9
C545836,21789,KIDS RAIN MAC PINK,-1,3/7/2011 13:19,0.85,14606,United Kingdom,-0.85
C558360,79163,BLACK CHAMPAGNE GLASS,-7,6/28/2011 15:10,0.39,16701,United Kingdom,-2.73
C541825,20914,SET/5 RED RETROSPOT LID GLASS BOWLS,-1,1/21/2011 17:01,2.95,12652,France,-2.95
C541863,82551,LAUNDRY 15C METAL SIGN,-2,1/23/2011 16:08,1.25,13798,United Kingdom,-2.5
C544397,21730,GLASS STAR FROSTED T-LIGHT HOLDER,-1,2/18/2011 12:21,4.95,12462,Spain,-4.95
C548460,22720,SET OF 3 CAKE TINS PANTRY DESIGN ,-3,3/31/2011 11:58,4.95,16801,United Kingdom,-14.85
546409,21833,damages,-110,3/11/2011 16:27,0,Guest,United Kingdom,0
C562522,22139,RETROSPOT TEA SET CERAMIC 11 PC ,-1,8/5/2011 12:49,4.95,13813,Germany,-4.95
549150,79336,Unknown,-47,4/6/2011 15:32,0,Guest,United Kingdom,0
C549019,22233,JIGSAW RABBIT AND BIRDHOUSE,-2,4/5/2011 15:22,1.65,12474,Germany,-3.3
C570828,90174,BUTTERFLY HAIR BAND,-6,10/12/2011 13:15,2.55,14911,EIRE,-15.3
C542426,22852,DOG BOWL VINTAGE CREAM,-4,1/28/2011 9:32,4.25,14146,United Kingdom,-17
C539644,22554,PLASTERS IN TIN WOODLAND ANIMALS,-2,12/20/2010 15:52,1.65,12471,Germany,-3.3
C577388,22699,ROSES REGENCY TEACUP AND SAUCER ,-6,11/18/2011 16:58,2.95,14911,EIRE,-17.7
C578832,22736,RIBBON REEL MAKING SNOWMEN ,-3,11/25/2011 15:18,1.65,13069,United Kingdom,-4.95
C540860,22776,SWEETHEART CAKESTAND 3 TIER,-1,1/12/2011 11:04,9.95,15953,United Kingdom,-9.95
C548972,85123A,WHITE HANGING HEART T-LIGHT HOLDER,-6,4/5/2011 11:42,2.95,15674,United Kingdom,-17.7
C549545,21125,SET 6 FOOTBALL CELEBRATION CANDLES,-1,4/10/2011 11:19,1.25,18118,United Kingdom,-1.25
C537684,22730,ALARM CLOCK BAKELIKE IVORY,-1,12/8/2010 10:18,3.75,14901,United Kingdom,-3.75
C551588,22962,JAM JAR WITH PINK LID,-3,5/3/2011 11:28,0.85,12708,Germany,-2.55
C546997,22710,WRAP I LOVE LONDON ,-25,3/18/2011 13:32,0.42,12748,United Kingdom,-10.5
C561328,22649,STRAWBERRY FAIRY CAKE TEAPOT,-1,7/26/2011 13:54,4.95,12471,Germany,-4.95
553391,37370,sold as set/6 by dotcom,-786,5/16/2011 16:42,0,Guest,United Kingdom,0
C561018,23167,SMALL CERAMIC TOP STORAGE JAR ,-3,7/22/2011 16:50,0.83,14916,United Kingdom,-2.49
C543644,84406B,CREAM CUPID HEARTS COAT HANGER,-2,2/10/2011 17:50,4.15,17609,United Kingdom,-8.3
551666,84750A,Unknown,-10,5/3/2011 12:35,0,Guest,United Kingdom,0
C539224,22656,VINTAGE BLUE KITCHEN CABINET,-1,12/16/2010 13:01,175,17377,United Kingdom,-175
C539576,72816,SET/3 CHRISTMAS DECOUPAGE CANDLES,-24,12/20/2010 12:25,1.25,14911,EIRE,-30
C573929,21469,POLKA DOT RAFFIA FOOD COVER,-1,11/2/2011 10:14,3.75,17811,United Kingdom,-3.75
C552568,84077,WORLD WAR 2 GLIDERS ASSTD DESIGNS,-960,5/10/2011 12:04,0.21,12901,United Kingdom,-201.6
C537824,22784,LANTERN CREAM GAZEBO ,-1,12/8/2010 14:27,4.95,12870,United Kingdom,-4.95
C568416,15034,PAPER POCKET TRAVELING FAN ,-144,9/27/2011 11:08,0.14,14866,United Kingdom,-20.16
C572228,22112,CHOCOLATE HOT WATER BOTTLE,-17,10/21/2011 14:03,4.25,15728,United Kingdom,-72.25
C574026,23419,HOME SWEET HOME BOTTLE ,-1,11/2/2011 12:26,2.08,14606,United Kingdom,-2.08
C538115,22230,JIGSAW TREE WITH WATERING CAN,-12,12/9/2010 15:30,0.85,16817,United Kingdom,-10.2
C541653,BANK CHARGES,Bank Charges,-1,1/20/2011 11:50,1050.15,Guest,United Kingdom,-1050.15
C570831,84616,SILVER ROCCOCO CHANDELIER,-2,10/12/2011 13:25,29.95,14911,EIRE,-59.9
576193,22827,Unknown,-8,11/14/2011 11:57,0,Guest,United Kingdom,0
C538718,22178,VICTORIAN GLASS HANGING T-LIGHT,-48,12/14/2010 11:10,1.25,15602,United Kingdom,-60
543783,20966,Unknown,-41,2/11/2011 16:45,0,Guest,United Kingdom,0
C551659,84970S,HANGING HEART ZINC T-LIGHT HOLDER,-1,5/3/2011 12:14,0.85,13668,United Kingdom,-0.85
C562280,84926F,PSYCHEDELIC TILE COASTER,-24,8/4/2011 10:31,0.29,16133,United Kingdom,-6.96
C568587,21535,RED RETROSPOT SMALL MILK JUG,-3,9/28/2011 10:15,2.55,18225,United Kingdom,-7.65
C548460,22365,DOORMAT RESPECTABLE HOUSE,-2,3/31/2011 11:58,7.95,16801,United Kingdom,-15.9
C555398,20703,BLUE PADDED SOFT MOBILE,-3,6/2/2011 17:30,4.25,17375,United Kingdom,-12.75
C570290,21181,PLEASE ONE PERSON METAL SIGN,-12,10/10/2011 11:54,2.1,14665,United Kingdom,-25.2
C556637,23168,CLASSIC CAFE SUGAR DISPENSER,-5,6/13/2011 15:32,1.25,15382,United Kingdom,-6.25
C559486,23236,DOILEY STORAGE TIN,-1,7/8/2011 13:51,2.89,13047,United Kingdom,-2.89
C561682,21257,VICTORIAN SEWING BOX MEDIUM,-7,7/28/2011 19:27,6.95,13631,United Kingdom,-48.65
C571196,23349,ROLL WRAP VINTAGE CHRISTMAS,-12,10/14/2011 12:02,1.25,Guest,United Kingdom,-15
C556535,82486,WOOD S/3 CABINET ANT WHITE FINISH,-1,6/13/2011 12:23,8.95,17169,United Kingdom,-8.95
C558898,22637,PIGGY BANK RETROSPOT ,-8,7/4/2011 15:59,2.55,14952,United Kingdom,-20.4
C554925,22197,SMALL POPCORN HOLDER,-1,5/27/2011 12:57,0.85,17272,United Kingdom,-0.85
C569547,23112,PARISIENNE CURIO CABINET,-1,10/4/2011 17:22,7.5,14834,United Kingdom,-7.5
C543475,84792,ENCHANTED BIRD COATHANGER 5 HOOK,-1,2/8/2011 15:15,4.65,14415,United Kingdom,-4.65
C558422,71053,WHITE METAL LANTERN,-16,6/29/2011 11:54,3.39,16779,United Kingdom,-54.24
C542091,22960,JAM MAKING SET WITH JARS,-1,1/25/2011 12:41,4.25,17091,United Kingdom,-4.25
C544594,47591D,PINK FAIRY CAKE CHILDRENS APRON,-1,2/21/2011 16:58,1.95,15079,United Kingdom,-1.95
C555386,23175,REGENCY MILK JUG PINK ,-1,6/2/2011 15:23,3.25,15194,United Kingdom,-3.25
C559939,21506,"FANCY FONT BIRTHDAY CARD, ",-12,7/14/2011 10:19,0.42,14426,United Kingdom,-5.04
C570283,22962,JAM JAR WITH PINK LID,-3,10/10/2011 11:20,0.85,12708,Germany,-2.55
C570122,84950,ASSORTED COLOUR T-LIGHT HOLDER,-1,10/7/2011 12:58,0.65,15874,United Kingdom,-0.65
C545003,20972,PINK CREAM FELT CRAFT TRINKET BOX ,-12,2/25/2011 12:46,1.25,18231,United Kingdom,-15
578245,22568,?? missing,-170,11/23/2011 12:37,0,Guest,United Kingdom,0
C543431,21559,STRAWBERRY LUNCH BOX WITH CUTLERY,-1,2/8/2011 11:37,2.55,12474,Germany,-2.55
C558029,20727,LUNCH BAG  BLACK SKULL.,-1,6/24/2011 11:47,1.65,12826,United Kingdom,-1.65
C574291,22633,HAND WARMER UNION JACK,-1,11/3/2011 15:19,2.1,15290,United Kingdom,-2.1
C577153,22097,SWALLOW SQUARE TISSUE BOX,-10,11/18/2011 9:54,0.39,13266,United Kingdom,-3.9
C564711,22442,GROW YOUR OWN FLOWERS SET OF 3,-1,8/28/2011 10:31,7.95,16768,United Kingdom,-7.95
C561469,21179,NO JUNK MAIL METAL SIGN,-12,7/27/2011 13:13,0.39,15289,United Kingdom,-4.68
C540384,22384,LUNCH BAG PINK POLKADOT,-1,1/6/2011 17:48,1.65,14961,United Kingdom,-1.65
C558753,37500,TEA TIME TEAPOT IN GIFT BOX,-1,7/3/2011 11:54,4.95,15033,United Kingdom,-4.95
C542421,37446,MINI CAKE STAND WITH HANGING CAKES,-1,1/27/2011 18:08,1.45,17180,United Kingdom,-1.45
541685,22351,Given away,-1400,1/20/2011 15:41,0,Guest,United Kingdom,0
576580,22034,Unknown,-5,11/15/2011 14:15,0,Guest,United Kingdom,0
C545840,22423,REGENCY CAKESTAND 3 TIER,-5,3/7/2011 13:35,10.95,13089,United Kingdom,-54.75
C552709,22494,EMERGENCY FIRST AID TIN ,-4,5/10/2011 16:27,1.25,12886,United Kingdom,-5
C580686,22358,KINGS CHOICE TEA CADDY ,-1,12/5/2011 15:28,2.95,15984,United Kingdom,-2.95
C546022,23186,FRENCH STYLE STORAGE JAR CAFE ,-6,3/8/2011 17:28,1.25,14507,United Kingdom,-7.5
C551551,23146,TRIPLE HOOK ANTIQUE IVORY ROSE,-2,5/3/2011 10:08,3.29,17841,United Kingdom,-6.58
C536825,22197,SMALL POPCORN HOLDER,-2,12/2/2010 17:27,0.85,15384,United Kingdom,-1.7
C553031,21240,BLUE POLKADOT CUP,-3,5/12/2011 19:43,0.85,13908,United Kingdom,-2.55
C568232,23007, SPACEBOY BABY GIFT SET,-3,9/26/2011 11:27,16.95,14808,United Kingdom,-50.85
C562709,21042,RED RETROSPOT APRON ,-1,8/8/2011 14:32,4.65,17511,United Kingdom,-4.65
C560855,22859,EASTER TIN BUNNY BOUQUET,-12,7/21/2011 13:00,1.65,14410,United Kingdom,-19.8
573317,21804,Unknown,-84,10/28/2011 18:09,0,Guest,United Kingdom,0
C543375,22325,MOBILE VINTAGE HEARTS ,-3,2/7/2011 15:09,4.95,16321,Australia,-14.85
C566956,22456,NATURAL SLATE CHALKBOARD LARGE ,-2,9/15/2011 16:45,4.95,14019,United Kingdom,-9.9
C546167,21527,RED RETROSPOT TRADITIONAL TEAPOT ,-2,3/10/2011 10:13,7.95,15611,United Kingdom,-15.9
C579140,22371,AIRLINE BAG VINTAGE TOKYO 78,-1,11/28/2011 13:05,4.25,16393,United Kingdom,-4.25
C552406,22625,RED KITCHEN SCALES,-1,5/9/2011 12:39,7.65,12709,Germany,-7.65
C570556,22568,FELTCRAFT CUSHION OWL,-144,10/11/2011 11:10,3.39,16029,United Kingdom,-488.16
C540400,22766,PHOTO FRAME CORNICE,-3,1/7/2011 9:25,2.95,16150,United Kingdom,-8.85
C563553,22882,NUMBER TILE VINTAGE FONT 3,-1,8/17/2011 13:14,1.95,16755,United Kingdom,-1.95
C543671,22600,CHRISTMAS RETROSPOT STAR WOOD,-12,2/11/2011 11:24,0.85,18087,United Kingdom,-10.2
C568694,22090,PAPER BUNTING RETROSPOT,-12,9/28/2011 14:55,2.95,16321,Australia,-35.4
C568601,23404,HOME SWEET HOME BLACKBOARD,-1,9/28/2011 11:22,4.95,15696,United Kingdom,-4.95
546140,21527,damages,-30,3/9/2011 16:35,0,Guest,United Kingdom,0
C569991,21672,WHITE SPOT RED CERAMIC DRAWER KNOB,-18,10/6/2011 20:15,1.45,14501,United Kingdom,-26.1
C556297,22797,CHEST OF DRAWERS GINGHAM HEART ,-1,6/10/2011 9:55,16.95,15609,United Kingdom,-16.95
567696,23091,Unknown,-15,9/21/2011 17:32,0,Guest,United Kingdom,0
C575173,23494,VINTAGE DOILY DELUXE SEWING KIT ,-1,11/8/2011 17:54,5.95,15275,United Kingdom,-5.95
C574524,22379,RECYCLING BAG RETROSPOT ,-1,11/4/2011 13:53,2.1,17841,United Kingdom,-2.1
C578280,84375,SET OF 20 KIDS COOKIE CUTTERS,-1,11/23/2011 13:53,2.1,17841,United Kingdom,-2.1
C570867,23349,ROLL WRAP VINTAGE CHRISTMAS,-12,10/12/2011 16:17,1.25,12607,USA,-15
C575065,22720,SET OF 3 CAKE TINS PANTRY DESIGN ,-2,11/8/2011 12:40,4.95,13924,United Kingdom,-9.9
C555014,22055,MINI CAKE STAND  HANGING STRAWBERY,-3,5/31/2011 10:45,1.65,13113,United Kingdom,-4.95
549171,84251F,Unknown,-2,4/6/2011 17:26,0,Guest,United Kingdom,0
C561681,84968A,SET OF 16 VINTAGE ROSE CUTLERY,-2,7/28/2011 19:14,12.75,15370,United Kingdom,-25.5
C564486,S,SAMPLES,-1,8/25/2011 13:57,83.06,Guest,United Kingdom,-83.06
C537860,22193,RED DINER WALL CLOCK,-2,12/8/2010 16:15,8.5,16252,United Kingdom,-17
C548972,84817,DANISH ROSE DECORATIVE PLATE,-6,4/5/2011 11:42,2.1,15674,United Kingdom,-12.6
C567198,21530,DAIRY MAID TOASTRACK,-1,9/19/2011 10:11,0.79,14159,United Kingdom,-0.79
C569985,23255,CHILDRENS CUTLERY CIRCUS PARADE,-4,10/6/2011 19:51,4.15,15365,United Kingdom,-16.6
C536548,22767,TRIPLE PHOTO FRAME CORNICE ,-2,12/1/2010 14:33,9.95,12472,Germany,-19.9
C575630,84029G,KNITTED UNION FLAG HOT WATER BOTTLE,-2,11/10/2011 13:35,4.25,15830,United Kingdom,-8.5
C569743,23203,JUMBO BAG VINTAGE DOILY ,-220,10/6/2011 10:57,1.79,15769,United Kingdom,-393.8
C572535,23400,SHELF WITH 4 HOOKS HOME SWEET HOME,-2,10/24/2011 16:07,6.25,15411,United Kingdom,-12.5
C544831,22248,DECORATION  PINK CHICK MAGIC GARDEN,-4,2/24/2011 10:01,0.85,15146,United Kingdom,-3.4
C562953,22697,GREEN REGENCY TEACUP AND SAUCER,-1,8/11/2011 10:12,2.95,16180,United Kingdom,-2.95
C566462,23240,SET OF 4 KNICK KNACK TINS DOILY ,-2,9/12/2011 17:49,4.15,14276,United Kingdom,-8.3
C549041,21039,RED RETROSPOT SHOPPING BAG,-6,4/5/2011 17:22,2.55,17644,United Kingdom,-15.3
C573502,21913,VINTAGE SEASIDE JIGSAW PUZZLES,-2,10/31/2011 12:02,3.75,14808,United Kingdom,-7.5
C540535,20724,RED RETROSPOT CHARLOTTE BAG,-1,1/9/2011 14:17,0.85,15005,United Kingdom,-0.85
C558258,22423,REGENCY CAKESTAND 3 TIER,-2,6/27/2011 17:28,10.95,13014,United Kingdom,-21.9
C537251,22564,ALPHABET STENCIL CRAFT,-5,12/6/2010 10:45,1.25,Guest,United Kingdom,-6.25
C564427,22893,MINI CAKE STAND T-LIGHT HOLDER,-1,8/25/2011 11:18,0.42,17841,United Kingdom,-0.42
C541897,22170,PICTURE FRAME WOOD TRIPLE PORTRAIT,-12,1/24/2011 11:30,5.95,15039,United Kingdom,-71.4
C550959,22960,JAM MAKING SET WITH JARS,-1,4/21/2011 16:38,4.25,15594,United Kingdom,-4.25
C540847,22197,SMALL POPCORN HOLDER,-2,1/11/2011 17:35,0.85,13458,United Kingdom,-1.7
C581323,21533,RETROSPOT LARGE MILK JUG,-1,12/8/2011 11:53,4.25,14442,Channel Islands,-4.25
C538350,22064,PINK DOUGHNUT TRINKET POT ,-4,12/10/2010 15:01,1.45,13798,United Kingdom,-5.8
C565428,22231,JIGSAW TREE WITH BIRDHOUSE,-5,9/4/2011 12:53,1.31,12867,United Kingdom,-6.55
C560855,47591D,PINK FAIRY CAKE CHILDRENS APRON,-1,7/21/2011 13:00,1.95,14410,United Kingdom,-1.95
C541502,22768,FAMILY PHOTO FRAME CORNICE,-1,1/18/2011 15:30,9.95,18190,United Kingdom,-9.95
573258,85136C,damages,-36,10/28/2011 12:19,0,Guest,United Kingdom,0
C573219,21407,BROWN CHECK CAT DOORSTOP ,-1,10/28/2011 11:49,4.25,14415,United Kingdom,-4.25
C538350,37450,CERAMIC CAKE BOWL + HANGING CAKES,-20,12/10/2010 15:01,2.55,13798,United Kingdom,-51
C557405,23245,SET OF 3 REGENCY CAKE TINS,-1,6/20/2011 11:28,4.95,12708,Germany,-4.95
C576816,POST,POSTAGE,-1,11/16/2011 14:24,18,12569,Germany,-18
C540417,84997B,RED 3 PIECE RETROSPOT CUTLERY SET,-24,1/7/2011 10:56,3.75,13680,United Kingdom,-90
C543469,21896,POTTING SHED TWINE,-1,2/8/2011 14:55,1.85,12709,Germany,-1.85
C565843,85194S,HANGING SPRING FLOWER EGG SMALL,-1,9/7/2011 12:15,0.19,14606,United Kingdom,-0.19
C579902,23165,LARGE CERAMIC TOP STORAGE JAR,-2,12/1/2011 8:39,1.65,13365,United Kingdom,-3.3
C558364,22960,JAM MAKING SET WITH JARS,-1,6/28/2011 15:20,8.29,Guest,United Kingdom,-8.29
C562728,22846,BREAD BIN DINER STYLE RED ,-4,8/9/2011 9:41,14.95,12406,Denmark,-59.8
543270,84631,Unknown,-19,2/4/2011 17:25,0,Guest,United Kingdom,0
C544435,22960,JAM MAKING SET WITH JARS,-2,2/18/2011 16:32,4.25,15122,United Kingdom,-8.5
C569636,47566B,TEA TIME PARTY BUNTING,-3,10/5/2011 12:14,4.95,12841,United Kingdom,-14.85
C566467,20725,LUNCH BAG RED RETROSPOT,-9,9/12/2011 18:04,1.65,14688,United Kingdom,-14.85
542567,84975,Unknown,-1,1/28/2011 14:53,0,Guest,United Kingdom,0
548378,22052,Unknown,-75,3/30/2011 16:41,0,Guest,United Kingdom,0
C537416,22840,ROUND CAKE TIN VINTAGE RED,-1,12/6/2010 15:10,7.95,16138,United Kingdom,-7.95
C562375,22909,SET OF 20 VINTAGE CHRISTMAS NAPKINS,-192,8/4/2011 14:46,0.72,14911,EIRE,-138.24
C562709,21232,STRAWBERRY CERAMIC TRINKET BOX,-1,8/8/2011 14:32,1.06,17511,United Kingdom,-1.06
C569743,23200,JUMBO BAG PEARS,-120,10/6/2011 10:57,1.79,15769,United Kingdom,-214.8
C550454,84946,ANTIQUE SILVER T-LIGHT GLASS,-6,4/18/2011 13:00,1.25,15615,United Kingdom,-7.5
553398,37370,damages/dotcom?,-590,5/16/2011 17:07,0,Guest,United Kingdom,0
C543611,82483,WOOD 2 DRAWER CABINET WHITE FINISH,-1,2/10/2011 14:38,4.95,17850,United Kingdom,-4.95
C581409,20979,36 PENCILS TUBE RED RETROSPOT,-3,12/8/2011 14:08,1.25,12476,Germany,-3.75
C543790,21232,STRAWBERRY CERAMIC TRINKET BOX,-5,2/11/2011 17:12,1.25,17071,United Kingdom,-6.25
548675,85185D,Unknown,-2,4/1/2011 16:39,0,Guest,United Kingdom,0
C577381,23012,GLASS APOTHECARY BOTTLE PERFUME,-1,11/18/2011 16:24,3.95,15297,United Kingdom,-3.95
C539569,85048,15CM CHRISTMAS GLASS BALL 20 LIGHTS,-6,12/20/2010 12:01,6.95,17204,United Kingdom,-41.7
C541710,21974,SET OF 36 PAISLEY FLOWER DOILIES,-12,1/21/2011 11:17,1.45,14320,United Kingdom,-17.4
551327,84228,crushed,-4,4/27/2011 16:01,0,Guest,United Kingdom,0
C542645,22760,"TRAY, BREAKFAST IN BED",-1,1/31/2011 11:37,12.75,14180,United Kingdom,-12.75
C578110,84945,MULTI COLOUR SILVER T-LIGHT HOLDER,-2,11/23/2011 9:23,0.85,15804,United Kingdom,-1.7
C546168,47567B,TEA TIME KITCHEN APRON,-3,3/10/2011 10:22,5.95,16670,United Kingdom,-17.85
C553513,S,SAMPLES,-1,5/17/2011 13:58,9.99,Guest,United Kingdom,-9.99
C559742,22989,SET 2 PANTRY DESIGN TEA TOWELS,-6,7/12/2011 11:11,3.25,14267,United Kingdom,-19.5
C537746,21558,SKULL LUNCH BOX WITH CUTLERY ,-1,12/8/2010 11:03,2.55,15021,United Kingdom,-2.55
C550475,21928,JUMBO BAG SCANDINAVIAN BLUE PAISLEY,-1,4/18/2011 13:59,1.79,13798,United Kingdom,-1.79
C555636,22684,FRENCH BLUE METAL DOOR SIGN 9,-10,6/6/2011 12:33,1.25,15073,United Kingdom,-12.5
C541693,22699,ROSES REGENCY TEACUP AND SAUCER ,-1,1/20/2011 17:02,2.95,14309,United Kingdom,-2.95
C549692,21669,BLUE STRIPE CERAMIC DRAWER KNOB,-1,4/11/2011 13:43,1.06,13668,United Kingdom,-1.06
C562097,20724,RED RETROSPOT CHARLOTTE BAG,-1,8/2/2011 13:19,0.72,15311,United Kingdom,-0.72
576411,85111,check,-117,11/15/2011 11:20,0,Guest,United Kingdom,0
568302,20700,?,-121,9/26/2011 12:46,0,Guest,United Kingdom,0
C573321,48138,DOORMAT UNION FLAG,-1,10/30/2011 10:35,8.25,14546,United Kingdom,-8.25
551589,21854,Unknown,-2,5/3/2011 11:30,0,Guest,United Kingdom,0
C577342,BANK CHARGES,Bank Charges,-1,11/18/2011 15:11,490.06,Guest,United Kingdom,-490.06
C569974,23241,TREASURE TIN GYMKHANA DESIGN,-2,10/6/2011 19:24,2.08,14092,United Kingdom,-4.16
C558239,21890,S/6 WOODEN SKITTLES IN COTTON BAG,-1,6/27/2011 15:24,3.25,16966,United Kingdom,-3.25
576773,22181,check,-92,11/16/2011 13:21,0,Guest,United Kingdom,0
C538112,21777,RECIPE BOX WITH METAL HEART,-3,12/9/2010 15:28,7.95,14898,United Kingdom,-23.85
554852,21272,?,-212,5/27/2011 9:24,0,Guest,United Kingdom,0
564914,85132C,damages,-109,8/31/2011 12:40,0,Guest,United Kingdom,0
576473,21868,Unknown,-108,11/15/2011 11:40,0,Guest,United Kingdom,0
C543603,22727,ALARM CLOCK BAKELIKE RED ,-1,2/10/2011 13:40,3.75,15570,United Kingdom,-3.75
C580171,23108,SET OF 10 LED DOLLY LIGHTS,-24,12/2/2011 11:42,3.39,17949,United Kingdom,-81.36
C551712,22798,ANTIQUE GLASS DRESSING TABLE POT,-1,5/3/2011 15:04,2.95,13267,United Kingdom,-2.95
C574954,22720,SET OF 3 CAKE TINS PANTRY DESIGN ,-3,11/8/2011 9:52,4.95,18223,United Kingdom,-14.85
C538771,21463,MIRRORED DISCO BALL ,-1,12/14/2010 11:35,4.95,13078,United Kingdom,-4.95
C563655,23165,LARGE CERAMIC TOP STORAGE JAR,-48,8/18/2011 10:44,1.45,15311,United Kingdom,-69.6
C538350,85123A,WHITE HANGING HEART T-LIGHT HOLDER,-1,12/10/2010 15:01,2.55,13798,United Kingdom,-2.55
C565848,21485,RETROSPOT HEART HOT WATER BOTTLE,-1,9/7/2011 12:48,4.95,14606,United Kingdom,-4.95
549466,20816,Unknown,-11,4/8/2011 14:22,0,Guest,United Kingdom,0
572543,22570,Unknown,-32,10/24/2011 16:24,0,Guest,United Kingdom,0
C574424,22144,CHRISTMAS CRAFT LITTLE FRIENDS,-2,11/4/2011 11:23,2.1,16014,United Kingdom,-4.2
C548341,21621,VINTAGE UNION JACK BUNTING,-4,3/30/2011 14:30,8.5,13089,United Kingdom,-34
C581145,23250,VINTAGE RED TRIM ENAMEL BOWL ,-38,12/7/2011 13:48,1.04,17490,United Kingdom,-39.52
C556656,22796,PHOTO FRAME 3 CLASSIC HANGING,-4,6/13/2011 16:21,9.95,13148,United Kingdom,-39.8
C557663,84380,SET OF 3 BUTTERFLY COOKIE CUTTERS,-12,6/21/2011 17:59,1.25,Guest,EIRE,-15
C572455,POST,POSTAGE,-1,10/24/2011 12:41,30.53,Guest,United Kingdom,-30.53
C555253,22699,ROSES REGENCY TEACUP AND SAUCER ,-1,6/1/2011 15:14,2.95,17820,United Kingdom,-2.95
C546887,22957,SET 3 PAPER VINTAGE CHICK PAPER EGG,-1,3/17/2011 18:14,2.95,14329,United Kingdom,-2.95
C575079,22452,MEASURING TAPE BABUSHKA PINK,-1,11/8/2011 13:28,2.95,14911,EIRE,-2.95
C538100,84798A,PINK FOXGLOVE ARTIIFCIAL FLOWER,-12,12/9/2010 15:00,2.55,16579,United Kingdom,-30.6
C566944,20725,LUNCH BAG RED RETROSPOT,-1,9/15/2011 16:22,1.65,15449,United Kingdom,-1.65
C552704,22423,REGENCY CAKESTAND 3 TIER,-1,5/10/2011 16:05,10.95,13098,United Kingdom,-10.95
C570203,22778,GLASS CLOCHE SMALL,-1,10/7/2011 16:49,3.39,15311,United Kingdom,-3.39
C545839,22192,BLUE DINER WALL CLOCK,-1,3/7/2011 13:33,8.5,15110,United Kingdom,-8.5
C563599,22425,ENAMEL COLANDER CREAM,-1,8/18/2011 6:22,4.95,15152,United Kingdom,-4.95
C566777,22842,BISCUIT TIN VINTAGE RED,-1,9/15/2011 9:55,6.75,14911,EIRE,-6.75
C550423,23050,RECYCLED ACAPULCO MAT GREEN,-1,4/18/2011 12:06,8.25,14403,United Kingdom,-8.25
C562097,20712,JUMBO BAG WOODLAND ANIMALS,-1,8/2/2011 13:19,1.79,15311,United Kingdom,-1.79
C545449,22699,ROSES REGENCY TEACUP AND SAUCER ,-1,3/2/2011 16:38,2.95,16573,United Kingdom,-2.95
C572469,47567B,TEA TIME KITCHEN APRON,-1,10/24/2011 13:31,5.95,13534,United Kingdom,-5.95
C574493,23113,PANTRY CHOPPING BOARD,-1,11/4/2011 13:09,4.95,14842,United Kingdom,-4.95
C562438,84755,COLOUR GLASS T-LIGHT HOLDER HANGING,-1,8/4/2011 17:58,0.65,14621,United Kingdom,-0.65
C538692,22801,ANTIQUE GLASS PEDESTAL BOWL,-1,12/14/2010 9:58,3.75,13599,United Kingdom,-3.75
C562921,22699,ROSES REGENCY TEACUP AND SAUCER ,-2,8/10/2011 14:17,2.95,13767,United Kingdom,-5.9
C562117,22356,CHARLOTTE BAG PINK POLKADOT,-1,8/2/2011 16:20,0.85,16628,United Kingdom,-0.85
C574238,D,Discount,-1,11/3/2011 12:39,39.7,13408,United Kingdom,-39.7
C552805,21155,RED RETROSPOT PEG BAG,-6,5/11/2011 12:34,2.55,14149,United Kingdom,-15.3
C556637,22090,PAPER BUNTING RETROSPOT,-2,6/13/2011 15:32,2.95,15382,United Kingdom,-5.9
C554863,22960,JAM MAKING SET WITH JARS,-1,5/27/2011 10:35,4.25,15660,United Kingdom,-4.25
C567541,20931,BLUE POT PLANT CANDLE ,-3,9/21/2011 10:15,2.95,15498,United Kingdom,-8.85
C560148,20713,JUMBO BAG OWLS,-100,7/15/2011 11:10,1.79,15769,United Kingdom,-179
554681,35916C,Unknown,-32,5/25/2011 16:04,0,Guest,United Kingdom,0
C551521,22198,LARGE POPCORN HOLDER ,-2,5/1/2011 11:58,1.65,16401,United Kingdom,-3.3
C559675,46138B,BLUE CHENILLE SHAGGY CUSHION COVER ,-10,7/11/2011 14:21,0.85,13745,United Kingdom,-8.5
C570221,23298,SPOTTY BUNTING,-49,10/9/2011 12:56,3.74,13113,United Kingdom,-183.26
C570867,47590A,BLUE HAPPY BIRTHDAY BUNTING,-3,10/12/2011 16:17,5.45,12607,USA,-16.35
549514,20820,Unknown,-3,4/8/2011 15:09,0,Guest,United Kingdom,0
C549666,22055,MINI CAKE STAND  HANGING STRAWBERY,-7,4/11/2011 12:17,1.65,13113,United Kingdom,-11.55
C537853,22169,FAMILY ALBUM WHITE PICTURE FRAME,-2,12/8/2010 15:57,8.5,13370,United Kingdom,-17
559390,21700,Unknown,-110,7/8/2011 10:46,0,Guest,United Kingdom,0
C541089,22456,NATURAL SLATE CHALKBOARD LARGE ,-1,1/13/2011 12:41,4.95,14229,United Kingdom,-4.95
C572226,23254,CHILDRENS CUTLERY DOLLY GIRL ,-1,10/21/2011 13:58,4.15,15321,United Kingdom,-4.15
C544665,20914,SET/5 RED RETROSPOT LID GLASS BOWLS,-1,2/22/2011 14:56,2.95,12852,United Kingdom,-2.95
C547581,22554,PLASTERS IN TIN WOODLAND ANIMALS,-1,3/24/2011 10:58,1.65,12474,Germany,-1.65
C539054,84949,SILVER HANGING T-LIGHT HOLDER,-2,12/15/2010 16:34,1.65,17044,United Kingdom,-3.3
C562909,75049L,LARGE CIRCULAR MIRROR MOBILE,-11,8/10/2011 13:00,1.25,17602,United Kingdom,-13.75
C545556,37450,CERAMIC CAKE BOWL + HANGING CAKES,-1,3/3/2011 15:21,2.95,15005,United Kingdom,-2.95
C562938,M,Manual,-1,8/10/2011 17:14,1121.18,14156,EIRE,-1121.18
C557663,21212,PACK OF 72 RETROSPOT CAKE CASES,-48,6/21/2011 17:59,0.55,Guest,EIRE,-26.4
C575224,22386,JUMBO BAG PINK POLKADOT,-100,11/9/2011 11:41,1.79,17511,United Kingdom,-179
C567947,23234,BISCUIT TIN VINTAGE CHRISTMAS,-1,9/23/2011 8:00,2.89,17663,United Kingdom,-2.89
C578371,21125,SET 6 FOOTBALL CELEBRATION CANDLES,-1,11/24/2011 11:16,1.25,14410,United Kingdom,-1.25
C563600,22182,CAKE STAND VICTORIAN FILIGREE SMALL,-2,8/18/2011 6:24,4.95,14911,EIRE,-9.9
556124,17007B,Unknown,-4,6/9/2011 10:14,0,Guest,United Kingdom,0
C552709,23150,IVORY SWEETHEART SOAP DISH,-1,5/10/2011 16:27,2.49,12886,United Kingdom,-2.49
C554533,21260,FIRST AID TIN,-40,5/24/2011 17:33,3.25,16923,United Kingdom,-130
C548193,22383,LUNCH BAG SUKI DESIGN ,-1,3/29/2011 15:27,1.65,14680,United Kingdom,-1.65
C559939,22132,RED LOVE HEART SHAPE CUP,-12,7/14/2011 10:19,0.85,14426,United Kingdom,-10.2
C572276,23237,SET OF 4 KNICK KNACK TINS LEAF,-2,10/23/2011 10:24,4.15,16768,United Kingdom,-8.3
C537602,22665,RECIPE BOX BLUE SKETCHBOOK DESIGN,-1,12/7/2010 12:45,2.95,17511,United Kingdom,-2.95
C577849,23535,WALL ART BICYCLE SAFETY,-1,11/22/2011 10:59,5.95,14534,United Kingdom,-5.95
C548577,21873,IF YOU CAN'T STAND THE HEAT MUG,-72,4/1/2011 10:46,1.06,13694,United Kingdom,-76.32
551201,16015,Unknown,-620,4/27/2011 11:33,0,Guest,United Kingdom,0
C557661,90174,BUTTERFLY HAIR BAND,-6,6/21/2011 17:44,2.55,13936,United Kingdom,-15.3
C560045,71053,WHITE METAL LANTERN,-2,7/14/2011 14:51,3.39,16779,United Kingdom,-6.78
C542426,22853,CAT BOWL VINTAGE CREAM,-6,1/28/2011 9:32,3.25,14146,United Kingdom,-19.5
C545510,21539,RED RETROSPOT BUTTER DISH,-1,3/3/2011 11:56,4.95,15281,United Kingdom,-4.95
C570867,23354,6 GIFT TAGS 50'S CHRISTMAS ,-12,10/12/2011 16:17,0.83,12607,USA,-9.96
C567691,22110,BIRD HOUSE HOT WATER BOTTLE,-2,9/21/2011 17:04,2.55,17567,United Kingdom,-5.1
C543635,84949,SILVER HANGING T-LIGHT HOLDER,-6,2/10/2011 16:33,1.65,13894,United Kingdom,-9.9
C545330,M,Manual,-1,3/1/2011 15:49,376.5,12352,Norway,-376.5
C560540,23236,DOILEY STORAGE TIN,-1,7/19/2011 12:26,2.89,12415,Australia,-2.89
C541701,35400,WOODEN BOX ADVENT CALENDAR ,-4,1/21/2011 9:26,7.95,14895,United Kingdom,-31.8
C547388,37448,CERAMIC CAKE DESIGN SPOTTED MUG,-12,3/22/2011 16:07,1.49,12352,Norway,-17.88
C538123,22956,36 FOIL HEART CAKE CASES,-2,12/9/2010 15:41,2.1,12605,Germany,-4.2
C577819,79190A,RETRO PLASTIC 70'S TRAY,-3,11/22/2011 9:23,0.42,17313,United Kingdom,-1.26
581422,23169,smashed,-235,12/8/2011 15:24,0,Guest,United Kingdom,0
C542426,22652,TRAVEL SEWING KIT,-10,1/28/2011 9:32,1.65,14146,United Kingdom,-16.5
554678,85086A,Unknown,-30,5/25/2011 16:03,0,Guest,United Kingdom,0
C554931,22682,FRENCH BLUE METAL DOOR SIGN 7,-1,5/27/2011 13:21,1.25,17841,United Kingdom,-1.25
C559079,46138B,BLUE CHENILLE SHAGGY CUSHION COVER ,-3,7/6/2011 10:44,0.85,17841,United Kingdom,-2.55
C570828,90101,WHITE FRANGIPANI NECKLACE,-6,10/12/2011 13:15,2.55,14911,EIRE,-15.3
C572410,22699,ROSES REGENCY TEACUP AND SAUCER ,-168,10/24/2011 11:58,2.55,16742,United Kingdom,-428.4
C542232,22655,VINTAGE RED KITCHEN CABINET,-2,1/26/2011 13:44,125,16714,United Kingdom,-250
C555729,23094,LE GRAND TRAY CHIC SET,-1,6/6/2011 16:50,12.5,13552,United Kingdom,-12.5
C542366,21137,BLACK RECORD COVER FRAME,-2,1/27/2011 12:54,3.39,13777,United Kingdom,-6.78
C570867,23309,SET OF 60 I LOVE LONDON CAKE CASES ,-24,10/12/2011 16:17,0.55,12607,USA,-13.2
538837,85135B,Unknown,-40,12/14/2010 13:10,0,Guest,United Kingdom,0
C542366,15056P,EDWARDIAN PARASOL PINK,-1,1/27/2011 12:54,4.65,13777,United Kingdom,-4.65
C540850,21231,SWEETHEART CERAMIC TRINKET BOX,-1,1/12/2011 9:41,1.25,12665,Germany,-1.25
C561793,22461,SAVOY ART DECO CLOCK,-3,7/29/2011 13:08,3.95,14414,United Kingdom,-11.85
C540250,85099F,JUMBO BAG STRAWBERRY,-1,1/5/2011 16:02,1.65,17511,United Kingdom,-1.65
C556493,22171,3 HOOK PHOTO SHELF ANTIQUE WHITE,-1,6/12/2011 14:56,8.5,17802,United Kingdom,-8.5
C570867,48185,DOORMAT FAIRY CAKE,-2,10/12/2011 16:17,8.25,12607,USA,-16.5
C560540,22150,3 STRIPEY MICE FELTCRAFT,-1,7/19/2011 12:26,1.95,12415,Australia,-1.95
C572347,S,SAMPLES,-1,10/24/2011 11:03,33.05,Guest,United Kingdom,-33.05
548149,72821,Unknown,-2,3/29/2011 12:36,0,Guest,United Kingdom,0
C559659,23243,SET OF TEA COFFEE SUGAR TINS PANTRY,-1,7/11/2011 13:07,4.95,14796,United Kingdom,-4.95
C562773,85014B,RED RETROSPOT UMBRELLA,-1,8/9/2011 12:18,5.95,17841,United Kingdom,-5.95
C555636,47566,PARTY BUNTING,-4,6/6/2011 12:33,4.95,15073,United Kingdom,-19.8
542884,84748,Unknown,-52,2/1/2011 13:08,0,Guest,United Kingdom,0
C555360,23168,CLASSIC CAFE SUGAR DISPENSER,-5,6/2/2011 14:06,1.25,16133,United Kingdom,-6.25
C562086,AMAZONFEE,AMAZON FEE,-1,8/2/2011 12:27,6721.37,Guest,United Kingdom,-6721.37
C566463,84978,HANGING HEART JAR T-LIGHT HOLDER,-6,9/12/2011 17:50,1.25,17449,United Kingdom,-7.5
C544669,22231,JIGSAW TREE WITH BIRDHOUSE,-1,2/22/2011 15:22,1.45,18055,United Kingdom,-1.45
C570290,21232,STRAWBERRY CERAMIC TRINKET BOX,-12,10/10/2011 11:54,1.25,14665,United Kingdom,-15
C569908,23322,LARGE WHITE HEART OF WICKER,-2,10/6/2011 16:41,2.95,16782,United Kingdom,-5.9
C559008,22568,FELTCRAFT CUSHION OWL,-1,7/5/2011 12:44,3.75,15518,United Kingdom,-3.75
C549898,22678,FRENCH BLUE METAL DOOR SIGN 3,-1,4/12/2011 16:00,1.25,13078,United Kingdom,-1.25
C551348,22990,COTTON APRON PANTRY DESIGN,-100,4/28/2011 9:49,4.25,12415,Australia,-425
C552556,23144,ZINC T-LIGHT HOLDER STARS SMALL,-24,5/10/2011 11:21,0.83,17504,United Kingdom,-19.92
C574493,23114,VINTAGE LEAF CHOPPING BOARD  ,-2,11/4/2011 13:09,4.95,14842,United Kingdom,-9.9
C536820,22878,NUMBER TILE COTTAGE GARDEN No,-1,12/2/2010 17:14,2.1,18168,United Kingdom,-2.1
C549230,22178,VICTORIAN GLASS HANGING T-LIGHT,-12,4/7/2011 10:59,1.25,12949,United Kingdom,-15
C542866,35004C,SET OF 3 COLOURED  FLYING DUCKS,-2,2/1/2011 12:14,4.65,15311,United Kingdom,-9.3
C567767,21340,CLASSIC METAL BIRDCAGE PLANT HOLDER,-1,9/22/2011 10:58,12.75,17460,United Kingdom,-12.75
C562160,22456,NATURAL SLATE CHALKBOARD LARGE ,-4,8/3/2011 11:50,4.25,13106,United Kingdom,-17
C557663,22567,20 DOLLY PEGS RETROSPOT,-9,6/21/2011 17:59,1.25,Guest,EIRE,-11.25
C556656,22832,BROCANTE SHELF WITH HOOKS,-1,6/13/2011 16:21,10.75,13148,United Kingdom,-10.75
C562375,22907,PACK OF 20 NAPKINS PANTRY DESIGN,-12,8/4/2011 14:46,0.85,14911,EIRE,-10.2
C568386,21936,RED RETROSPOT PICNIC BAG,-2,9/27/2011 9:56,2.95,12720,Germany,-5.9
C555935,21090,SET/6 COLLAGE PAPER PLATES,-12,6/8/2011 9:14,0.39,12567,France,-4.68
C567627,23081,GREEN METAL BOX ARMY SUPPLIES,-1,9/21/2011 13:01,8.25,17511,United Kingdom,-8.25
C563433,84629,WHITE 3 FRAME BIRDS AND TREE ,-1,8/16/2011 12:14,4.95,16033,United Kingdom,-4.95
C547091,22800,ANTIQUE TALL SWIRLGLASS TRINKET POT,-4,3/20/2011 16:14,3.75,Guest,United Kingdom,-15
C556919,POST,POSTAGE,-1,6/15/2011 13:46,2.17,17511,United Kingdom,-2.17
C577399,22138,BAKING SET 9 PIECE RETROSPOT ,-1,11/18/2011 17:15,4.95,13895,United Kingdom,-4.95
C553502,23082,SET 6 PAPER TABLE LANTERN HEARTS ,-5,5/17/2011 13:03,3.75,17677,United Kingdom,-18.75
C536850,22689,DOORMAT MERRY CHRISTMAS RED ,-50,12/3/2010 9:47,6.75,14213,United Kingdom,-337.5
C567518,22846,BREAD BIN DINER STYLE RED ,-1,9/20/2011 16:28,16.95,Guest,EIRE,-16.95
C564212,22729,ALARM CLOCK BAKELIKE ORANGE,-1,8/24/2011 9:13,3.75,13209,United Kingdom,-3.75
C553025,22722,SET OF 6 SPICE TINS PANTRY DESIGN,-2,5/12/2011 19:33,3.95,13971,United Kingdom,-7.9
537364,21027,Unknown,-70,12/6/2010 12:36,0,Guest,United Kingdom,0
C547725,21135,VICTORIAN  METAL POSTCARD SPRING,-4,3/25/2011 10:43,1.69,Guest,United Kingdom,-6.76
C552805,22327,ROUND SNACK BOXES SET OF 4 SKULLS,-6,5/11/2011 12:34,2.95,14149,United Kingdom,-17.7
C570122,21232,STRAWBERRY CERAMIC TRINKET BOX,-3,10/7/2011 12:58,1.25,15874,United Kingdom,-3.75
C554334,22427,ENAMEL FLOWER JUG CREAM,-3,5/23/2011 17:16,5.95,13089,United Kingdom,-17.85
C548460,22456,NATURAL SLATE CHALKBOARD LARGE ,-3,3/31/2011 11:58,4.95,16801,United Kingdom,-14.85
578524,22810,check,-25,11/24/2011 14:20,0,Guest,United Kingdom,0
C550010,84856S,SMALL TAHITI BEACH BAG,-1,4/14/2011 10:29,3.81,15299,United Kingdom,-3.81
C551513,21232,STRAWBERRY CERAMIC TRINKET BOX,-3,4/28/2011 19:52,1.25,16592,United Kingdom,-3.75
C562969,21987,PACK OF 6 SKULL PAPER CUPS,-12,8/11/2011 10:58,0.65,12610,Italy,-7.8
C546997,21224,SET/4 SKULL BADGES,-6,3/18/2011 13:32,1.25,12748,United Kingdom,-7.5
C542588,21730,GLASS STAR FROSTED T-LIGHT HOLDER,-2,1/28/2011 15:57,4.95,12997,United Kingdom,-9.9
C547232,85053,FRENCH ENAMEL CANDLEHOLDER,-1,3/21/2011 16:15,2.1,12994,United Kingdom,-2.1
C545569,22423,REGENCY CAKESTAND 3 TIER,-3,3/3/2011 16:26,12.75,14239,United Kingdom,-38.25
C539709,22832,BROCANTE SHELF WITH HOOKS,-2,12/21/2010 12:33,10.75,18176,United Kingdom,-21.5
C548357,22423,REGENCY CAKESTAND 3 TIER,-1,3/30/2011 15:14,10.95,15785,United Kingdom,-10.95
C577196,48173C,DOORMAT BLACK FLOCK ,-3,11/18/2011 11:45,8.25,16924,United Kingdom,-24.75
C539945,22665,RECIPE BOX BLUE SKETCHBOOK DESIGN,-3,12/23/2010 11:40,2.95,17069,United Kingdom,-8.85
C553563,23112,PARISIENNE CURIO CABINET,-6,5/17/2011 17:39,6.65,14342,United Kingdom,-39.9
C539031,21452,TOADSTOOL MONEY BOX,-4,12/15/2010 14:25,2.95,12647,Germany,-11.8
C569967,23250,VINTAGE RED TRIM ENAMEL BOWL ,-7,10/6/2011 18:54,1.04,17490,United Kingdom,-7.28
C564903,22430,ENAMEL WATERING CAN CREAM,-1,8/31/2011 12:05,4.95,16984,United Kingdom,-4.95
C540937,POST,POSTAGE,-1,1/12/2011 12:09,7.06,14748,United Kingdom,-7.06
C567997,71279,PINK GLASS CANDLEHOLDER,-1,9/23/2011 11:31,2.95,13097,United Kingdom,-2.95
C543475,22465,HANGING METAL STAR LANTERN,-1,2/8/2011 15:15,1.65,14415,United Kingdom,-1.65
C554847,23298,SPOTTY BUNTING,-3,5/26/2011 19:56,4.95,12909,United Kingdom,-14.85
C576243,85061W,WHITE JEWELLED HEART DECORATION,-2,11/14/2011 13:38,0.85,15953,United Kingdom,-1.7
C579780,23460,SWEETHEART WALL TIDY ,-1,11/30/2011 15:18,9.95,14217,United Kingdom,-9.95
C553031,22300,COFFEE MUG DOG + BALL DESIGN,-1,5/12/2011 19:43,2.55,13908,United Kingdom,-2.55
C578371,22555,PLASTERS IN TIN STRONGMAN,-3,11/24/2011 11:16,1.65,14410,United Kingdom,-4.95
C536391,21984,PACK OF 12 PINK PAISLEY TISSUES ,-24,12/1/2010 10:24,0.29,17548,United Kingdom,-6.96
C569946,22487,WHITE WOOD GARDEN PLANT LADDER,-4,10/6/2011 18:16,8.5,16462,United Kingdom,-34
565045,21670,Unknown,-115,8/31/2011 17:03,0,Guest,United Kingdom,0
C565237,23243,SET OF TEA COFFEE SUGAR TINS PANTRY,-1,9/2/2011 9:47,4.95,14299,United Kingdom,-4.95
C565294,20981,12 PENCILS TALL TUBE WOODLAND,-12,9/2/2011 12:00,0.85,12423,Belgium,-10.2
C570867,21123,SET/10 IVORY POLKADOT PARTY CANDLES,-24,10/12/2011 16:17,1.25,12607,USA,-30
C578097,82494L,WOODEN FRAME ANTIQUE WHITE ,-48,11/22/2011 17:31,2.55,Guest,United Kingdom,-122.4
C543744,85232B,SET OF 3 BABUSHKA STACKING TINS,-3,2/11/2011 13:43,4.95,13672,United Kingdom,-14.85
540638,72038P,damages,-990,1/10/2011 12:14,0,Guest,United Kingdom,0
C541829,22220,CAKE STAND LOVEBIRD 2 TIER WHITE,-2,1/21/2011 17:08,9.95,14175,United Kingdom,-19.9
C566611,22456,NATURAL SLATE CHALKBOARD LARGE ,-1,9/13/2011 17:14,4.25,15513,United Kingdom,-4.25
C547710,21626,VINTAGE UNION JACK PENNANT,-2,3/24/2011 19:27,1.95,14875,United Kingdom,-3.9
C544451,22472,TV DINNER TRAY DOLLY GIRL,-1,2/20/2011 12:31,4.95,13097,United Kingdom,-4.95
C537821,85048,15CM CHRISTMAS GLASS BALL 20 LIGHTS,-3,12/8/2010 14:20,6.95,18193,United Kingdom,-20.85
C575224,23203,JUMBO BAG VINTAGE DOILY ,-100,11/9/2011 11:41,1.79,17511,United Kingdom,-179
C560365,23284,DOORMAT KEEP CALM AND COME IN,-1,7/18/2011 12:17,7.95,14390,United Kingdom,-7.95
C565597,21658,GLASS  BEURRE DISH,-2,9/5/2011 14:29,3.39,12709,Germany,-6.78
C571893,84818,DANISH ROSE PHOTO FRAME,-17,10/19/2011 14:13,0.79,13314,United Kingdom,-13.43
C566445,22583,PACK OF 6 HANDBAG GIFT BOXES,-1,9/12/2011 15:35,2.55,14286,United Kingdom,-2.55
C554983,47590B,PINK HAPPY BIRTHDAY BUNTING,-20,5/29/2011 12:18,4.65,17152,United Kingdom,-93
C564207,22156,HEART DECORATION WITH PEARLS ,-7,8/24/2011 9:06,0.72,15270,United Kingdom,-5.04
C575879,21892,TRADITIONAL WOODEN CATCH CUP GAME ,-1,11/11/2011 13:30,1.25,13588,United Kingdom,-1.25
C567691,22469,HEART OF WICKER SMALL,-17,9/21/2011 17:04,1.65,17567,United Kingdom,-28.05
C557405,23236,DOILEY STORAGE TIN,-1,6/20/2011 11:28,2.89,12708,Germany,-2.89
C574322,22423,REGENCY CAKESTAND 3 TIER,-24,11/3/2011 19:42,10.95,15482,United Kingdom,-262.8
C559030,21868,POTTING SHED TEA MUG,-2,7/5/2011 14:51,1.25,16571,United Kingdom,-2.5
C543745,85232B,SET OF 3 BABUSHKA STACKING TINS,-3,2/11/2011 13:46,4.95,13672,United Kingdom,-14.85
C570867,22818,CARD CHRISTMAS VILLAGE,-12,10/12/2011 16:17,0.42,12607,USA,-5.04
C549666,21471,STRAWBERRY RAFFIA FOOD COVER,-1,4/11/2011 12:17,3.75,13113,United Kingdom,-3.75
C549955,22666,RECIPE BOX PANTRY YELLOW DESIGN,-2,4/13/2011 13:38,2.95,12359,Cyprus,-5.9
C567627,21931,JUMBO STORAGE BAG SUKI,-1,9/21/2011 13:01,2.08,17511,United Kingdom,-2.08
C577330,S,SAMPLES,-1,11/18/2011 14:16,2.89,Guest,United Kingdom,-2.89
C573929,22197,POPCORN HOLDER,-1,11/2/2011 10:14,0.85,17811,United Kingdom,-0.85
C559019,21824,PAINTED METAL STAR WITH HOLLY BELLS,-24,7/5/2011 13:10,1.45,14034,United Kingdom,-34.8
C538805,22623,BOX OF VINTAGE JIGSAW BLOCKS ,-6,12/14/2010 11:57,4.95,14708,United Kingdom,-29.7
C545307,22414,DOORMAT NEIGHBOURHOOD WITCH ,-1,3/1/2011 13:05,7.95,17027,United Kingdom,-7.95
C581229,23392,SPACEBOY ROCKET LOLLY MAKERS,-24,12/8/2011 10:14,2.08,12558,USA,-49.92
C552718,84929,ASSTD FRUIT+FLOWERS FRIDGE MAGNETS,-12,5/11/2011 9:43,0.55,14462,United Kingdom,-6.6
C564217,85053,FRENCH ENAMEL CANDLEHOLDER,-3,8/24/2011 9:24,2.1,12994,United Kingdom,-6.3
C550809,22728,ALARM CLOCK BAKELIKE PINK,-1,4/20/2011 15:58,3.75,14189,United Kingdom,-3.75
C547725,23230,WRAP ALPHABET DESIGN,-25,3/25/2011 10:43,0.42,Guest,United Kingdom,-10.5
561609,47589,Unknown,-1,7/28/2011 12:24,0,Guest,United Kingdom,0
C551015,23176,ABC TREASURE BOOK BOX ,-4,4/26/2011 11:06,2.25,12753,Japan,-9
C570099,35924,HANGING FAIRY CAKE DECORATION,-12,10/7/2011 12:11,1.69,13798,United Kingdom,-20.28
C569980,23089,GLASS BON BON JAR,-3,10/6/2011 19:31,1.95,13767,United Kingdom,-5.85
C555384,22411,JUMBO SHOPPER VINTAGE RED PAISLEY,-1,6/2/2011 15:20,2.08,13534,United Kingdom,-2.08
C540165,82486,WOOD S/3 CABINET ANT WHITE FINISH,-1,1/5/2011 12:05,7.95,18109,United Kingdom,-7.95
C567708,23298,SPOTTY BUNTING,-4,9/22/2011 9:53,4.95,15201,United Kingdom,-19.8
C542416,85059,FRENCH ENAMEL WATER BASIN,-3,1/27/2011 17:23,1.25,16133,United Kingdom,-3.75
C544653,85065,CREAM SWEETHEART TRAYS,-1,2/22/2011 12:55,12.75,13113,United Kingdom,-12.75
C558733,22990,COTTON APRON PANTRY DESIGN,-3,7/1/2011 15:06,4.95,16498,United Kingdom,-14.85
C580312,22597,MUSICAL ZINC HEART DECORATION ,-10,12/2/2011 15:09,0.85,13969,United Kingdom,-8.5
C580510,M,Manual,-1,12/4/2011 13:48,1.25,14456,United Kingdom,-1.25
556944,84800L,Unknown,-29,6/15/2011 16:54,0,Guest,United Kingdom,0
562383,22523,?,-90,8/4/2011 15:37,0,Guest,United Kingdom,0
581226,23090,missing,-338,12/8/2011 9:56,0,Guest,United Kingdom,0
576839,35818B,adjustment,-22,11/16/2011 15:21,0,Guest,United Kingdom,0
C561649,84077,WORLD WAR 2 GLIDERS ASSTD DESIGNS,-48,7/28/2011 15:27,0.29,15746,United Kingdom,-13.92
C562969,22568,FELTCRAFT CUSHION OWL,-1,8/11/2011 10:58,3.75,12610,Italy,-3.75
C561198,M,Manual,-35,7/25/2011 14:45,1.25,16161,United Kingdom,-43.75
C552029,21844,RED RETROSPOT MUG,-2,5/5/2011 18:11,2.95,15622,United Kingdom,-5.9
C568055,22634,CHILDS BREAKFAST SET SPACEBOY ,-1,9/23/2011 12:50,8.5,17929,United Kingdom,-8.5
C578062,23197,SKETCHBOOK MAGNETIC SHOPPING LIST,-3,11/22/2011 15:30,1.45,12471,Germany,-4.35
C550181,22090,PAPER BUNTING RETROSPOT,-10,4/14/2011 17:43,2.95,13069,United Kingdom,-29.5
C578371,15056P,EDWARDIAN PARASOL PINK,-2,11/24/2011 11:16,5.95,14410,United Kingdom,-11.9
C569911,22699,ROSES REGENCY TEACUP AND SAUCER ,-1,10/6/2011 16:47,2.95,16653,United Kingdom,-2.95
551328,21320,Unknown,-23,4/27/2011 16:08,0,Guest,United Kingdom,0
C570290,21137,BLACK RECORD COVER FRAME,-4,10/10/2011 11:54,3.75,14665,United Kingdom,-15
C560572,M,Manual,-1,7/19/2011 14:45,112.35,17065,United Kingdom,-112.35
C567620,23170,REGENCY TEA PLATE ROSES ,-1,9/21/2011 12:32,1.65,14306,United Kingdom,-1.65
C543109,22291,HANGING CHICK CREAM DECORATION,-24,2/3/2011 12:39,1.45,12775,Netherlands,-34.8
C567690,22380,TOY TIDY SPACEBOY  ,-2,9/21/2011 17:01,2.1,15810,United Kingdom,-4.2
C549783,84750B,BLACK SMALL GLASS CAKE STAND,-1,4/12/2011 11:50,0.39,16558,United Kingdom,-0.39
C572120,21166,COOK WITH WINE METAL SIGN ,-7,10/20/2011 19:29,2.08,14911,EIRE,-14.56
579429,20711,lost in space,-98,11/29/2011 13:04,0,Guest,United Kingdom,0
C577781,84665,SQUARE CHERRY BLOSSOM CABINET,-3,11/21/2011 16:14,5.95,15406,United Kingdom,-17.85
542861,47591B,?,-207,2/1/2011 11:47,0,Guest,United Kingdom,0
C562915,23064,CINDERELLA CHANDELIER ,-1,8/10/2011 13:35,49.95,13388,United Kingdom,-49.95
C560330,22374,AIRLINE BAG VINTAGE JET SET RED,-1,7/18/2011 11:10,4.25,17841,United Kingdom,-4.25
C568899,23292,SPACEBOY CHILDRENS CUP,-1,9/29/2011 13:20,1.25,12619,Germany,-1.25
C581463,85048,15CM CHRISTMAS GLASS BALL 20 LIGHTS,-2,12/8/2011 18:56,7.95,17526,United Kingdom,-15.9
C556493,21429,RED GINGHAM ROSE JEWELLERY BOX,-3,6/12/2011 14:56,1.95,17802,United Kingdom,-5.85
C559030,22645,CERAMIC HEART FAIRY CAKE MONEY BANK,-2,7/5/2011 14:51,1.45,16571,United Kingdom,-2.9
543034,85049F,Unknown,-130,2/2/2011 15:50,0,Guest,United Kingdom,0
549137,84459B,Unknown,-7,4/6/2011 15:24,0,Guest,United Kingdom,0
C540837,82483,WOOD 2 DRAWER CABINET WHITE FINISH,-2,1/11/2011 15:02,4.95,14733,United Kingdom,-9.9
C546325,M,Manual,-1,3/11/2011 10:15,1687.17,14911,EIRE,-1687.17
C560124,84945,MULTI COLOUR SILVER T-LIGHT HOLDER,-5,7/15/2011 10:36,0.85,17440,United Kingdom,-4.25
537003,85126,Unknown,-2,12/3/2010 15:33,0,Guest,United Kingdom,0
C537805,22197,SMALL POPCORN HOLDER,-1,12/8/2010 13:18,0.72,15311,United Kingdom,-0.72
C570290,82001S,VINYL RECORD FRAME SILVER,-4,10/10/2011 11:54,3.75,14665,United Kingdom,-15
C543778,22698,PINK REGENCY TEACUP AND SAUCER,-1,2/11/2011 16:30,2.95,18084,United Kingdom,-2.95
C545828,22423,REGENCY CAKESTAND 3 TIER,-6,3/7/2011 13:05,10.95,15189,United Kingdom,-65.7
C539576,84032A,CHARLIE+LOLA PINK HOT WATER BOTTLE,-24,12/20/2010 12:25,2.95,14911,EIRE,-70.8
C539277,22180,RETROSPOT LAMP,-3,12/16/2010 15:37,8.5,15777,United Kingdom,-25.5
554321,16244B,Unknown,-5,5/23/2011 15:32,0,Guest,United Kingdom,0
C567952,23404,HOME SWEET HOME BLACKBOARD,-4,9/23/2011 8:26,4.95,18226,United Kingdom,-19.8
537020,21807,Unknown,-30,12/3/2010 15:43,0,Guest,United Kingdom,0
C579092,16054,POPART RECT PENCIL SHARPENER ASST,-108,11/28/2011 10:50,0.12,16900,United Kingdom,-12.96
C570828,90202D,PINK ENAMEL FLOWER HAIR TIE,-6,10/12/2011 13:15,2.95,14911,EIRE,-17.7
C539291,22963,JAM JAR WITH GREEN LID,-8,12/16/2010 16:42,0.85,18075,United Kingdom,-6.8
C544901,22780,LIGHT GARLAND BUTTERFILES PINK,-4,2/24/2011 13:02,4.25,15078,United Kingdom,-17
C581229,23209,LUNCH BAG VINTAGE DOILY ,-20,12/8/2011 10:14,1.65,12558,USA,-33
C540394,22649,STRAWBERRY FAIRY CAKE TEAPOT,-1,1/6/2011 18:09,4.95,17696,United Kingdom,-4.95
C553903,22847,BREAD BIN DINER STYLE IVORY,-1,5/19/2011 18:08,16.95,17671,United Kingdom,-16.95
C556327,21700,BIG DOUGHNUT FRIDGE MAGNETS,-36,6/10/2011 11:22,0.85,17659,United Kingdom,-30.6
C568097,22178,VICTORIAN GLASS HANGING T-LIGHT,-12,9/23/2011 15:12,1.95,15804,United Kingdom,-23.4
C558463,21531,RED RETROSPOT SUGAR JAM BOWL,-1,6/29/2011 15:14,2.55,13982,United Kingdom,-2.55
C565077,23197,SKETCHBOOK MAGNETIC SHOPPING LIST,-12,8/31/2011 17:31,1.45,17451,United Kingdom,-17.4
C541231,21539,RED RETROSPOT BUTTER DISH,-1,1/14/2011 16:55,4.95,13455,United Kingdom,-4.95
574176,85054,check,-39,11/3/2011 11:48,0,Guest,United Kingdom,0
C538357,35924,HANGING FAIRY CAKE DECORATION,-144,12/10/2010 16:01,1.69,13798,United Kingdom,-243.36
C574499,23404,HOME SWEET HOME BLACKBOARD,-1,11/4/2011 13:14,4.95,14412,United Kingdom,-4.95
C569971,23301,GARDENERS KNEELING PAD KEEP CALM ,-2,10/6/2011 19:20,1.65,16875,United Kingdom,-3.3
C550181,21239,PINK  POLKADOT CUP,-20,4/14/2011 17:43,0.85,13069,United Kingdom,-17
551451,21330,Unknown,-4,4/28/2011 16:01,0,Guest,United Kingdom,0
C544397,22063,CERAMIC BOWL WITH STRAWBERRY DESIGN,-1,2/18/2011 12:21,2.95,12462,Spain,-2.95
C570221,22384,LUNCH BAG PINK POLKADOT,-7,10/9/2011 12:56,1.65,13113,United Kingdom,-11.55
561543,22202,Unknown,-1,7/28/2011 10:10,0,Guest,United Kingdom,0
C550962,21754,HOME BUILDING BLOCK WORD,-1,4/21/2011 16:42,5.95,14834,United Kingdom,-5.95
C572445,POST,POSTAGE,-1,10/24/2011 12:20,31.6,Guest,United Kingdom,-31.6
C576974,22779,WOODEN OWLS LIGHT GARLAND ,-2,11/17/2011 11:52,4.25,12474,Germany,-8.5
C537611,22865,HAND WARMER OWL DESIGN,-36,12/7/2010 13:25,2.1,17675,United Kingdom,-75.6
C542346,22606,WOODEN SKITTLES GARDEN SET,-1,1/27/2011 12:00,12.75,12709,Germany,-12.75
C569655,84380,SET OF 3 BUTTERFLY COOKIE CUTTERS,-1,10/5/2011 12:58,1.45,14534,United Kingdom,-1.45
C564971,22220,CAKE STAND LOVEBIRD 2 TIER WHITE,-1,8/31/2011 15:29,9.95,13466,United Kingdom,-9.95
C575042,22327,ROUND SNACK BOXES SET OF 4 SKULLS,-1,11/8/2011 12:05,2.95,16764,United Kingdom,-2.95
C557515,23322,LARGE WHITE HEART OF WICKER,-1,6/20/2011 17:05,2.95,17463,United Kingdom,-2.95
558032,22443,Unknown,-7,6/24/2011 12:14,0,Guest,United Kingdom,0
562386,84596L,Unknown,-21,8/4/2011 15:43,0,Guest,United Kingdom,0
560039,20713,wrongly marked. 23343 in box,-3100,7/14/2011 14:27,0,Guest,United Kingdom,0
C569245,CRUK,CRUK Commission,-1,10/3/2011 9:57,361.59,14096,United Kingdom,-361.59
C567289,POST,POSTAGE,-1,9/19/2011 11:50,4.41,17612,United Kingdom,-4.41
C551685,POST,POSTAGE,-1,5/3/2011 12:51,8142.75,16029,United Kingdom,-8142.75
C568879,23208,LUNCH BAG VINTAGE LEAF DESIGN,-53,9/29/2011 12:38,1.45,14680,United Kingdom,-76.85
C575224,23581,JUMBO BAG PAISLEY PARK,-100,11/9/2011 11:41,1.79,17511,United Kingdom,-179
C538372,84949,SILVER HANGING T-LIGHT HOLDER,-1,12/12/2010 11:12,1.65,16923,United Kingdom,-1.65
C542245,22380,TOY TIDY SPACEBOY  ,-1,1/26/2011 15:06,2.1,13098,United Kingdom,-2.1
C556297,23110,PARISIENNE KEY CABINET ,-2,6/10/2011 9:55,5.75,15609,United Kingdom,-11.5
C561239,22427,ENAMEL FLOWER JUG CREAM,-1,7/26/2011 10:32,5.95,Guest,EIRE,-5.95
542361,85161,samples/damages,-20,1/27/2011 12:47,0,Guest,United Kingdom,0
C536548,21218,RED SPOTTY BISCUIT TIN,-3,12/1/2010 14:33,3.75,12472,Germany,-11.25
C547807,85194S,HANGING SPRING FLOWER EGG SMALL,-4,3/25/2011 13:41,0.65,14194,United Kingdom,-2.6
C570831,90024B,NEW BAROQUE B'FLY NECKLACE RED,-2,10/12/2011 13:25,8.5,14911,EIRE,-17
C577070,POST,POSTAGE,-1,11/17/2011 14:54,40,12704,Finland,-40
C539947,21363,HOME SMALL WOOD LETTERS,-6,12/23/2010 11:47,4.95,13854,United Kingdom,-29.7
540241,35957,Unknown,-939,1/5/2011 15:17,0,Guest,United Kingdom,0
C540393,21843,RED RETROSPOT CAKE STAND,-1,1/6/2011 18:08,10.95,17428,United Kingdom,-10.95
C557663,84798B,PURPLE FOXGLOVE ARTIIFCIAL FLOWER,-4,6/21/2011 17:59,2.55,Guest,EIRE,-10.2
553400,20803,damages,-40,5/16/2011 17:09,0,Guest,United Kingdom,0
C549269,21539,RED RETROSPOT BUTTER DISH,-5,4/7/2011 12:47,4.25,16701,United Kingdom,-21.25
C568575,72803A,ROSE SCENT CANDLE JEWELLED DRAWER,-1,9/28/2011 9:22,4.25,13134,United Kingdom,-4.25
542577,85232B,Unknown,-1,1/28/2011 14:56,0,Guest,United Kingdom,0
C565227,85053,FRENCH ENAMEL CANDLEHOLDER,-1,9/2/2011 9:06,2.1,12708,Germany,-2.1
C548460,21745,GAOLERS KEYS DECORATIVE GARDEN ,-4,3/31/2011 11:58,3.75,16801,United Kingdom,-15
572685,23032,damages,-60,10/25/2011 14:01,0,Guest,United Kingdom,0
C574872,23486,ANTIQUE HEART SHELF UNIT,-2,11/7/2011 13:00,14.55,13993,United Kingdom,-29.1
C553998,22847,BREAD BIN DINER STYLE IVORY,-1,5/20/2011 11:50,16.95,16618,United Kingdom,-16.95
C564217,22979,PANTRY WASHING UP BRUSH,-1,8/24/2011 9:24,1.45,12994,United Kingdom,-1.45
C538118,22784,LANTERN CREAM GAZEBO ,-1,12/9/2010 15:33,4.95,17700,United Kingdom,-4.95
C557663,84879,ASSORTED COLOUR BIRD ORNAMENT,-24,6/21/2011 17:59,1.69,Guest,EIRE,-40.56
C541237,22664,TOY TIDY DOLLY GIRL DESIGN,-1,1/14/2011 17:26,2.1,13599,United Kingdom,-2.1
C569410,23574,PACKING CHARGE,-1,10/4/2011 9:48,7.5,13364,United Kingdom,-7.5
C565671,22059,CERAMIC STRAWBERRY DESIGN MUG,-1,9/6/2011 9:30,1.49,14796,United Kingdom,-1.49
537011,22139,Unknown,-5,12/3/2010 15:38,0,Guest,United Kingdom,0
C554539,85159B,"WHITE TEA,COFFEE,SUGAR JARS",-4,5/24/2011 17:47,1.95,14911,EIRE,-7.8
C576670,23344,JUMBO BAG 50'S CHRISTMAS ,-1,11/16/2011 11:55,2.08,16393,United Kingdom,-2.08
C556635,23089,GLASS BON BON JAR,-2,6/13/2011 15:25,1.65,13505,Switzerland,-3.3
C538341,22988,SOLDIERS EGG CUP ,-36,12/10/2010 14:03,1.25,15514,United Kingdom,-45
C579785,23243,SET OF TEA COFFEE SUGAR TINS PANTRY,-2,11/30/2011 15:29,4.95,12584,Italy,-9.9
C548972,21974,SET OF 36 PAISLEY FLOWER DOILIES,-12,4/5/2011 11:42,1.45,15674,United Kingdom,-17.4
C558347,S,SAMPLES,-1,6/28/2011 14:47,6.15,Guest,United Kingdom,-6.15
C569985,22729,ALARM CLOCK BAKELIKE ORANGE,-4,10/6/2011 19:51,3.75,15365,United Kingdom,-15
C541826,22423,REGENCY CAKESTAND 3 TIER,-1,1/21/2011 17:04,12.75,18260,United Kingdom,-12.75
C570889,23146,TRIPLE HOOK ANTIQUE IVORY ROSE,-2,10/13/2011 10:49,3.29,13954,United Kingdom,-6.58
C574026,51014C,"FEATHER PEN,COAL BLACK",-1,11/2/2011 12:26,0.39,14606,United Kingdom,-0.39
C544583,S,SAMPLES,-1,2/21/2011 14:48,31.98,Guest,United Kingdom,-31.98
C549582,22423,REGENCY CAKESTAND 3 TIER,-3,4/11/2011 9:45,12.75,12656,France,-38.25
C577394,22219,LOVEBIRD HANGING DECORATION WHITE ,-2,11/18/2011 17:09,0.85,14902,United Kingdom,-1.7
540679,21667,Unknown,-1,1/10/2011 16:21,0,Guest,United Kingdom,0
C572444,M,Manual,-1,10/24/2011 12:12,235.54,Guest,United Kingdom,-235.54
C551463,23142,IVORY WIRE KITCHEN ORGANISER,-1,4/28/2011 16:13,10.4,13534,United Kingdom,-10.4
C576561,22845,VINTAGE CREAM CAT FOOD CONTAINER,-1,11/15/2011 13:22,5.55,15311,United Kingdom,-5.55
C570683,23203,JUMBO BAG VINTAGE DOILY ,-2,10/11/2011 16:09,2.08,16161,United Kingdom,-4.16
C564206,37447,CERAMIC CAKE DESIGN SPOTTED PLATE,-2,8/24/2011 9:04,1.25,14301,United Kingdom,-2.5
C579891,23485,BOTANICAL GARDENS WALL CLOCK ,-1,12/1/2011 8:18,25,13644,United Kingdom,-25
C560898,22797,CHEST OF DRAWERS GINGHAM HEART ,-2,7/21/2011 17:30,16.95,12722,France,-33.9
C544417,22456,NATURAL SLATE CHALKBOARD LARGE ,-1,2/18/2011 15:13,4.95,17512,United Kingdom,-4.95
C568597,22798,ANTIQUE GLASS DRESSING TABLE POT,-7,9/28/2011 11:17,2.95,13089,United Kingdom,-20.65
C542078,22189,CREAM HEART CARD HOLDER,-1,1/25/2011 12:11,3.95,12854,United Kingdom,-3.95
549328,51008,Unknown,-110,4/8/2011 10:49,0,Guest,United Kingdom,0
C559939,22082,RIBBON REEL STRIPES DESIGN ,-10,7/14/2011 10:19,1.65,14426,United Kingdom,-16.5
C552701,71053,WHITE METAL LANTERN,-1,5/10/2011 15:58,3.75,16094,United Kingdom,-3.75
C561358,20977,36 PENCILS TUBE WOODLAND,-32,7/26/2011 15:10,1.25,12626,Germany,-40
C556735,22169,FAMILY ALBUM WHITE PICTURE FRAME,-2,6/14/2011 12:01,8.5,14527,United Kingdom,-17
C579877,22489,PACK OF 12 TRADITIONAL CRAYONS,-1,11/30/2011 17:07,0.42,16240,United Kingdom,-0.42
C547725,22991,GIRAFFE WOODEN RULER,-6,3/25/2011 10:43,1.95,Guest,United Kingdom,-11.7
C564494,BANK CHARGES,Bank Charges,-1,8/25/2011 14:20,83.83,Guest,United Kingdom,-83.83
572468,72803A,damages,-160,10/24/2011 13:30,0,Guest,United Kingdom,0
C546903,21906,PHARMACIE FIRST AID TIN,-2,3/17/2011 18:31,6.75,16217,United Kingdom,-13.5
C560540,22546,MINI JIGSAW PURDEY,-1,7/19/2011 12:26,0.42,12415,Australia,-0.42
C538595,82482,WOODEN PICTURE FRAME WHITE FINISH,-2,12/13/2010 12:03,2.55,15555,United Kingdom,-5.1
556300,20735,Unknown,-472,6/10/2011 10:18,0,Guest,United Kingdom,0
557025,22192,Unknown,-9,6/16/2011 13:09,0,Guest,United Kingdom,0
C569961,22960,JAM MAKING SET WITH JARS,-3,10/6/2011 18:44,4.25,13704,United Kingdom,-12.75
C554330,20914,SET/5 RED RETROSPOT LID GLASS BOWLS,-1,5/23/2011 17:08,2.95,12749,United Kingdom,-2.95
C539066,47590A,BLUE HAPPY BIRTHDAY BUNTING,-1,12/15/2010 16:54,5.45,17912,United Kingdom,-5.45
561506,72051S,Unknown,-1,7/27/2011 14:18,0,Guest,United Kingdom,0
568546,22409,Unknown,-20,9/27/2011 14:35,0,Guest,United Kingdom,0
C546854,20726,LUNCH BAG WOODLAND,-1,3/17/2011 13:55,1.45,17511,United Kingdom,-1.45
C560645,M,Manual,-1,7/20/2011 11:23,451.42,15802,United Kingdom,-451.42
C540307,22084,PAPER CHAIN KIT EMPIRE,-36,1/6/2011 12:58,2.95,15823,United Kingdom,-106.2
C547908,POST,POSTAGE,-1,3/28/2011 12:18,38.45,Guest,United Kingdom,-38.45
C562623,22771,CLEAR DRAWER KNOB ACRYLIC EDWARDIAN,-3,8/8/2011 12:38,1.25,16255,United Kingdom,-3.75
C567706,22835,HOT WATER BOTTLE I AM SO POORLY,-312,9/22/2011 9:46,4.25,15769,United Kingdom,-1326
C567690,20726,LUNCH BAG WOODLAND,-1,9/21/2011 17:01,1.65,15810,United Kingdom,-1.65
C574493,23234,BISCUIT TIN VINTAGE CHRISTMAS,-2,11/4/2011 13:09,2.89,14842,United Kingdom,-5.78
C542604,84799,SPRIG LAVENDER ARTIFICIAL FLOWER,-48,1/30/2011 12:35,0.42,13148,United Kingdom,-20.16
C551540,23127,FELTCRAFT GIRL NICOLE KIT,-8,5/3/2011 8:47,4.95,14735,United Kingdom,-39.6
550943,21316,Unknown,-5,4/21/2011 15:51,0,Guest,United Kingdom,0
C537039,22854,CREAM SWEETHEART EGG HOLDER,-1,12/5/2010 10:25,4.95,15708,United Kingdom,-4.95
C546680,21391,FRENCH LAVENDER SCENT HEART,-3,3/15/2011 16:51,2.1,13121,United Kingdom,-6.3
C569994,22729,ALARM CLOCK BAKELIKE ORANGE,-5,10/6/2011 20:33,3.75,15606,United Kingdom,-18.75
C553880,21122,SET/10 PINK POLKADOT PARTY CANDLES,-24,5/19/2011 15:23,1.25,13762,United Kingdom,-30
C564488,22791,T-LIGHT GLASS FLUTED ANTIQUE,-12,8/25/2011 14:12,1.25,16859,United Kingdom,-15
C579781,22457,NATURAL SLATE HEART CHALKBOARD ,-1,11/30/2011 15:20,2.95,17451,United Kingdom,-2.95
571114,23159,Unknown,-99,10/13/2011 17:40,0,Guest,United Kingdom,0
C577383,21871,SAVE THE PLANET MUG,-2,11/18/2011 16:48,1.65,13091,United Kingdom,-3.3
C564763,CRUK,CRUK Commission,-1,8/30/2011 10:49,1.6,14096,United Kingdom,-1.6
C566180,22800,ANTIQUE TALL SWIRLGLASS TRINKET POT,-1,9/9/2011 12:52,3.75,16173,United Kingdom,-3.75
C556647,22993,SET OF 4 PANTRY JELLY MOULDS,-12,6/13/2011 16:14,1.25,13012,United Kingdom,-15
C538059,21217,RED RETROSPOT ROUND CAKE TINS,-3,12/9/2010 13:38,9.95,14205,United Kingdom,-29.85
C561238,23243,SET OF TEA COFFEE SUGAR TINS PANTRY,-1,7/26/2011 10:31,4.95,17675,United Kingdom,-4.95
C581117,23311,VINTAGE CHRISTMAS STOCKING ,-2,12/7/2011 12:24,2.55,16393,United Kingdom,-5.1
C568879,22771,CLEAR DRAWER KNOB ACRYLIC EDWARDIAN,-14,9/29/2011 12:38,1.25,14680,United Kingdom,-17.5
C555723,22171,3 HOOK PHOTO SHELF ANTIQUE WHITE,-2,6/6/2011 16:21,8.5,15737,United Kingdom,-17
C539499,21231,SWEETHEART CERAMIC TRINKET BOX,-3,12/20/2010 11:01,1.25,15312,United Kingdom,-3.75
543545,22627,Unknown,-11,2/9/2011 15:50,0,Guest,United Kingdom,0
C569989,22111,SCOTTIE DOG HOT WATER BOTTLE,-17,10/6/2011 20:08,4.25,16839,United Kingdom,-72.25
C550933,M,Manual,-1,4/21/2011 15:13,678.03,Guest,United Kingdom,-678.03
C543818,22622,BOX OF VINTAGE ALPHABET BLOCKS,-2,2/13/2011 15:45,9.95,16897,United Kingdom,-19.9
C551861,22465,HANGING METAL STAR LANTERN,-1,5/4/2011 15:44,1.65,12840,United Kingdom,-1.65
C567359,21194,PINK  HONEYCOMB PAPER FAN,-2,9/19/2011 16:33,0.65,15201,United Kingdom,-1.3
C577737,84949,SILVER HANGING T-LIGHT HOLDER,-24,11/21/2011 13:25,1.65,15681,United Kingdom,-39.6
C571637,22379,RECYCLING BAG RETROSPOT ,-39,10/18/2011 11:55,1.85,14688,United Kingdom,-72.15
C579894,23319,BOX OF 6 MINI 50'S CRACKERS,-6,12/1/2011 8:26,2.08,13098,United Kingdom,-12.48
C550540,23155,KNICKERBOCKERGLORY MAGNET ASSORTED ,-12,4/19/2011 11:31,0.83,14339,United Kingdom,-9.96
C557637,22778,GLASS CLOCHE SMALL,-1,6/21/2011 16:00,3.95,13630,United Kingdom,-3.95
C572481,22557,PLASTERS IN TIN VINTAGE PAISLEY ,-4,10/24/2011 13:48,1.65,15632,United Kingdom,-6.6
C538059,84380,SET OF 3 BUTTERFLY COOKIE CUTTERS,-12,12/9/2010 13:38,1.25,14205,United Kingdom,-15
C554330,22697,GREEN REGENCY TEACUP AND SAUCER,-1,5/23/2011 17:08,2.95,12749,United Kingdom,-2.95
558308,84576,Unknown,-10,6/28/2011 11:02,0,Guest,United Kingdom,0
549029,84569B,Unknown,-17,4/5/2011 17:03,0,Guest,United Kingdom,0
565060,21165,Unknown,-46,8/31/2011 17:15,0,Guest,United Kingdom,0
C554006,22508,DOORSTOP RETROSPOT HEART,-12,5/20/2011 12:25,3.75,13418,United Kingdom,-45
559373,16156S,Unknown,-110,7/8/2011 10:36,0,Guest,United Kingdom,0
538061,21801,Unknown,-38,12/9/2010 13:39,0,Guest,United Kingdom,0
C538377,37449,CERAMIC CAKE STAND + HANGING CAKES,-1,12/12/2010 11:23,9.95,15224,United Kingdom,-9.95
C542426,22423,REGENCY CAKESTAND 3 TIER,-2,1/28/2011 9:32,12.75,14146,United Kingdom,-25.5
C550962,22191,IVORY DINER WALL CLOCK,-1,4/21/2011 16:42,8.5,14834,United Kingdom,-8.5
561557,37477C,Unknown,-31,7/28/2011 10:21,0,Guest,United Kingdom,0
C552190,21830,ASSORTED CREEPY CRAWLIES,-24,5/6/2011 14:11,0.42,12748,United Kingdom,-10.08
C569655,22382,LUNCH BAG SPACEBOY DESIGN ,-7,10/5/2011 12:58,1.65,14534,United Kingdom,-11.55
C540781,22776,SWEETHEART CAKESTAND 3 TIER,-1,1/11/2011 11:22,9.95,16875,United Kingdom,-9.95
570294,84249A,damaged,-25,10/10/2011 12:00,0,Guest,United Kingdom,0
C552241,22569,FELTCRAFT CUSHION BUTTERFLY,-1,5/6/2011 17:38,3.75,14676,United Kingdom,-3.75
C572489,22465,HANGING METAL STAR LANTERN,-5,10/24/2011 13:59,1.65,17119,United Kingdom,-8.25
558464,35966,Unknown,-20,6/29/2011 15:17,0,Guest,United Kingdom,0
C569114,22423,REGENCY CAKESTAND 3 TIER,-1,9/30/2011 12:50,12.75,14911,EIRE,-12.75
C551018,22328,ROUND SNACK BOXES SET OF 4 FRUITS ,-1,4/26/2011 11:19,2.95,12705,Germany,-2.95
C577384,21313,GLASS HEART T-LIGHT HOLDER ,-10,11/18/2011 16:50,0.64,14156,EIRE,-6.4
577307,16169E,check,-313,11/18/2011 13:06,0,Guest,United Kingdom,0
C577513,22835,HOT WATER BOTTLE I AM SO POORLY,-4,11/20/2011 12:59,4.95,18110,United Kingdom,-19.8
C566071,23173,REGENCY TEAPOT ROSES ,-8,9/8/2011 17:56,8.15,17997,United Kingdom,-65.2
C569994,22725,ALARM CLOCK BAKELIKE CHOCOLATE,-12,10/6/2011 20:33,3.75,15606,United Kingdom,-45
C543347,22245,"HOOK, 1 HANGER ,MAGIC GARDEN",-3,2/7/2011 12:44,0.85,12472,Germany,-2.55
551446,35594,Unknown,-4,4/28/2011 15:58,0,Guest,United Kingdom,0
C572223,23350,ROLL WRAP VINTAGE SPOT ,-12,10/21/2011 13:36,1.25,14147,United Kingdom,-15
C566999,22720,SET OF 3 CAKE TINS PANTRY DESIGN ,-2,9/16/2011 11:14,4.95,14842,United Kingdom,-9.9
C575224,23582,VINTAGE DOILY JUMBO BAG RED ,-100,11/9/2011 11:41,1.79,17511,United Kingdom,-179
C565382,CRUK,CRUK Commission,-1,9/2/2011 15:45,13.01,14096,United Kingdom,-13.01
C567198,22383,LUNCH BAG SUKI DESIGN ,-1,9/19/2011 10:11,1.65,14159,United Kingdom,-1.65
C554926,20975,12 PENCILS SMALL TUBE RED RETROSPOT,-24,5/27/2011 12:59,0.65,16422,United Kingdom,-15.6
C543780,22712,CARD DOLLY GIRL ,-1,2/11/2011 16:34,0.42,17334,United Kingdom,-0.42
C553033,22982,PANTRY PASTRY BRUSH,-12,5/12/2011 19:50,1.25,13883,United Kingdom,-15
C559983,22487,WHITE WOOD GARDEN PLANT LADDER,-2,7/14/2011 11:41,9.95,14562,United Kingdom,-19.9
C580826,23250,VINTAGE RED TRIM ENAMEL BOWL ,-31,12/6/2011 11:37,1.25,17490,United Kingdom,-38.75
C569949,22845,VINTAGE CREAM CAT FOOD CONTAINER,-1,10/6/2011 18:27,6.35,12584,Italy,-6.35
C550475,21181,PLEASE ONE PERSON METAL SIGN,-1,4/18/2011 13:59,1.85,13798,United Kingdom,-1.85
C549913,22961,JAM MAKING SET PRINTED,-12,4/13/2011 9:02,1.45,14267,United Kingdom,-17.4
C573761,22364,GLASS JAR DIGESTIVE BISCUITS,-3,11/1/2011 9:55,2.95,15489,United Kingdom,-8.85
C546885,22168,ORGANISER WOOD ANTIQUE WHITE ,-1,3/17/2011 18:11,8.5,15671,United Kingdom,-8.5
C571678,21232,STRAWBERRY CERAMIC TRINKET BOX,-1,10/18/2011 13:33,1.06,12679,France,-1.06
C543755,85049G,CHOCOLATE BOX RIBBONS ,-12,2/11/2011 14:48,1.25,14304,United Kingdom,-15
C576233,M,Manual,-1,11/14/2011 13:26,326.1,Guest,Hong Kong,-326.1
C562124,22698,PINK REGENCY TEACUP AND SAUCER,-1,8/2/2011 17:23,2.55,13081,United Kingdom,-2.55
C569251,85066,CREAM SWEETHEART MINI CHEST,-1,10/3/2011 10:37,12.75,12957,United Kingdom,-12.75
C570828,90202C,GREEN ENAMEL FLOWER HAIR TIE,-6,10/12/2011 13:15,2.95,14911,EIRE,-17.7
C543755,22158,3 HEARTS HANGING DECORATION RUSTIC,-8,2/11/2011 14:48,2.95,14304,United Kingdom,-23.6
C557650,22839,3 TIER CAKE TIN GREEN AND CREAM,-2,6/21/2011 17:17,14.95,15152,United Kingdom,-29.9
C563068,23108,SET OF 10 LED DOLLY LIGHTS,-1,8/11/2011 15:26,6.25,13722,United Kingdom,-6.25
C549786,21381,MINI WOODEN HAPPY BIRTHDAY GARLAND,-24,4/12/2011 11:58,1.69,14071,United Kingdom,-40.56
C557269,23181,BULL DOG BOTTLE TOP WALL CLOCK,-1,6/19/2011 11:27,8.25,13097,United Kingdom,-8.25
546130,35610A,thrown away,-1277,3/9/2011 15:08,0,Guest,United Kingdom,0
C537413,22834,HAND WARMER BABUSHKA DESIGN,-72,12/6/2010 15:07,2.1,14409,United Kingdom,-151.2
C541705,22487,WHITE WOOD GARDEN PLANT LADDER,-4,1/21/2011 10:29,8.5,13854,United Kingdom,-34
C571860,23164,REGENCY CAKE SLICE,-1,10/19/2011 13:42,4.95,14175,United Kingdom,-4.95
C538997,21533,RETROSPOT LARGE MILK JUG,-1,12/15/2010 12:06,4.25,14426,United Kingdom,-4.25
C542088,22556,PLASTERS IN TIN CIRCUS PARADE ,-12,1/25/2011 12:36,1.65,12553,France,-19.8
C580826,23249,VINTAGE RED ENAMEL TRIM PLATE,-1,12/6/2011 11:37,1.65,17490,United Kingdom,-1.65
C565290,22307,GOLD MUG BONE CHINA TREE OF LIFE,-24,9/2/2011 11:46,1.25,16092,United Kingdom,-30
C571695,20975,12 PENCILS SMALL TUBE RED RETROSPOT,-24,10/18/2011 14:46,0.65,14776,United Kingdom,-15.6
549032,20778,Unknown,-6,4/5/2011 17:06,0,Guest,United Kingdom,0
C563600,84880,WHITE WIRE EGG HOLDER,-1,8/18/2011 6:24,7.5,14911,EIRE,-7.5
C574027,22094,RED RETROSPOT TISSUE BOX,-36,11/2/2011 12:32,0.39,13394,United Kingdom,-14.04
542544,17165D,Unknown,-10,1/28/2011 14:43,0,Guest,United Kingdom,0
547332,21613,Unknown,-47,3/22/2011 11:42,0,Guest,United Kingdom,0
C546997,22924,FRIDGE MAGNETS LA VIE EN ROSE,-6,3/18/2011 13:32,0.85,12748,United Kingdom,-5.1
C558357,75049L,LARGE CIRCULAR MIRROR MOBILE,-8,6/28/2011 15:04,0.85,15502,United Kingdom,-6.8
C543356,21232,STRAWBERRY CERAMIC TRINKET BOX,-1,2/7/2011 13:52,1.25,14443,United Kingdom,-1.25
537007,21172,Unknown,-80,12/3/2010 15:36,0,Guest,United Kingdom,0
C548729,22232,JIGSAW TOADSTOOLS 3 PIECE,-8,4/4/2011 9:57,1.65,12434,Australia,-13.2
C562952,22980,PANTRY SCRUBBING BRUSH,-3,8/11/2011 10:10,1.65,12749,United Kingdom,-4.95
C567331,23110,PARISIENNE KEY CABINET ,-1,9/19/2011 14:50,5.75,16609,United Kingdom,-5.75
C564208,23129,HEART SHAPED HOLLY WREATH,-1,8/24/2011 9:07,4.15,15469,United Kingdom,-4.15
C571707,23193,BUFFALO BILL TREASURE BOOK BOX,-2,10/18/2011 15:33,2.25,14056,United Kingdom,-4.5
C547791,22634,CHILDS BREAKFAST SET SPACEBOY ,-2,3/25/2011 12:07,9.95,17979,United Kingdom,-19.9
C581228,22467,GUMBALL COAT RACK,-36,12/8/2011 10:06,2.1,16019,United Kingdom,-75.6
C558258,22055,MINI CAKE STAND  HANGING STRAWBERY,-2,6/27/2011 17:28,1.65,13014,United Kingdom,-3.3
C558615,21845,DAIRY MAID STRIPE MUG,-4,6/30/2011 16:20,0.79,17719,United Kingdom,-3.16
C538350,21936,RED RETROSPOT PICNIC BAG,-3,12/10/2010 15:01,2.55,13798,United Kingdom,-7.65
C554905,15044C,PURPLE PAPER PARASOL,-1,5/27/2011 11:17,2.95,14191,United Kingdom,-2.95
C570290,84029E,RED WOOLLY HOTTIE WHITE HEART.,-8,10/10/2011 11:54,4.25,14665,United Kingdom,-34
C560898,85066,CREAM SWEETHEART MINI CHEST,-1,7/21/2011 17:30,12.75,12722,France,-12.75
551663,84548,Unknown,-70,5/3/2011 12:34,0,Guest,United Kingdom,0
C562726,22326,ROUND SNACK BOXES SET OF4 WOODLAND ,-1,8/9/2011 9:05,2.95,16401,United Kingdom,-2.95
567921,21089,damaged,-7,9/22/2011 17:24,0,Guest,United Kingdom,0
C578274,22768,FAMILY PHOTO FRAME CORNICE,-2,11/23/2011 13:42,9.95,17828,Malta,-19.9
C566468,23209,LUNCH BAG VINTAGE DOILY ,-1,9/12/2011 18:14,1.65,13319,United Kingdom,-1.65
C572226,23256,CHILDRENS CUTLERY SPACEBOY ,-2,10/21/2011 13:58,4.15,15321,United Kingdom,-8.3
C574473,20749,ASSORTED COLOUR MINI CASES,-2,11/4/2011 12:05,7.95,15809,United Kingdom,-15.9
C569410,23393,HOME SWEET HOME CUSHION COVER ,-4,10/4/2011 9:48,3.75,13364,United Kingdom,-15
543269,84638,Unknown,-18,2/4/2011 17:25,0,Guest,United Kingdom,0
C552459,M,Manual,-1,5/9/2011 14:44,598.59,Guest,United Kingdom,-598.59
544832,62096A,Unknown,-88,2/24/2011 10:05,0,Guest,United Kingdom,0
543262,84614A,thrown away,-390,2/4/2011 16:08,0,Guest,United Kingdom,0
C556281,POST,POSTAGE,-1,6/9/2011 20:32,4.05,14040,United Kingdom,-4.05
C574748,22383,LUNCH BAG SUKI DESIGN ,-100,11/7/2011 8:41,1.45,17107,United Kingdom,-145
C542138,22537,MAGIC DRAWING SLATE DINOSAUR,-48,1/25/2011 17:21,0.42,17368,United Kingdom,-20.16
C546131,22776,SWEETHEART CAKESTAND 3 TIER,-1,3/9/2011 15:08,9.95,16057,United Kingdom,-9.95
C545849,72741,GRAND CHOCOLATECANDLE,-3,3/7/2011 13:42,1.45,16598,United Kingdom,-4.35
C543608,82483,WOOD 2 DRAWER CABINET WHITE FINISH,-1,2/10/2011 14:15,6.95,17230,United Kingdom,-6.95
C546548,22150,3 STRIPEY MICE FELTCRAFT,-1,3/14/2011 16:42,1.95,16518,United Kingdom,-1.95
C556453,21622,VINTAGE UNION JACK CUSHION COVER,-6,6/10/2011 16:33,4.95,14525,United Kingdom,-29.7
C574894,20914,SET/5 RED RETROSPOT LID GLASS BOWLS,-6,11/7/2011 14:43,2.95,12597,Spain,-17.7
C571838,23322,LARGE WHITE HEART OF WICKER,-5,10/19/2011 12:12,2.95,17841,United Kingdom,-14.75
C571902,21889,WOODEN BOX OF DOMINOES,-2,10/19/2011 14:39,1.25,14488,United Kingdom,-2.5
C567331,23403,LETTER HOLDER HOME SWEET HOME,-1,9/19/2011 14:50,3.75,16609,United Kingdom,-3.75
C537746,71477,COLOUR GLASS. STAR T-LIGHT HOLDER,-1,12/8/2010 11:03,3.25,15021,United Kingdom,-3.25
C544901,22779,WOODEN OWLS LIGHT GARLAND ,-4,2/24/2011 13:02,4.25,15078,United Kingdom,-17
570112,22569,?,-84,10/7/2011 12:29,0,Guest,United Kingdom,0
C543634,20803,SMALL PINK GLASS SUNDAE DISH,-32,2/10/2011 16:31,0.42,13599,United Kingdom,-13.44
C547232,22425,ENAMEL COLANDER CREAM,-2,3/21/2011 16:15,4.95,12994,United Kingdom,-9.9
C538717,22457,NATURAL SLATE HEART CHALKBOARD ,-12,12/14/2010 11:09,2.95,18141,United Kingdom,-35.4
C562647,M,Manual,-1,8/8/2011 12:56,3155.95,15502,United Kingdom,-3155.95
C538692,35001W,HAND OPEN SHAPE DECO.WHITE,-1,12/14/2010 9:58,3.49,13599,United Kingdom,-3.49
576415,17012B,Unknown,-2,11/15/2011 11:22,0,Guest,United Kingdom,0
573498,21636,check,-22,10/31/2011 12:00,0,Guest,United Kingdom,0
C581462,16219,HOUSE SHAPE PENCIL SHARPENER,-48,12/8/2011 18:51,0.06,12985,United Kingdom,-2.88
C547228,21417,COCKLE SHELL DISH,-1,3/21/2011 15:48,2.1,16626,United Kingdom,-2.1
C559030,20984,12 PENCILS TALL TUBE POSY,-24,7/5/2011 14:51,0.29,16571,United Kingdom,-6.96
C564488,23039,T-LIGHT HOLDER SILVER HEART HANDLE,-6,8/25/2011 14:12,1.95,16859,United Kingdom,-11.7
C570478,23175,REGENCY MILK JUG PINK ,-2,10/10/2011 16:55,3.25,14644,United Kingdom,-6.5
C560390,22698,PINK REGENCY TEACUP AND SAUCER,-1,7/18/2011 13:20,2.95,12930,United Kingdom,-2.95
C559947,20914,SET/5 RED RETROSPOT LID GLASS BOWLS,-32,7/14/2011 10:27,2.55,16701,United Kingdom,-81.6
C558530,22171,3 HOOK PHOTO SHELF ANTIQUE WHITE,-2,6/30/2011 11:26,8.5,15039,United Kingdom,-17
C579902,23169,CLASSIC GLASS COOKIE JAR,-1,12/1/2011 8:39,4.15,13365,United Kingdom,-4.15
C538341,22726,ALARM CLOCK BAKELIKE GREEN,-3,12/10/2010 14:03,3.75,15514,United Kingdom,-11.25
C565284,23241,TREASURE TIN GYMKHANA DESIGN,-1,9/2/2011 11:31,2.08,12471,Germany,-2.08
C563207,22371,AIRLINE BAG VINTAGE TOKYO 78,-1,8/14/2011 12:10,4.25,17613,United Kingdom,-4.25
C538882,21891,TRADITIONAL WOODEN SKIPPING ROPE,-12,12/14/2010 15:56,1.25,12797,Portugal,-15
C551732,22526,WHEELBARROW FOR CHILDREN ,-1,5/4/2011 10:10,12.75,15382,United Kingdom,-12.75
C569985,20727,LUNCH BAG  BLACK SKULL.,-10,10/6/2011 19:51,1.65,15365,United Kingdom,-16.5
C556639,23082,SET 6 PAPER TABLE LANTERN HEARTS ,-5,6/13/2011 15:37,3.75,13856,United Kingdom,-18.75
C542427,85159A,"BLACK TEA,COFFEE,SUGAR JARS",-1,1/28/2011 9:34,6.35,14180,United Kingdom,-6.35
C550709,22212,FOUR HOOK  WHITE LOVEBIRDS,-1,4/20/2011 10:53,2.1,12997,United Kingdom,-2.1
C552014,22457,NATURAL SLATE HEART CHALKBOARD ,-1,5/5/2011 17:35,2.95,15708,United Kingdom,-2.95
C571009,90201A,PURPLE ENAMEL FLOWER RING,-4,10/13/2011 12:12,2.95,12612,Germany,-11.8
C549549,22656,VINTAGE BLUE KITCHEN CABINET,-1,4/10/2011 11:37,125,16359,United Kingdom,-125
C555267,84836,ZINC METAL HEART DECORATION,-23,6/1/2011 16:15,1.25,16359,United Kingdom,-28.75
C565078,D,Discount,-1,8/31/2011 17:45,57.6,16422,United Kingdom,-57.6
C539827,22745,POPPY'S PLAYHOUSE BEDROOM ,-1,12/22/2010 12:43,2.1,15044,United Kingdom,-2.1
C545673,22808,SET OF 6 T-LIGHTS EASTER CHICKS,-18,3/6/2011 10:14,2.95,14745,United Kingdom,-53.1
C569959,23327,HANGING CLEAR MINI BOTTLE,-4,10/6/2011 18:39,0.63,13983,United Kingdom,-2.52
C549753,22891,TEA FOR ONE POLKADOT,-1,4/12/2011 11:17,4.25,13268,United Kingdom,-4.25
C562041,37495,FAIRY CAKE BIRTHDAY CANDLE SET,-4,8/2/2011 10:05,3.75,15120,United Kingdom,-15
C567347,22423,REGENCY CAKESTAND 3 TIER,-7,9/19/2011 15:54,10.95,15465,United Kingdom,-76.65
C572761,22666,RECIPE BOX PANTRY YELLOW DESIGN,-1,10/26/2011 9:38,2.95,12584,Italy,-2.95
C577547,21925,UNION STRIPE CUSHION COVER ,-1,11/20/2011 14:48,1.25,17841,United Kingdom,-1.25
C544038,22796,PHOTO FRAME 3 CLASSIC HANGING,-2,2/15/2011 11:32,9.95,14659,United Kingdom,-19.9
C548355,22697,GREEN REGENCY TEACUP AND SAUCER,-6,3/30/2011 15:06,2.95,12921,United Kingdom,-17.7
C549685,85132A,CHARLIE + LOLA BISCUITS TINS,-1,4/11/2011 13:26,1.95,13266,United Kingdom,-1.95
C567703,20724,RED RETROSPOT CHARLOTTE BAG,-4,9/22/2011 9:38,0.85,15810,United Kingdom,-3.4
C568879,20728,LUNCH BAG CARS BLUE,-13,9/29/2011 12:38,1.45,14680,United Kingdom,-18.85
C579908,D,Discount,-1,12/1/2011 8:49,28.68,14527,United Kingdom,-28.68
C564340,AMAZONFEE,AMAZON FEE,-1,8/24/2011 14:50,4527.65,Guest,United Kingdom,-4527.65
571024,22812,?,-270,10/13/2011 12:18,0,Guest,United Kingdom,0
C580971,90058A,CRYSTAL STUD EARRINGS CLEAR DISPLAY,-36,12/6/2011 15:04,0.38,14298,United Kingdom,-13.68
C562110,22655,VINTAGE RED KITCHEN CABINET,-1,8/2/2011 15:46,125,16316,United Kingdom,-125
C564748,23211,RED ROCKING HORSE HAND PAINTED,-24,8/30/2011 8:00,1.25,14911,EIRE,-30
569465,23269,incorrect stock entry.,-1440,10/4/2011 11:41,0,Guest,United Kingdom,0
C544580,S,SAMPLES,-1,2/21/2011 14:25,6.7,Guest,United Kingdom,-6.7
C564279,21165,BEWARE OF THE CAT METAL SIGN ,-12,8/24/2011 10:54,1.69,17706,United Kingdom,-20.28
C547725,22052,VINTAGE CARAVAN GIFT WRAP,-25,3/25/2011 10:43,0.42,Guest,United Kingdom,-10.5
C546859,M,Manual,-102,3/17/2011 14:39,5.45,17603,United Kingdom,-555.9
C537581,S,SAMPLES,-1,12/7/2010 12:03,12.95,Guest,United Kingdom,-12.95
C559486,23110,PARISIENNE KEY CABINET ,-2,7/8/2011 13:51,5.75,13047,United Kingdom,-11.5
C562147,23206,LUNCH BAG APPLE DESIGN,-1,8/3/2011 10:47,1.65,16180,United Kingdom,-1.65
C538350,85099F,JUMBO BAG STRAWBERRY,-2,12/10/2010 15:01,1.65,13798,United Kingdom,-3.3
C546735,22930,BAKING MOULD HEART MILK CHOCOLATE,-96,3/16/2011 11:50,2.1,16029,United Kingdom,-201.6
C566460,21931,JUMBO STORAGE BAG SUKI,-1,9/12/2011 17:19,2.08,18223,United Kingdom,-2.08
C560909,84997C,CHILDRENS CUTLERY POLKADOT BLUE,-1,7/21/2011 17:56,4.15,13590,United Kingdom,-4.15
C569995,22910,PAPER CHAIN KIT VINTAGE CHRISTMAS,-24,10/6/2011 20:36,2.95,14557,United Kingdom,-70.8
C541693,20941,FROG CANDLE,-2,1/20/2011 17:02,1.25,14309,United Kingdom,-2.5
C553531,S,SAMPLES,-1,5/17/2011 15:09,5,Guest,United Kingdom,-5
C556493,82483,WOOD 2 DRAWER CABINET WHITE FINISH,-1,6/12/2011 14:56,6.95,17802,United Kingdom,-6.95
C573321,22553,PLASTERS IN TIN SKULLS,-1,10/30/2011 10:35,1.65,14546,United Kingdom,-1.65
C579945,22697,GREEN REGENCY TEACUP AND SAUCER,-1,12/1/2011 10:41,2.95,15993,United Kingdom,-2.95
C539573,22362,GLASS JAR PEACOCK BATH SALTS,-5,12/20/2010 12:19,2.95,14107,United Kingdom,-14.75
561475,84584,Unknown,-3,7/27/2011 13:29,0,Guest,United Kingdom,0
562382,22927,?,-40,8/4/2011 15:36,0,Guest,United Kingdom,0
C550181,20676,RED RETROSPOT BOWL,-12,4/14/2011 17:43,1.25,13069,United Kingdom,-15
C551864,22779,WOODEN OWLS LIGHT GARLAND ,-2,5/4/2011 16:18,4.25,12483,Sweden,-8.5
C566945,22178,VICTORIAN GLASS HANGING T-LIGHT,-6,9/15/2011 16:26,1.95,13319,United Kingdom,-11.7
C554848,21314,SMALL GLASS HEART TRINKET POT,-1,5/26/2011 19:56,2.1,13659,United Kingdom,-2.1
C572343,23055,IVORY CHANDELIER T-LIGHT HOLDER,-96,10/24/2011 10:40,1.5,14607,United Kingdom,-144
C579919,22636,CHILDS BREAKFAST SET CIRCUS PARADE,-1,12/1/2011 9:00,8.5,17540,United Kingdom,-8.5
572701,85078,missing,-840,10/25/2011 14:31,0,Guest,United Kingdom,0
C570867,23159,SET OF 5 PANCAKE DAY MAGNETS,-12,10/12/2011 16:17,2.08,12607,USA,-24.96
C562139,22456,NATURAL SLATE CHALKBOARD LARGE ,-2,8/3/2011 10:10,4.95,12921,United Kingdom,-9.9
C567919,22974,CHILDRENS DOLLY GIRL MUG,-1,9/22/2011 17:20,1.65,17037,United Kingdom,-1.65
C572334,23205,CHARLOTTE BAG VINTAGE ALPHABET ,-100,10/24/2011 10:25,0.72,14607,United Kingdom,-72
C575940,23263,SET OF 3 WOODEN HEART DECORATIONS,-12,11/13/2011 11:38,1.25,17838,United Kingdom,-15
C552553,M,Manual,-1,5/10/2011 10:51,334.71,15674,United Kingdom,-334.71
C562958,M,Manual,-1,8/11/2011 10:19,3.25,17531,United Kingdom,-3.25
C566280,22723,SET OF 6 HERB TINS SKETCHBOOK,-1,9/11/2011 14:12,3.95,12748,United Kingdom,-3.95
C541693,84945,MULTI COLOUR SILVER T-LIGHT HOLDER,-6,1/20/2011 17:02,0.85,14309,United Kingdom,-5.1
545561,37379A,Unknown,-9,3/3/2011 16:12,0,Guest,United Kingdom,0
C554300,82486,WOOD S/3 CABINET ANT WHITE FINISH,-1,5/23/2011 14:33,8.95,13455,United Kingdom,-8.95
C563570,21067,VINTAGE RED TEATIME MUG,-23,8/17/2011 14:51,1.06,17949,United Kingdom,-24.38
C579948,21098,CHRISTMAS TOILET ROLL,-3,12/1/2011 10:56,1.25,16376,United Kingdom,-3.75
C556532,79000,MOROCCAN TEA GLASS,-4,6/13/2011 11:53,0.65,13856,United Kingdom,-2.6
C574954,23235,STORAGE TIN VINTAGE LEAF,-1,11/8/2011 9:52,2.89,18223,United Kingdom,-2.89
C552031,22360,GLASS JAR ENGLISH CONFECTIONERY,-10,5/5/2011 18:14,2.55,13089,United Kingdom,-25.5
C558202,23180,MUM'S KITCHEN CLOCK,-1,6/27/2011 13:24,4.95,17841,United Kingdom,-4.95
C566742,22912,YELLOW COAT RACK PARIS FASHION,-2,9/14/2011 14:56,4.95,17422,United Kingdom,-9.9
C572111,22186,RED STAR CARD HOLDER,-3,10/20/2011 19:13,1.95,13136,United Kingdom,-5.85
C577386,23401,RUSTIC MIRROR WITH LACE HEART,-1,11/18/2011 16:54,6.25,18276,United Kingdom,-6.25
C563107,22965,3 TRADITIONAl BISCUIT CUTTERS  SET,-12,8/12/2011 10:17,2.1,12709,Germany,-25.2
551243,51020B,adjust,-53,4/27/2011 11:49,0,Guest,United Kingdom,0
C570828,90169,DAISY HAIR COMB,-6,10/12/2011 13:15,2.55,14911,EIRE,-15.3
C561966,22371,AIRLINE BAG VINTAGE TOKYO 78,-1,8/1/2011 13:11,4.13,Guest,United Kingdom,-4.13
C577350,22302,COFFEE MUG PEARS  DESIGN,-5,11/18/2011 15:35,2.55,14315,United Kingdom,-12.75
C543611,21871,SAVE THE PLANET MUG,-1,2/10/2011 14:38,1.06,17850,United Kingdom,-1.06
C538341,21644,ASSORTED TUTTI FRUTTI HEART BOX,-1,12/10/2010 14:03,1.25,15514,United Kingdom,-1.25
C571023,23112,PARISIENNE CURIO CABINET,-1,10/13/2011 12:18,7.5,15239,United Kingdom,-7.5
C541501,85118,HEART T-LIGHT HOLDER,-7,1/18/2011 15:26,1.25,13458,United Kingdom,-8.75
C576968,82580,BATHROOM METAL SIGN,-25,11/17/2011 11:51,0.55,13668,United Kingdom,-13.75
C567359,23265,SET OF 3 WOODEN TREE DECORATIONS,-1,9/19/2011 16:33,1.25,15201,United Kingdom,-1.25
C536548,20914,SET/5 RED RETROSPOT LID GLASS BOWLS,-1,12/1/2010 14:33,2.95,12472,Germany,-2.95
C557269,22728,ALARM CLOCK BAKELIKE PINK,-1,6/19/2011 11:27,3.75,13097,United Kingdom,-3.75
C566458,22720,SET OF 3 CAKE TINS PANTRY DESIGN ,-1,9/12/2011 17:11,4.95,16191,United Kingdom,-4.95
C559739,17003,BROCADE RING PURSE ,-1,7/12/2011 11:07,57.6,16422,United Kingdom,-57.6
C572110,23295,SET OF 12 MINI LOAF BAKING CASES,-2,10/20/2011 19:11,0.83,14910,United Kingdom,-1.66
C576871,23118,PARISIENNE JEWELLERY DRAWER ,-2,11/16/2011 16:23,7.5,14441,United Kingdom,-15
C564341,AMAZONFEE,AMAZON FEE,-1,8/24/2011 14:53,6662.51,Guest,United Kingdom,-6662.51
C570683,85039C,S/4 BLACK MINI ROSE CANDLE IN BOWL,-1,10/11/2011 16:09,1.65,16161,United Kingdom,-1.65
C546867,85194L,HANGING SPRING FLOWER EGG LARGE,-12,3/17/2011 15:48,0.85,18218,United Kingdom,-10.2
C574955,20979,36 PENCILS TUBE RED RETROSPOT,-16,11/8/2011 9:56,1.25,15066,United Kingdom,-20
549340,20774,Unknown,-11,4/8/2011 11:02,0,Guest,United Kingdom,0
C577385,23661,MILK MAIDS MUG ,-1,11/18/2011 16:53,1.65,14189,United Kingdom,-1.65
C550181,21394,RED POLKADOT BEAKER ,-12,4/14/2011 17:43,0.39,13069,United Kingdom,-4.68
C555880,23169,CLASSIC GLASS COOKIE JAR,-1,6/7/2011 15:32,4.15,15643,United Kingdom,-4.15
C541863,20727,LUNCH BAG  BLACK SKULL.,-1,1/23/2011 16:08,1.45,13798,United Kingdom,-1.45
569875,90195A,check,-45,10/6/2011 15:07,0,Guest,United Kingdom,0
C579890,23374,RED SPOT PAPER GIFT BAG,-1,12/1/2011 8:14,0.82,15197,United Kingdom,-0.82
555824,21043,Unknown,-12,6/7/2011 12:06,0,Guest,United Kingdom,0
C574515,79191B,RETRO PLASTIC POLKA TRAY,-12,11/4/2011 13:38,0.85,15159,United Kingdom,-10.2
C577388,22941,CHRISTMAS LIGHTS 10 REINDEER,-1,11/18/2011 16:58,8.5,14911,EIRE,-8.5
C549921,22423,REGENCY CAKESTAND 3 TIER,-1,4/13/2011 9:53,12.75,15109,United Kingdom,-12.75
C575064,23494,VINTAGE DOILY DELUXE SEWING KIT ,-1,11/8/2011 12:39,5.95,12472,Germany,-5.95
C542537,22558,CLOTHES PEGS RETROSPOT PACK 24 ,-2,1/28/2011 13:54,1.49,12501,Germany,-2.98
C542734,22170,PICTURE FRAME WOOD TRIPLE PORTRAIT,-2,1/31/2011 15:36,6.75,14442,Channel Islands,-13.5
C540142,22960,JAM MAKING SET WITH JARS,-12,1/5/2011 10:50,3.75,12782,Portugal,-45
546016,85172,Dotcom set,-675,3/8/2011 17:21,0,Guest,United Kingdom,0
C575058,22423,REGENCY CAKESTAND 3 TIER,-1,11/8/2011 12:25,10.95,16013,United Kingdom,-10.95
543390,84880,Unknown,-5,2/8/2011 10:02,0,Guest,United Kingdom,0
C564940,23203,JUMBO BAG VINTAGE DOILY ,-200,8/31/2011 13:10,1.79,12931,United Kingdom,-358
C548193,20728,LUNCH BAG CARS BLUE,-1,3/29/2011 15:27,1.65,14680,United Kingdom,-1.65
C570221,22966,GINGERBREAD MAN COOKIE CUTTER,-3,10/9/2011 12:56,1.25,13113,United Kingdom,-3.75
572702,37479P,??,-184,10/25/2011 14:33,0,Guest,United Kingdom,0
C571196,23353,6 GIFT TAGS VINTAGE CHRISTMAS ,-12,10/14/2011 12:02,0.83,Guest,United Kingdom,-9.96
C543175,22763,KEY CABINET MA CAMPAGNE,-2,2/4/2011 9:46,9.95,12712,Germany,-19.9
C542426,21677,HEARTS  STICKERS,-12,1/28/2011 9:32,0.85,14146,United Kingdom,-10.2
C539576,21411,GINGHAM HEART  DOORSTOP RED,-6,12/20/2010 12:25,4.25,14911,EIRE,-25.5
556313,22923,sold as set on dotcom,-12,6/10/2011 10:46,0,Guest,United Kingdom,0
C561613,21623,VINTAGE UNION JACK MEMOBOARD,-1,7/28/2011 12:46,9.95,14194,United Kingdom,-9.95
C539598,21843,RED RETROSPOT CAKE STAND,-11,12/20/2010 13:54,9.95,14299,United Kingdom,-109.45
C541572,22668,PINK BABY BUNTING,-50,1/19/2011 12:39,2.55,15171,United Kingdom,-127.5
537870,21486,Unknown,-77,12/8/2010 17:08,0,Guest,United Kingdom,0
C541821,84818,DANISH ROSE PHOTO FRAME,-3,1/21/2011 16:41,2.55,15281,United Kingdom,-7.65
C572864,85066,CREAM SWEETHEART MINI CHEST,-1,10/26/2011 12:54,12.75,12856,United Kingdom,-12.75
C578073,M,Manual,-36,11/22/2011 16:02,0.32,18139,United Kingdom,-11.52
C555364,84947,ANTIQUE SILVER TEA GLASS ENGRAVED,-2,6/2/2011 14:17,1.25,14903,United Kingdom,-2.5
C541492,85040A,S/4 PINK FLOWER CANDLES IN BOWL,-1,1/18/2011 14:24,1.65,Guest,United Kingdom,-1.65
C557508,23167,SMALL CERAMIC TOP STORAGE JAR ,-480,6/20/2011 16:13,0.69,16684,United Kingdom,-331.2
C580161,POST,POSTAGE,-2,12/2/2011 10:49,18,12700,France,-36
C571695,22693,GROW A FLYTRAP OR SUNFLOWER IN TIN,-48,10/18/2011 14:46,1.25,14776,United Kingdom,-60
C550969,21790,VINTAGE SNAP CARDS,-12,4/21/2011 17:00,0.85,14152,United Kingdom,-10.2
C548851,21313,GLASS HEART T-LIGHT HOLDER ,-1,4/4/2011 13:14,0.64,15311,United Kingdom,-0.64
C574493,23436,VINTAGE CHRISTMAS GIFT BAG LARGE ,-3,11/4/2011 13:09,1.25,14842,United Kingdom,-3.75
C567896,D,Discount,-1,9/22/2011 15:59,18.62,14527,United Kingdom,-18.62
567927,21654,Damaged,-3,9/22/2011 17:28,0,Guest,United Kingdom,0
C581012,37449,CERAMIC CAKE STAND + HANGING CAKES,-1,12/7/2011 9:24,9.95,13014,United Kingdom,-9.95
C559136,23288,GREEN VINTAGE SPOT BEAKER,-1,7/6/2011 13:21,0.72,17511,United Kingdom,-0.72
C548748,22654,DELUXE SEWING KIT ,-6,4/4/2011 12:28,5.95,15223,United Kingdom,-35.7
549158,21910,Unknown,-1,4/6/2011 17:13,0,Guest,United Kingdom,0
C561233,21279,VINTAGE KITCHEN PRINT FRUITS,-3,7/26/2011 10:24,2.55,17422,United Kingdom,-7.65
C545454,22423,REGENCY CAKESTAND 3 TIER,-8,3/2/2011 17:04,10.95,15189,United Kingdom,-87.6
C562709,22659,LUNCH BOX I LOVE LONDON,-1,8/8/2011 14:32,1.65,17511,United Kingdom,-1.65
C544424,22970,LONDON BUS COFFEE MUG,-6,2/18/2011 15:29,2.1,18093,United Kingdom,-12.6
C543917,22941,CHRISTMAS LIGHTS 10 REINDEER,-1,2/14/2011 13:40,8.5,12951,United Kingdom,-8.5
C579502,22946,WOODEN ADVENT CALENDAR CREAM,-1,11/29/2011 16:19,16.95,16759,United Kingdom,-16.95
C544608,22973,CHILDREN'S CIRCUS PARADE MUG,-1,2/22/2011 10:00,1.65,15290,United Kingdom,-1.65
C555105,22726,ALARM CLOCK BAKELIKE GREEN,-1,5/31/2011 14:09,3.75,17841,United Kingdom,-3.75
C574238,D,Discount,-1,11/3/2011 12:39,11.84,13408,United Kingdom,-11.84
C547234,21537,RED RETROSPOT PUDDING BOWL,-1,3/21/2011 16:21,4.25,12428,Finland,-4.25
C545068,84247K,"FOLK ART GREETING CARD,pack/12",-11,2/27/2011 15:07,2.95,14157,United Kingdom,-32.45
C544422,79191C,RETRO PLASTIC ELEPHANT TRAY,-12,2/18/2011 15:22,0.85,12553,France,-10.2
548395,22194,Unknown,-9,3/30/2011 17:20,0,Guest,United Kingdom,0
553147,84879,damaged,-160,5/13/2011 13:58,0,Guest,United Kingdom,0
C541693,22636,CHILDS BREAKFAST SET CIRCUS PARADE,-1,1/20/2011 17:02,8.5,14309,United Kingdom,-8.5
C553026,21868,POTTING SHED TEA MUG,-1,5/12/2011 19:35,1.25,15249,United Kingdom,-1.25
C548187,47590B,PINK HAPPY BIRTHDAY BUNTING,-1,3/29/2011 15:06,5.45,17511,United Kingdom,-5.45
C559347,85032C,CURIOUS IMAGES GIFT WRAP SET,-12,7/7/2011 17:22,0.65,18072,United Kingdom,-7.8
C566084,23172,REGENCY TEA PLATE PINK,-1,9/9/2011 10:11,1.65,12621,Germany,-1.65
C564488,18097C,WHITE TALL PORCELAIN T-LIGHT HOLDER,-4,8/25/2011 14:12,2.55,16859,United Kingdom,-10.2
C569114,22494,EMERGENCY FIRST AID TIN ,-7,9/30/2011 12:50,1.25,14911,EIRE,-8.75
C571860,21181,PLEASE ONE PERSON METAL SIGN,-1,10/19/2011 13:42,2.1,14175,United Kingdom,-2.1
C565752,23237,SET OF 4 KNICK KNACK TINS LEAF,-1,9/6/2011 12:58,4.15,17841,United Kingdom,-4.15
C542138,20866,BLUE ROSE FABRIC MIRROR,-120,1/25/2011 17:21,1.06,17368,United Kingdom,-127.2
581200,84508C,check,-21,12/7/2011 18:27,0,Guest,United Kingdom,0
553548,75131,Unknown,-48,5/17/2011 15:57,0,Guest,United Kingdom,0
C575940,21621,VINTAGE UNION JACK BUNTING,-6,11/13/2011 11:38,8.5,17838,United Kingdom,-51
C544415,22625,RED KITCHEN SCALES,-1,2/18/2011 15:04,8.5,16133,United Kingdom,-8.5
C577775,22776,SWEETHEART 3 TIER CAKE STAND ,-12,11/21/2011 16:00,8.5,12504,Germany,-102
C581490,22178,VICTORIAN GLASS HANGING T-LIGHT,-12,12/9/2011 9:57,1.95,14397,United Kingdom,-23.4
C545438,22697,GREEN REGENCY TEACUP AND SAUCER,-1,3/2/2011 15:54,2.95,14231,United Kingdom,-2.95
C560855,47574A,ENGLISH ROSE SCENTED HANGING FLOWER,-2,7/21/2011 13:00,0.75,14410,United Kingdom,-1.5
C570828,90170,DAISY HAIR BAND,-12,10/12/2011 13:15,1.65,14911,EIRE,-19.8
C577330,S,SAMPLES,-1,11/18/2011 14:16,5.99,Guest,United Kingdom,-5.99
572615,23595,re-adjustment,-5,10/25/2011 11:39,0,Guest,United Kingdom,0
C546897,21937,STRAWBERRY   PICNIC BAG,-2,3/17/2011 18:25,2.95,18183,United Kingdom,-5.9
C578132,75049L,LARGE CIRCULAR MIRROR MOBILE,-1,11/23/2011 10:50,0.85,15502,United Kingdom,-0.85
C579890,84947,ANTIQUE SILVER TEA GLASS ENGRAVED,-1,12/1/2011 8:14,1.25,15197,United Kingdom,-1.25
C574503,23567,EGG CUP HENRIETTA HEN PINK,-1,11/4/2011 13:19,1.25,16191,United Kingdom,-1.25
C577722,23064,CINDERELLA CHANDELIER ,-8,11/21/2011 12:35,10,14607,United Kingdom,-80
C555054,22784,LANTERN CREAM GAZEBO ,-1,5/31/2011 11:32,4.95,14903,United Kingdom,-4.95
559405,22863,Unknown,-7,7/8/2011 10:50,0,Guest,United Kingdom,0
557028,79071B,Unknown,-4,6/16/2011 13:25,0,Guest,United Kingdom,0
C578832,22694,WICKER STAR ,-1,11/25/2011 15:18,2.1,13069,United Kingdom,-2.1
C574525,84659A,WHITE TRAVEL ALARM CLOCK,-1,11/4/2011 13:55,2.55,17841,United Kingdom,-2.55
C571262,21787,RAIN PONCHO RETROSPOT,-360,10/16/2011 10:52,0.85,12901,United Kingdom,-306
C548467,22617,BAKING SET SPACEBOY DESIGN,-2,3/31/2011 12:20,4.95,16619,United Kingdom,-9.9
C570867,21498,RED RETROSPOT WRAP ,-25,10/12/2011 16:17,0.42,12607,USA,-10.5
C562648,22998,TRAVEL CARD WALLET KEEP CALM,-1,8/8/2011 12:56,0.42,14606,United Kingdom,-0.42
C573864,22386,JUMBO BAG PINK POLKADOT,-1,11/1/2011 11:55,1.79,15311,United Kingdom,-1.79
C569989,22950,36 DOILIES VINTAGE CHRISTMAS,-12,10/6/2011 20:08,1.45,16839,United Kingdom,-17.4
C542218,22494,EMERGENCY FIRST AID TIN ,-1,1/26/2011 12:36,1.25,14606,United Kingdom,-1.25
C570221,21976,PACK OF 60 MUSHROOM CAKE CASES,-5,10/9/2011 12:56,0.55,13113,United Kingdom,-2.75
C575035,20728,LUNCH BAG CARS BLUE,-1,11/8/2011 11:38,1.65,15005,United Kingdom,-1.65
C545511,21987,PACK OF 6 SKULL PAPER CUPS,-1,3/3/2011 11:57,0.65,18198,United Kingdom,-0.65
C570845,23327,HANGING CLEAR MINI BOTTLE,-4,10/12/2011 14:29,0.55,17017,United Kingdom,-2.2
C540158,22423,REGENCY CAKESTAND 3 TIER,-2,1/5/2011 11:42,10.95,12471,Germany,-21.9
536997,22028,Unknown,-20,12/3/2010 15:30,0,Guest,United Kingdom,0
546551,84563A,Unknown,-10,3/14/2011 17:33,0,Guest,United Kingdom,0
537427,84968B,Unknown,-21,12/6/2010 15:37,0,Guest,United Kingdom,0
C541231,22800,ANTIQUE TALL SWIRLGLASS TRINKET POT,-1,1/14/2011 16:55,3.75,13455,United Kingdom,-3.75
C570471,23169,CLASSIC GLASS COOKIE JAR,-3,10/10/2011 16:37,3.75,13408,United Kingdom,-11.25
C560540,22973,CHILDREN'S CIRCUS PARADE MUG,-1,7/19/2011 12:26,1.65,12415,Australia,-1.65
C569981,22314,OFFICE MUG WARMER CHOC+BLUE,-2,10/6/2011 19:36,2.95,12679,France,-5.9
C551464,22748,POPPY'S PLAYHOUSE KITCHEN,-6,4/28/2011 16:15,2.1,13085,United Kingdom,-12.6
C569951,23000,TRAVEL CARD WALLET TRANSPORT,-2,10/6/2011 18:29,0.42,16394,United Kingdom,-0.84
C553906,23056,FLOWERS CHANDELIER T-LIGHT HOLDER,-2,5/19/2011 18:13,6.25,16554,United Kingdom,-12.5
C569911,84946,ANTIQUE SILVER T-LIGHT GLASS,-1,10/6/2011 16:47,1.25,16653,United Kingdom,-1.25
C580954,21429,RED GINGHAM ROSE JEWELLERY BOX,-25,12/6/2011 14:19,1.65,12967,United Kingdom,-41.25
C545833,22178,VICTORIAN GLASS HANGING T-LIGHT,-3,3/7/2011 13:14,1.06,16013,United Kingdom,-3.18
C573037,23368,SET 12 COLOUR PENCILS DOLLY GIRL ,-3,10/27/2011 13:45,0.65,12471,Germany,-1.95
C546323,22064,PINK DOUGHNUT TRINKET POT ,-2,3/11/2011 9:48,1.65,13975,United Kingdom,-3.3
C556647,20750,RED RETROSPOT MINI CASES,-2,6/13/2011 16:14,7.95,13012,United Kingdom,-15.9
C540793,22942,CHRISTMAS LIGHTS 10 SANTAS ,-1,1/11/2011 11:53,8.5,14295,United Kingdom,-8.5
C568562,22654,DELUXE SEWING KIT ,-1,9/27/2011 16:48,5.95,17002,United Kingdom,-5.95
C550647,47599B,BLUE PARTY BAGS ,-2,4/19/2011 16:33,2.1,13134,United Kingdom,-4.2
C558106,21467,CHERRY CROCHET FOOD COVER,-1,6/26/2011 14:59,3.75,13668,United Kingdom,-3.75
C578076,M,Manual,-24,11/22/2011 16:18,0.56,18139,United Kingdom,-13.44
C561212,21735,TWO DOOR CURIO CABINET,-1,7/25/2011 17:00,12.75,17175,United Kingdom,-12.75
C557654,23243,SET OF TEA COFFEE SUGAR TINS PANTRY,-1,6/21/2011 17:34,4.95,14243,United Kingdom,-4.95
C555196,20970,PINK FLORAL FELTCRAFT SHOULDER BAG,-1,6/1/2011 11:40,3.75,14606,United Kingdom,-3.75
C570889,22960,JAM MAKING SET WITH JARS,-1,10/13/2011 10:49,4.25,13954,United Kingdom,-4.25
555387,22276,Unknown,-59,6/2/2011 15:30,0,Guest,United Kingdom,0
C567691,22774,RED DRAWER KNOB ACRYLIC EDWARDIAN,-1,9/21/2011 17:04,1.25,17567,United Kingdom,-1.25
569886,90191,??,-60,10/6/2011 15:24,0,Guest,United Kingdom,0
C549666,22469,HEART OF WICKER SMALL,-1,4/11/2011 12:17,1.65,13113,United Kingdom,-1.65
C558716,22998,TRAVEL CARD WALLET KEEP CALM,-24,7/1/2011 13:22,0.42,17888,United Kingdom,-10.08
C569955,23322,LARGE WHITE HEART OF WICKER,-2,10/6/2011 18:35,2.95,17644,United Kingdom,-5.9
556691,23005,printing smudges/thrown away,-9600,6/14/2011 10:37,0,Guest,United Kingdom,0
C548471,22776,SWEETHEART CAKESTAND 3 TIER,-1,3/31/2011 12:38,9.95,14267,United Kingdom,-9.95
C570867,22734,SET OF 6 RIBBONS VINTAGE CHRISTMAS,-6,10/12/2011 16:17,2.89,12607,USA,-17.34
C556896,21792,CLASSIC FRENCH STYLE BASKET GREEN ,-1,6/15/2011 12:51,3.95,12843,United Kingdom,-3.95
C568879,21936,RED RETROSPOT PICNIC BAG,-19,9/29/2011 12:38,2.95,14680,United Kingdom,-56.05
C571507,23511,EMBROIDERED RIBBON REEL EMILY ,-5,10/17/2011 15:24,2.08,13919,Denmark,-10.4
C571695,22522,CHILDS GARDEN FORK BLUE ,-12,10/18/2011 14:46,0.85,14776,United Kingdom,-10.2
C575159,22665,RECIPE BOX BLUE SKETCHBOOK DESIGN,-3,11/8/2011 16:21,2.55,15513,United Kingdom,-7.65
571124,72802A,Wet pallet-thrown away,-306,10/14/2011 9:36,0,Guest,United Kingdom,0
C539576,47559B,TEA TIME OVEN GLOVE,-20,12/20/2010 12:25,1.25,14911,EIRE,-25
C570290,22633,HAND WARMER UNION JACK,-12,10/10/2011 11:54,2.1,14665,United Kingdom,-25.2
C539100,22766,PHOTO FRAME CORNICE,-2,12/16/2010 10:30,2.95,16996,United Kingdom,-5.9
537017,47556B,Unknown,-69,12/3/2010 15:41,0,Guest,United Kingdom,0
C562147,22699,ROSES REGENCY TEACUP AND SAUCER ,-1,8/3/2011 10:47,2.95,16180,United Kingdom,-2.95
C564903,84843,WHITE SOAP RACK WITH 2 BOTTLES,-1,8/31/2011 12:05,5.95,16984,United Kingdom,-5.95
C569495,21843,RED RETROSPOT CAKE STAND,-1,10/4/2011 13:43,10.95,Guest,Hong Kong,-10.95
C553903,22424,ENAMEL BREAD BIN CREAM,-8,5/19/2011 18:08,10.95,17671,United Kingdom,-87.6
C569976,22963,JAM JAR WITH GREEN LID,-1,10/6/2011 19:26,0.85,16747,United Kingdom,-0.85
C553840,22423,REGENCY CAKESTAND 3 TIER,-2,5/19/2011 12:15,10.95,12471,Germany,-21.9
C571196,22809,SET OF 6 T-LIGHTS SANTA,-6,10/14/2011 12:02,2.95,Guest,United Kingdom,-17.7
C564964,22697,GREEN REGENCY TEACUP AND SAUCER,-1,8/31/2011 15:00,2.95,17315,United Kingdom,-2.95
C557467,23239,SET OF 4 KNICK KNACK TINS POPPIES,-1,6/20/2011 13:13,4.15,17157,United Kingdom,-4.15
C536854,22158,3 HEARTS HANGING DECORATION RUSTIC,-1,12/3/2010 10:09,2.95,15240,United Kingdom,-2.95
C537251,21891,TRADITIONAL WOODEN SKIPPING ROPE,-3,12/6/2010 10:45,1.25,Guest,United Kingdom,-3.75
C545834,21844,RED RETROSPOT MUG,-1,3/7/2011 13:16,2.95,13458,United Kingdom,-2.95
C561059,21035,SET/2 RED RETROSPOT TEA TOWELS ,-100,7/24/2011 13:26,2.75,13802,United Kingdom,-275
542572,85064,Unknown,-1,1/28/2011 14:54,0,Guest,United Kingdom,0
C538376,20728,LUNCH BAG CARS BLUE,-1,12/12/2010 11:21,1.65,16393,United Kingdom,-1.65
C554100,15044D,RED PAPER PARASOL,-1,5/22/2011 13:27,2.95,15555,United Kingdom,-2.95
C576831,23056,FLOWERS CHANDELIER T-LIGHT HOLDER,-144,11/16/2011 14:56,1,12748,United Kingdom,-144
C552339,22925,BLUE GIANT GARDEN THERMOMETER,-1,5/9/2011 12:04,5.95,14667,United Kingdom,-5.95
573919,21352,check,-23,11/1/2011 17:39,0,Guest,United Kingdom,0
565063,21175,Unknown,-18,8/31/2011 17:15,0,Guest,United Kingdom,0
570110,22570,?,-74,10/7/2011 12:27,0,Guest,United Kingdom,0
C555563,15060B,FAIRY CAKE DESIGN UMBRELLA,-1,6/5/2011 14:48,3.75,17841,United Kingdom,-3.75
553041,22521,Unknown,-9,5/13/2011 9:01,0,Guest,United Kingdom,0
C570828,90108,BLUE BLOSSOM HAIR CLIP,-10,10/12/2011 13:15,1.05,14911,EIRE,-10.5
C549430,84750A,PINK SMALL GLASS CAKE STAND,-3,4/8/2011 12:09,1.95,13846,United Kingdom,-5.85
C555364,22784,LANTERN CREAM GAZEBO ,-1,6/2/2011 14:17,4.95,14903,United Kingdom,-4.95
C580968,23523,WALL ART TREASURE AHOY ,-6,12/6/2011 14:57,3.75,15622,United Kingdom,-22.5
C558359,S,SAMPLES,-1,6/28/2011 15:10,570,Guest,United Kingdom,-570
C570867,22706,WRAP COWBOYS  ,-25,10/12/2011 16:17,0.42,12607,USA,-10.5
C540246,35400,WOODEN BOX ADVENT CALENDAR ,-1,1/5/2011 15:43,8.95,13081,United Kingdom,-8.95
C547187,37450,CERAMIC CAKE BOWL + HANGING CAKES,-1,3/21/2011 12:20,2.95,12779,Poland,-2.95
C571750,M,Manual,-1,10/19/2011 11:16,2118.74,12744,Singapore,-2118.74
C559079,21927,BLUE/CREAM STRIPE CUSHION COVER ,-1,7/6/2011 10:44,1.25,17841,United Kingdom,-1.25
C576850,23404,HOME SWEET HOME BLACKBOARD,-1,11/16/2011 15:40,4.95,13924,United Kingdom,-4.95
C550181,21242,RED RETROSPOT PLATE ,-10,4/14/2011 17:43,1.69,13069,United Kingdom,-16.9
C571695,22998,TRAVEL CARD WALLET KEEP CALM,-24,10/18/2011 14:46,0.42,14776,United Kingdom,-10.08
C571634,M,Manual,-1,10/18/2011 11:34,79.2,16029,United Kingdom,-79.2
C553569,22796,PHOTO FRAME 3 CLASSIC HANGING,-2,5/18/2011 9:23,9.95,16116,United Kingdom,-19.9
C580749,22795,SWEETHEART RECIPE BOOK STAND,-6,12/6/2011 9:49,0.7,18167,United Kingdom,-4.2
C566671,20726,LUNCH BAG WOODLAND,-1,9/14/2011 11:39,1.65,17841,United Kingdom,-1.65
540549,21587,Unknown,-53,1/10/2011 9:07,0,Guest,United Kingdom,0
C581071,85099C,JUMBO  BAG BAROQUE BLACK WHITE,-1,12/7/2011 11:27,2.08,12375,Finland,-2.08
C555361,23165,LARGE CERAMIC TOP STORAGE JAR,-1,6/2/2011 14:12,1.65,13308,United Kingdom,-1.65
C561608,22423,REGENCY CAKESTAND 3 TIER,-1,7/28/2011 12:19,12.75,15827,United Kingdom,-12.75
C562953,23206,LUNCH BAG APPLE DESIGN,-1,8/11/2011 10:12,1.65,16180,United Kingdom,-1.65
C559136,37340,MULTICOLOUR SPRING FLOWER MUG,-1,7/6/2011 13:21,0.39,17511,United Kingdom,-0.39
C537746,22156,HEART DECORATION WITH PEARLS ,-1,12/8/2010 11:03,0.85,15021,United Kingdom,-0.85
C547230,20914,SET/5 RED RETROSPOT LID GLASS BOWLS,-2,3/21/2011 16:06,2.95,18189,United Kingdom,-5.9
C541863,20711,JUMBO BAG TOYS ,-4,1/23/2011 16:08,1.65,13798,United Kingdom,-6.6
C545502,20711,JUMBO BAG TOYS ,-10,3/3/2011 11:33,1.95,15078,United Kingdom,-19.5
C560409,22784,LANTERN CREAM GAZEBO ,-3,7/18/2011 14:24,4.95,16717,United Kingdom,-14.85
C576230,22781,GUMBALL MAGAZINE RACK,-1,11/14/2011 13:15,7.65,17602,United Kingdom,-7.65
C566889,AMAZONFEE,AMAZON FEE,-1,9/15/2011 13:50,5522.14,Guest,United Kingdom,-5522.14
C572469,85099B,JUMBO BAG RED RETROSPOT,-1,10/24/2011 13:31,2.08,13534,United Kingdom,-2.08
C542540,POST,POSTAGE,-1,1/28/2011 14:20,4.41,Guest,United Kingdom,-4.41
C573228,22367,CHILDRENS APRON SPACEBOY DESIGN,-1,10/28/2011 11:54,1.95,16764,United Kingdom,-1.95
C564955,22796,PHOTO FRAME 3 CLASSIC HANGING,-2,8/31/2011 13:39,9.95,15786,United Kingdom,-19.9
C556678,23064,CINDERELLA CHANDELIER ,-4,6/13/2011 17:21,41.75,13658,United Kingdom,-167
C558553,23170,REGENCY TEA PLATE ROSES ,-576,6/30/2011 12:44,1.45,17949,United Kingdom,-835.2
542558,35644,Unknown,-1,1/28/2011 14:51,0,Guest,United Kingdom,0
C551948,22169,FAMILY ALBUM WHITE PICTURE FRAME,-1,5/5/2011 11:21,7.65,17511,United Kingdom,-7.65
C562687,22287,DECORATION WOBBLY CHICKEN,-12,8/8/2011 13:53,0.39,15157,United Kingdom,-4.68
579755,84912B,damaged,-14,11/30/2011 14:54,0,Guest,United Kingdom,0
C537406,22927,GREEN GIANT GARDEN THERMOMETER,-4,12/6/2010 14:53,5.95,15502,United Kingdom,-23.8
C542245,22729,ALARM CLOCK BAKELIKE ORANGE,-1,1/26/2011 15:06,3.75,13098,United Kingdom,-3.75
C555258,22839,3 TIER CAKE TIN GREEN AND CREAM,-1,6/1/2011 15:29,14.95,12947,United Kingdom,-14.95
C560409,22704,WRAP RED APPLES ,-25,7/18/2011 14:24,0.42,16717,United Kingdom,-10.5
C559344,22606,WOODEN SKITTLES GARDEN SET,-1,7/7/2011 17:09,15.95,17837,United Kingdom,-15.95
C562267,23193,BUFFALO BILL TREASURE BOOK BOX,-3,8/3/2011 16:33,2.25,14056,United Kingdom,-6.75
C575592,22080,RIBBON REEL POLKADOTS ,-10,11/10/2011 12:10,1.65,12619,Germany,-16.5
C579948,21730,GLASS STAR FROSTED T-LIGHT HOLDER,-1,12/1/2011 10:56,4.95,16376,United Kingdom,-4.95
538042,21763,Unknown,-4,12/9/2010 13:10,0,Guest,United Kingdom,0
C558764,23243,SET OF TEA COFFEE SUGAR TINS PANTRY,-8,7/3/2011 13:08,4.95,15023,United Kingdom,-39.6
558451,21817,Unknown,-80,6/29/2011 13:41,0,Guest,United Kingdom,0
C563948,21670,BLUE SPOT CERAMIC DRAWER KNOB,-6,8/22/2011 10:30,1.25,13089,United Kingdom,-7.5
C560909,20725,LUNCH BAG RED RETROSPOT,-1,7/21/2011 17:56,1.65,13590,United Kingdom,-1.65
C564900,20969,RED FLORAL FELTCRAFT SHOULDER BAG,-1,8/31/2011 11:34,3.75,12948,United Kingdom,-3.75
C553865,S,SAMPLES,-1,5/19/2011 14:10,16.5,Guest,United Kingdom,-16.5
547597,17011F,Unknown,-18,3/24/2011 11:21,0,Guest,United Kingdom,0
C559461,21930,JUMBO STORAGE BAG SKULLS,-1,7/8/2011 13:04,2.08,14680,United Kingdom,-2.08
C541232,22720,SET OF 3 CAKE TINS PANTRY DESIGN ,-1,1/14/2011 16:58,4.95,16235,United Kingdom,-4.95
C559953,23169,CLASSIC GLASS COOKIE JAR,-3,7/14/2011 11:00,4.15,13815,Germany,-12.45
C565962,23205,CHARLOTTE BAG VINTAGE ALPHABET ,-1,9/8/2011 11:25,0.85,14410,United Kingdom,-0.85
540012,22502,reverse 21/5/10 adjustment,-100,1/4/2011 11:14,0,Guest,United Kingdom,0
C540243,22778,GLASS CLOCHE SMALL,-1,1/5/2011 15:32,3.95,12585,Germany,-3.95
C580698,22993,SET OF 4 PANTRY JELLY MOULDS,-12,12/5/2011 16:12,1.25,17426,United Kingdom,-15
C538081,22630,DOLLY GIRL LUNCH BOX,-33,12/9/2010 14:29,1.95,16898,United Kingdom,-64.35
C569851,22197,POPCORN HOLDER,-1,10/6/2011 14:02,0.72,17511,United Kingdom,-0.72
560722,16049,Unknown,-31,7/20/2011 13:37,0,Guest,United Kingdom,0
C548356,22444,GROW YOUR OWN PLANT IN A CAN ,-3,3/30/2011 15:12,1.25,12472,Germany,-3.75
C557946,84949,SILVER HANGING T-LIGHT HOLDER,-9,6/23/2011 16:13,1.65,17340,United Kingdom,-14.85
C569655,22963,JAM JAR WITH GREEN LID,-12,10/5/2011 12:58,0.85,14534,United Kingdom,-10.2
C572556,21098,CHRISTMAS TOILET ROLL,-36,10/24/2011 17:26,1.06,17317,United Kingdom,-38.16
C537314,21349,IVY HEART WREATH,-4,12/6/2010 11:42,6.75,13497,United Kingdom,-27
C567681,22417,PACK OF 60 SPACEBOY CAKE CASES,-22,9/21/2011 16:24,0.55,15433,United Kingdom,-12.1
C576921,23210,WHITE ROCKING HORSE HAND PAINTED,-20,11/17/2011 10:51,1.25,17613,United Kingdom,-25
545236,22797,damages,-15,3/1/2011 10:32,0,Guest,United Kingdom,0
C561239,22426,ENAMEL WASH BOWL CREAM,-1,7/26/2011 10:32,3.75,Guest,EIRE,-3.75
C539644,22968,ROSE COTTAGE KEEPSAKE BOX ,-1,12/20/2010 15:52,9.95,12471,Germany,-9.95
C565615,23249,VINTAGE RED ENAMEL TRIM PLATE,-6,9/5/2011 15:20,1.65,12683,France,-9.9
C575653,22306,SILVER MUG BONE CHINA TREE OF LIFE,-1,11/10/2011 14:28,1.06,13988,United Kingdom,-1.06
C565681,22332,SKULLS PARTY BAG + STICKER SET,-8,9/6/2011 10:42,1.65,15521,United Kingdom,-13.2
547994,21228,Unknown,-7,3/29/2011 10:18,0,Guest,United Kingdom,0
C538059,21975,PACK OF 60 DINOSAUR CAKE CASES,-24,12/9/2010 13:38,0.55,14205,United Kingdom,-13.2
C557709,22720,SET OF 3 CAKE TINS PANTRY DESIGN ,-2,6/22/2011 10:39,4.95,15840,United Kingdom,-9.9
C555881,22907,PACK OF 20 NAPKINS PANTRY DESIGN,-12,6/7/2011 15:37,0.85,12473,Germany,-10.2
561108,46775D,Unknown,-7,7/25/2011 11:43,0,Guest,United Kingdom,0
556943,84809A,Unknown,-126,6/15/2011 16:54,0,Guest,United Kingdom,0
C568575,85034A,3 GARDENIA MORRIS BOXED CANDLES,-2,9/28/2011 9:22,4.25,13134,United Kingdom,-8.5
C556457,37449,CERAMIC CAKE STAND + HANGING CAKES,-5,6/10/2011 16:50,6.75,15856,United Kingdom,-33.75
C550170,22960,JAM MAKING SET WITH JARS,-3,4/14/2011 16:43,4.25,17017,United Kingdom,-12.75
C580392,84247E,PACK OF 12 CHRISTMAS FUN CARDS,-12,12/4/2011 10:46,2.95,16283,United Kingdom,-35.4
C575155,90176A,CLASSIC DIAMANTE NECKLACE JET,-1,11/8/2011 16:17,7.5,13709,United Kingdom,-7.5
C546217,23006,TRAVEL CARD WALLET FLOWER MEADOW,-24,3/10/2011 12:04,0.42,14057,United Kingdom,-10.08
C537602,85099B,JUMBO BAG RED RETROSPOT,-1,12/7/2010 12:45,1.65,17511,United Kingdom,-1.65
C562022,22960,JAM MAKING SET WITH JARS,-2,8/1/2011 15:39,3.75,17389,United Kingdom,-7.5
C542038,22727,ALARM CLOCK BAKELIKE RED ,-1,1/25/2011 11:47,3.75,14534,United Kingdom,-3.75
570873,23322,mouldy,-40,10/12/2011 16:41,0,Guest,United Kingdom,0
C569636,22996,TRAVEL CARD WALLET VINTAGE TICKET,-4,10/5/2011 12:14,0.42,12841,United Kingdom,-1.68
C537647,AMAZONFEE,AMAZON FEE,-1,12/7/2010 15:41,5519.25,Guest,United Kingdom,-5519.25
C569233,22350,ILLUSTRATED CAT BOWL ,-1,10/2/2011 15:26,2.55,17841,United Kingdom,-2.55
C543611,82494L,WOODEN FRAME ANTIQUE WHITE ,-12,2/10/2011 14:38,2.55,17850,United Kingdom,-30.6
C565848,21669,BLUE STRIPE CERAMIC DRAWER KNOB,-12,9/7/2011 12:48,1.45,14606,United Kingdom,-17.4
C576216,22960,JAM MAKING SET WITH JARS,-3,11/14/2011 12:56,4.25,12584,Italy,-12.75
C537402,22196,SMALL HEART MEASURING SPOONS,-12,12/6/2010 14:43,0.85,15502,United Kingdom,-10.2
C579521,22307,GOLD MUG BONE CHINA TREE OF LIFE,-6,11/29/2011 18:19,1.06,12748,United Kingdom,-6.36
C549912,22138,BAKING SET 9 PIECE RETROSPOT ,-1,4/13/2011 9:02,4.95,15737,United Kingdom,-4.95
C550195,21231,SWEETHEART CERAMIC TRINKET BOX,-1,4/15/2011 9:55,1.25,14796,United Kingdom,-1.25
C557663,C2,CARRIAGE,-1,6/21/2011 17:59,15,Guest,EIRE,-15
C568157,22383,LUNCH BAG SUKI DESIGN ,-1,9/25/2011 12:18,1.65,14367,United Kingdom,-1.65
C555881,20981,12 PENCILS TALL TUBE WOODLAND,-4,6/7/2011 15:37,0.85,12473,Germany,-3.4
C567641,23165,LARGE CERAMIC TOP STORAGE JAR,-2,9/21/2011 14:13,1.45,12409,Switzerland,-2.9
C569996,23112,PARISIENNE CURIO CABINET,-2,10/6/2011 20:38,7.5,15322,United Kingdom,-15
545599,22272,Unknown,-140,3/4/2011 11:17,0,Guest,United Kingdom,0
C559667,23168,CLASSIC CAFE SUGAR DISPENSER,-2,7/11/2011 13:38,1.25,13267,United Kingdom,-2.5
C572343,23056,FLOWERS CHANDELIER T-LIGHT HOLDER,-240,10/24/2011 10:40,5.39,14607,United Kingdom,-1293.6
C569985,23120,PACK OF 6 SMALL FRUIT STRAWS,-24,10/6/2011 19:51,0.42,15365,United Kingdom,-10.08
565069,20665,Unknown,-49,8/31/2011 17:18,0,Guest,United Kingdom,0
C567681,23208,LUNCH BAG VINTAGE LEAF DESIGN,-2,9/21/2011 16:24,1.65,15433,United Kingdom,-3.3
C577154,75049L,LARGE CIRCULAR MIRROR MOBILE,-35,11/18/2011 9:55,0.85,15502,United Kingdom,-29.75
C546948,S,SAMPLES,-1,3/18/2011 11:20,65.85,Guest,United Kingdom,-65.85
C542787,21319,GLASS CHALICE GREEN  SMALL ,-1,2/1/2011 10:22,1.65,15864,United Kingdom,-1.65
C580711,85066,CREAM SWEETHEART MINI CHEST,-1,12/5/2011 16:36,12.75,16057,United Kingdom,-12.75
C564899,M,Manual,-480,8/31/2011 11:31,0.22,14646,Netherlands,-105.6
C578142,23569,TRADTIONAL ALPHABET STAMP SET,-2,11/23/2011 11:04,4.95,17010,United Kingdom,-9.9
C554848,85170B,SET/6 BLACK BIRD T-LIGHT CANDLES,-1,5/26/2011 19:56,2.1,13659,United Kingdom,-2.1
538043,22833,Unknown,-1,12/9/2010 13:10,0,Guest,United Kingdom,0
C577737,23221,REINDEER HEART DECORATION SILVER,-24,11/21/2011 13:25,0.83,15681,United Kingdom,-19.92
C572059,21242,RED RETROSPOT PLATE ,-12,10/20/2011 12:45,1.69,17346,United Kingdom,-20.28
C567330,84030E,ENGLISH ROSE HOT WATER BOTTLE,-1,9/19/2011 14:46,4.25,13552,United Kingdom,-4.25
C546893,22502,PICNIC BASKET WICKER SMALL,-1,3/17/2011 18:20,4.95,14156,EIRE,-4.95
C560372,M,Manual,-1,7/18/2011 12:26,4287.63,17448,United Kingdom,-4287.63
C579929,85034C,3 ROSE MORRIS BOXED CANDLES,-1,12/1/2011 9:34,1.25,17828,Malta,-1.25
C576968,23035,DRAWER KNOB CERAMIC IVORY,-3,11/17/2011 11:51,1.45,13668,United Kingdom,-4.35
C581409,82482,WOODEN PICTURE FRAME WHITE FINISH,-1,12/8/2011 14:08,2.95,12476,Germany,-2.95
556309,22856,sold as set on dotcom,-30,6/10/2011 10:44,0,Guest,United Kingdom,0
C559659,21166,COOK WITH WINE METAL SIGN ,-1,7/11/2011 13:07,2.08,14796,United Kingdom,-2.08
C557224,22778,GLASS CLOCHE SMALL,-5,6/17/2011 13:22,3.39,15311,United Kingdom,-16.95
C541863,22065,CHRISTMAS PUDDING TRINKET POT ,-2,1/23/2011 16:08,1.25,13798,United Kingdom,-2.5
C549930,M,Manual,-1,4/13/2011 10:36,15.05,16454,United Kingdom,-15.05
549355,84899F,Unknown,-5,4/8/2011 11:21,0,Guest,United Kingdom,0
C553032,22148,EASTER CRAFT 4 CHICKS ,-12,5/12/2011 19:44,1.95,13320,United Kingdom,-23.4
C571059,84879,ASSORTED COLOUR BIRD ORNAMENT,-7,10/13/2011 14:27,1.69,17813,United Kingdom,-11.83
C577752,22697,GREEN REGENCY TEACUP AND SAUCER,-1,11/21/2011 14:37,2.95,16670,United Kingdom,-2.95
C551015,22661,CHARLOTTE BAG DOLLY GIRL DESIGN,-1,4/26/2011 11:06,0.72,12753,Japan,-0.72
C569034,22489,PACK OF 12 TRADITIONAL CRAYONS,-1,9/30/2011 10:42,0.42,16240,United Kingdom,-0.42
C546496,22927,GREEN GIANT GARDEN THERMOMETER,-1,3/14/2011 11:44,5.95,17646,United Kingdom,-5.95
C567627,22768,FAMILY PHOTO FRAME CORNICE,-1,9/21/2011 13:01,9.95,17511,United Kingdom,-9.95
C565848,85099B,JUMBO BAG RED RETROSPOT,-4,9/7/2011 12:48,2.08,14606,United Kingdom,-8.32
545554,22988,Unknown,-70,3/3/2011 15:12,0,Guest,United Kingdom,0
555331,84800L,wet damaged,-144,6/2/2011 11:11,0,Guest,United Kingdom,0
C548453,22892,SET OF SALT AND PEPPER TOADSTOOLS,-6,3/31/2011 11:37,1.25,17428,United Kingdom,-7.5
C566185,22637,PIGGY BANK RETROSPOT ,-1,9/9/2011 13:02,2.1,18167,United Kingdom,-2.1
C550174,22228,BUNNY WOODEN PAINTED WITH BIRD ,-2,4/14/2011 17:07,0.85,16394,United Kingdom,-1.7
C546854,22667,RECIPE BOX RETROSPOT ,-1,3/17/2011 13:55,2.95,17511,United Kingdom,-2.95
C546664,22504,CABIN BAG VINTAGE RETROSPOT,-1,3/15/2011 14:41,29.95,16061,United Kingdom,-29.95
C569989,23293,SET OF 12 FAIRY CAKE BAKING CASES,-6,10/6/2011 20:08,0.83,16839,United Kingdom,-4.98
559423,71143,Unknown,-14,7/8/2011 12:06,0,Guest,United Kingdom,0
C557773,22854,CREAM SWEETHEART EGG HOLDER,-1,6/22/2011 14:55,4.95,15059,United Kingdom,-4.95
C538341,22727,ALARM CLOCK BAKELIKE RED ,-1,12/10/2010 14:03,3.75,15514,United Kingdom,-3.75
556260,37340,sold as set on dotcom,-18,6/9/2011 18:02,0,Guest,United Kingdom,0
C568830,23286,BLUE VINTAGE SPOT BEAKER,-40,9/29/2011 11:34,0.85,13725,United Kingdom,-34
C564545,20724,RED RETROSPOT CHARLOTTE BAG,-1,8/25/2011 16:08,0.85,14188,United Kingdom,-0.85
C543659,21198,WHITE HEART CONFETTI IN TUBE,-48,2/11/2011 10:40,0.42,16730,United Kingdom,-20.16
C556675,M,Manual,-1,6/13/2011 17:13,20,16013,United Kingdom,-20
C540937,22654,DELUXE SEWING KIT ,-6,1/12/2011 12:09,5.95,14748,United Kingdom,-35.7
C577350,84978,HANGING HEART JAR T-LIGHT HOLDER,-3,11/18/2011 15:35,1.25,14315,United Kingdom,-3.75
556308,22130,sold as set on dotcom,-390,6/10/2011 10:43,0,Guest,United Kingdom,0
C557413,21626,VINTAGE UNION JACK PENNANT,-1,6/20/2011 11:39,1.95,14701,United Kingdom,-1.95
C540942,85066,CREAM SWEETHEART MINI CHEST,-2,1/12/2011 12:30,10.95,13113,United Kingdom,-21.9
C555358,22699,ROSES REGENCY TEACUP AND SAUCER ,-1,6/2/2011 13:43,2.95,13854,United Kingdom,-2.95
C560045,71477,COLOUR GLASS. STAR T-LIGHT HOLDER,-1,7/14/2011 14:51,2.75,16779,United Kingdom,-2.75
C555255,22423,REGENCY CAKESTAND 3 TIER,-4,6/1/2011 15:19,10.95,17621,United Kingdom,-43.8
C545453,22960,JAM MAKING SET WITH JARS,-1,3/2/2011 16:57,4.25,14639,United Kingdom,-4.25
C562921,22423,REGENCY CAKESTAND 3 TIER,-2,8/10/2011 14:17,12.75,13767,United Kingdom,-25.5
C567681,84991,60 TEATIME FAIRY CAKE CASES,-22,9/21/2011 16:24,0.55,15433,United Kingdom,-12.1
C572334,23199,JUMBO BAG APPLES,-100,10/24/2011 10:25,1.79,14607,United Kingdom,-179
C569953,21925,UNION STRIPE CUSHION COVER ,-2,10/6/2011 18:31,1.25,15841,United Kingdom,-2.5
C557142,84378,SET OF 3 HEART COOKIE CUTTERS,-12,6/17/2011 10:06,1.25,12678,France,-15
C569950,22470,HEART OF WICKER LARGE,-1,10/6/2011 18:28,2.95,13499,United Kingdom,-2.95
C557664,22847,BREAD BIN DINER STYLE IVORY,-1,6/21/2011 18:00,14.95,Guest,EIRE,-14.95
C551863,84625C,BLUE NEW BAROQUE CANDLESTICK CANDLE,-1,5/4/2011 16:12,0.85,16145,United Kingdom,-0.85
C571029,22144,CHRISTMAS CRAFT LITTLE FRIENDS,-12,10/13/2011 12:23,2.1,13035,United Kingdom,-25.2
C575042,35970,ZINC FOLKART SLEIGH BELLS,-1,11/8/2011 12:05,1.69,16764,United Kingdom,-1.69
C580919,23408,PHOTO FRAME LINEN AND LACE SMALL,-6,12/6/2011 14:07,2.08,16571,United Kingdom,-12.48
549179,84007,Unknown,-3,4/6/2011 17:34,0,Guest,United Kingdom,0
566712,22030,??,-635,9/14/2011 12:04,0,Guest,United Kingdom,0
C549253,20712,JUMBO BAG WOODLAND ANIMALS,-1,4/7/2011 12:20,2.08,12408,Belgium,-2.08
C557519,21844,RED RETROSPOT MUG,-1,6/20/2011 17:15,2.95,16739,United Kingdom,-2.95
C540158,22649,STRAWBERRY FAIRY CAKE TEAPOT,-2,1/5/2011 11:42,4.95,12471,Germany,-9.9
C568879,21479,WHITE SKULL HOT WATER BOTTLE ,-22,9/29/2011 12:38,3.75,14680,United Kingdom,-82.5
C564751,22768,FAMILY PHOTO FRAME CORNICE,-1,8/30/2011 10:06,9.95,17828,Malta,-9.95
C570835,23236,STORAGE TIN VINTAGE DOILY ,-5,10/12/2011 13:46,2.89,12457,Switzerland,-14.45
C565050,21791,VINTAGE HEADS AND TAILS CARD GAME ,-12,8/31/2011 17:10,1.25,12381,Norway,-15
C544830,22059,CERAMIC STRAWBERRY DESIGN MUG,-6,2/24/2011 9:59,1.49,13118,United Kingdom,-8.94
C569995,22436,12 COLOURED PARTY BALLOONS,-20,10/6/2011 20:36,0.65,14557,United Kingdom,-13
C572446,M,Manual,-1,10/24/2011 12:23,302.04,Guest,United Kingdom,-302.04
C572989,23274,STAR T-LIGHT HOLDER WILLIE WINKIE,-1,10/27/2011 10:53,1.65,15786,United Kingdom,-1.65
C548374,22969,HOMEMADE JAM SCENTED CANDLES,-2,3/30/2011 16:36,1.45,13047,United Kingdom,-2.9
C543643,22470,HEART OF WICKER LARGE,-2,2/10/2011 17:44,2.95,16161,United Kingdom,-5.9
C537807,21143,ANTIQUE GLASS HEART DECORATION ,-1,12/8/2010 13:23,1.95,13495,United Kingdom,-1.95
C543838,22730,ALARM CLOCK BAKELIKE IVORY,-8,2/14/2011 10:59,3.75,15827,United Kingdom,-30
C555366,22355,CHARLOTTE BAG SUKI DESIGN,-2,6/2/2011 14:25,0.72,12590,Germany,-1.44
C542413,21876,POTTERING MUG,-1,1/27/2011 17:11,1.25,16923,United Kingdom,-1.25
C577832,21231,SWEETHEART CERAMIC TRINKET BOX,-12,11/22/2011 10:18,1.25,18274,United Kingdom,-15
C554846,22424,ENAMEL BREAD BIN CREAM,-1,5/26/2011 19:55,12.75,16700,United Kingdom,-12.75
C551778,21232,STRAWBERRY CERAMIC TRINKET BOX,-4,5/4/2011 11:23,1.25,18220,United Kingdom,-5
C558439,22804,CANDLEHOLDER PINK HANGING HEART,-2,6/29/2011 12:53,2.95,12584,Italy,-5.9
C569655,21395,BLUE POLKADOT BEAKER ,-6,10/5/2011 12:58,0.39,14534,United Kingdom,-2.34
C555256,22776,SWEETHEART CAKESTAND 3 TIER,-1,6/1/2011 15:21,9.95,15955,United Kingdom,-9.95
C567961,22652,TRAVEL SEWING KIT,-2,9/23/2011 9:16,1.65,13430,United Kingdom,-3.3
C575590,23483,HANGING  BUTTERFLY T-LIGHT HOLDER,-6,11/10/2011 12:08,1.04,15785,United Kingdom,-6.24
C549430,22634,CHILDS BREAKFAST SET SPACEBOY ,-1,4/8/2011 12:09,9.95,13846,United Kingdom,-9.95
C568830,20726,LUNCH BAG WOODLAND,-1,9/29/2011 11:34,1.65,13725,United Kingdom,-1.65
556321,79163,sold as set on dotcom,-24,6/10/2011 10:50,0,Guest,United Kingdom,0
C560189,23209,LUNCH BAG DOILEY PATTERN ,-1,7/15/2011 12:30,1.65,17652,United Kingdom,-1.65
545546,84249A,check,-150,3/3/2011 15:03,0,Guest,United Kingdom,0
C556458,21786,POLKADOT RAIN HAT ,-22,6/10/2011 17:21,0.42,15491,United Kingdom,-9.24
C537797,22423,REGENCY CAKESTAND 3 TIER,-2,12/8/2010 13:07,10.95,13113,United Kingdom,-21.9
C562097,37449,CERAMIC CAKE STAND + HANGING CAKES,-2,8/2/2011 13:19,8.5,15311,United Kingdom,-17
561476,21839,Unknown,-36,7/27/2011 13:29,0,Guest,United Kingdom,0
C558252,22429,ENAMEL MEASURING JUG CREAM,-2,6/27/2011 17:02,4.25,18155,United Kingdom,-8.5
537021,21011,Unknown,-20,12/3/2010 15:43,0,Guest,United Kingdom,0
C562618,82600,NO SINGING METAL SIGN,-6,8/8/2011 12:32,2.1,13186,United Kingdom,-12.6
C539709,21485,RETROSPOT HEART HOT WATER BOTTLE,-1,12/21/2010 12:33,4.95,18176,United Kingdom,-4.95
C555339,M,Manual,-1,6/2/2011 11:32,11.7,16422,United Kingdom,-11.7
C542742,84535B,FAIRY CAKES NOTEBOOK A6 SIZE,-94,1/31/2011 16:26,0.65,15358,United Kingdom,-61.1
C578669,22384,LUNCH BAG PINK POLKADOT,-3,11/24/2011 17:14,1.65,17323,United Kingdom,-4.95
C576108,20685,DOORMAT RED RETROSPOT,-24,11/14/2011 10:32,7.08,15113,United Kingdom,-169.92
C567704,23252,VINTAGE RED ENAMEL TRIM JUG ,-4,9/22/2011 9:41,3.75,17716,United Kingdom,-15
C578355,22178,VICTORIAN GLASS HANGING T-LIGHT,-3,11/24/2011 10:13,1.95,14397,United Kingdom,-5.85
C546735,22932,BAKING MOULD TOFFEE CUP CHOCOLATE,-96,3/16/2011 11:50,2.1,16029,United Kingdom,-201.6
C557387,M,Manual,-1,6/20/2011 11:02,1917,Guest,EIRE,-1917
C559253,22467,GUMBALL COAT RACK,-2,7/7/2011 11:44,2.55,12472,Germany,-5.1
574583,22892,check,-62,11/4/2011 17:46,0,Guest,United Kingdom,0
C548193,84997A,CHILDRENS CUTLERY POLKADOT GREEN ,-1,3/29/2011 15:27,3.75,14680,United Kingdom,-3.75
C546217,22997,TRAVEL CARD WALLET UNION JACK,-24,3/10/2011 12:04,0.42,14057,United Kingdom,-10.08
C557882,71459,HANGING JAM JAR T-LIGHT HOLDER,-72,6/23/2011 13:23,0.85,15061,United Kingdom,-61.2
C555252,22794,SWEETHEART WIRE MAGAZINE RACK,-1,6/1/2011 15:13,7.95,12987,United Kingdom,-7.95
C555197,84978,HANGING HEART JAR T-LIGHT HOLDER,-5,6/1/2011 11:45,1.06,17739,United Kingdom,-5.3
C579521,22840,ROUND CAKE TIN VINTAGE RED,-1,11/29/2011 18:19,7.95,12748,United Kingdom,-7.95
C554335,22994,TRAVEL CARD WALLET RETROSPOT,-1,5/23/2011 17:18,0.42,15201,United Kingdom,-0.42
C562185,22381,TOY TIDY PINK POLKADOT,-3,8/3/2011 12:15,2.1,12748,United Kingdom,-6.3
C565390,D,Discount,-1,9/2/2011 16:23,110.43,13408,United Kingdom,-110.43
C542138,51014A,"FEATHER PEN,HOT PINK",-72,1/25/2011 17:21,0.85,17368,United Kingdom,-61.2
C552020,22189,CREAM HEART CARD HOLDER,-1,5/5/2011 17:47,3.95,18183,United Kingdom,-3.95
C569985,22300,COFFEE MUG DOG + BALL DESIGN,-6,10/6/2011 19:51,2.55,15365,United Kingdom,-15.3
551457,22719,Unknown,-3,4/28/2011 16:04,0,Guest,United Kingdom,0
C556532,23082,SET 6 PAPER TABLE LANTERN HEARTS ,-1,6/13/2011 11:53,3.75,13856,United Kingdom,-3.75
C573759,22556,PLASTERS IN TIN CIRCUS PARADE ,-6,11/1/2011 9:51,1.65,17193,United Kingdom,-9.9
C542138,20723,STRAWBERRY CHARLOTTE BAG,-10,1/25/2011 17:21,0.85,17368,United Kingdom,-8.5
C545513,22777,GLASS CLOCHE LARGE,-1,3/3/2011 12:02,7.65,15932,United Kingdom,-7.65
C581235,22840,ROUND CAKE TIN VINTAGE RED,-2,12/8/2011 10:34,7.95,15950,United Kingdom,-15.9
548365,79172D,Unknown,-7,3/30/2011 15:49,0,Guest,United Kingdom,0
C539606,21314,SMALL GLASS HEART TRINKET POT,-2,12/20/2010 14:09,1.85,16145,United Kingdom,-3.7
C572927,35970,ZINC FOLKART SLEIGH BELLS,-9,10/27/2011 9:25,1.69,14233,United Kingdom,-15.21
C540793,POST,POSTAGE,-1,1/11/2011 11:53,3,14295,United Kingdom,-3
C559983,85066,CREAM SWEETHEART MINI CHEST,-1,7/14/2011 11:41,12.75,14562,United Kingdom,-12.75
C559012,22971,QUEENS GUARD COFFEE MUG,-3,7/5/2011 12:50,2.55,17017,United Kingdom,-7.65
C570490,21671,RED SPOT CERAMIC DRAWER KNOB,-1,10/10/2011 17:16,1.45,14356,United Kingdom,-1.45
C577779,23056,FLOWERS CHANDELIER T-LIGHT HOLDER,-96,11/21/2011 16:11,1,Guest,United Kingdom,-96
C580768,23020,GLASS  SONGBIRD STORAGE JAR,-1,12/6/2011 10:54,12.5,13914,United Kingdom,-12.5
C551196,22665,RECIPE BOX BLUE SKETCHBOOK DESIGN,-3,4/27/2011 11:26,2.95,17069,United Kingdom,-8.85
C577547,22467,GUMBALL COAT RACK,-1,11/20/2011 14:48,2.55,17841,United Kingdom,-2.55
C553514,22283,6 EGG HOUSE PAINTED WOOD,-2,5/17/2011 13:58,7.95,17700,United Kingdom,-15.9
C562281,22423,REGENCY CAKESTAND 3 TIER,-1,8/4/2011 10:36,12.75,12476,Germany,-12.75
C567946,37448,CERAMIC CAKE DESIGN SPOTTED MUG,-1,9/23/2011 7:58,1.49,12909,United Kingdom,-1.49
C553033,21156,RETROSPOT CHILDRENS APRON,-8,5/12/2011 19:50,1.95,13883,United Kingdom,-15.6
C572422,POST,POSTAGE,-1,10/24/2011 12:02,35.65,Guest,United Kingdom,-35.65
C578269,CRUK,CRUK Commission,-1,11/23/2011 13:39,849.93,14096,United Kingdom,-849.93
C574955,23198,PANTRY MAGNETIC  SHOPPING LIST,-3,11/8/2011 9:56,1.45,15066,United Kingdom,-4.35
C554006,22509,SEWING BOX RETROSPOT DESIGN ,-12,5/20/2011 12:25,14.95,13418,United Kingdom,-179.4
C543792,22176,BLUE OWL SOFT TOY,-1,2/11/2011 17:14,2.95,13725,United Kingdom,-2.95
C580762,22605,WOODEN CROQUET GARDEN SET,-1,12/6/2011 10:32,10.95,14543,United Kingdom,-10.95
547598,21332,Unknown,-25,3/24/2011 11:24,0,Guest,United Kingdom,0
543194,21355,Unknown,-217,2/4/2011 12:25,0,Guest,United Kingdom,0
C572989,23459,DOLLY CABINET 2 DRAWERS ,-1,10/27/2011 10:53,12.5,15786,United Kingdom,-12.5
C553841,D,Discount,-48,5/19/2011 12:19,0.2,16029,United Kingdom,-9.6
C576785,22356,CHARLOTTE BAG PINK POLKADOT,-10,11/16/2011 13:51,0.85,14109,United Kingdom,-8.5
C570683,21718,RED METAL BEACH SPADE ,-1,10/11/2011 16:09,1.25,16161,United Kingdom,-1.25
C579906,22621,TRADITIONAL KNITTING NANCY,-1,12/1/2011 8:46,1.65,17063,United Kingdom,-1.65
C542060,21430,SET/3 RED GINGHAM ROSE STORAGE BOX,-2,1/25/2011 12:01,3.39,14680,United Kingdom,-6.78
539999,20892,Unknown,-1,1/4/2011 10:16,0,Guest,United Kingdom,0
573494,47503H,check,-24,10/31/2011 11:57,0,Guest,United Kingdom,0
C567685,23004,TRAVEL CARD WALLET PANTRY,-152,9/21/2011 16:35,0.42,16394,United Kingdom,-63.84
C564996,20726,LUNCH BAG WOODLAND,-1,8/31/2011 16:10,1.65,17677,United Kingdom,-1.65
C564730,22169,FAMILY ALBUM WHITE PICTURE FRAME,-1,8/28/2011 12:47,8.5,17841,United Kingdom,-8.5
C566958,23188,VINTAGE  2 METER FOLDING RULER,-1,9/15/2011 16:57,1.65,14420,United Kingdom,-1.65
C544580,S,SAMPLES,-1,2/21/2011 14:25,10,Guest,United Kingdom,-10
C578280,20752,BLUE POLKADOT WASHING UP GLOVES,-1,11/23/2011 13:53,2.1,17841,United Kingdom,-2.1
C546854,22960,JAM MAKING SET WITH JARS,-1,3/17/2011 13:55,3.75,17511,United Kingdom,-3.75
C577375,23111,PARISIENNE SEWING BOX,-1,11/18/2011 16:21,12.5,14441,United Kingdom,-12.5
C553533,22167, OVAL WALL MIRROR DIAMANTE ,-1,5/17/2011 15:13,9.95,17612,United Kingdom,-9.95
548002,21051,Unknown,-25,3/29/2011 10:27,0,Guest,United Kingdom,0
C557971,37449,CERAMIC CAKE STAND + HANGING CAKES,-1,6/24/2011 10:15,9.95,18118,United Kingdom,-9.95
C553355,AMAZONFEE,AMAZON FEE,-1,5/16/2011 13:58,7006.83,Guest,United Kingdom,-7006.83
C564903,22797,CHEST OF DRAWERS GINGHAM HEART ,-1,8/31/2011 12:05,16.95,16984,United Kingdom,-16.95
C577153,22094,RED RETROSPOT TISSUE BOX,-6,11/18/2011 9:54,0.39,13266,United Kingdom,-2.34
541482,22837,Unknown,-35,1/18/2011 12:32,0,Guest,United Kingdom,0
C538693,22960,JAM MAKING SET WITH JARS,-2,12/14/2010 9:59,4.25,16558,United Kingdom,-8.5
C548356,22326,ROUND SNACK BOXES SET OF4 WOODLAND ,-1,3/30/2011 15:12,2.95,12472,Germany,-2.95
C564908,23112,PARISIENNE CURIO CABINET,-2,8/31/2011 12:26,7.5,17705,United Kingdom,-15
C563222,22460,EMBOSSED GLASS TEALIGHT HOLDER,-3,8/14/2011 14:28,1.25,15660,United Kingdom,-3.75
565048,84976,Unknown,-66,8/31/2011 17:06,0,Guest,United Kingdom,0
C572117,23395,BELLE JARDINIERE CUSHION COVER,-1,10/20/2011 19:19,3.75,17603,United Kingdom,-3.75
C553020,22801,ANTIQUE GLASS PEDESTAL BOWL,-2,5/12/2011 19:09,3.75,12921,United Kingdom,-7.5
C546989,AMAZONFEE,AMAZON FEE,-1,3/18/2011 12:59,5225.03,Guest,United Kingdom,-5225.03
552225,22775,Unknown,-40,5/6/2011 15:26,0,Guest,United Kingdom,0
C577737,23022,SMALL BONNE JAM JAR  T-LIGHT HOLDER,-24,11/21/2011 13:25,2.08,15681,United Kingdom,-49.92
C556648,37495,FAIRY CAKE BIRTHDAY CANDLE SET,-2,6/13/2011 16:15,3.75,16038,United Kingdom,-7.5
C559136,22139,RETROSPOT TEA SET CERAMIC 11 PC ,-1,7/6/2011 13:21,4.25,17511,United Kingdom,-4.25
C564964,22699,ROSES REGENCY TEACUP AND SAUCER ,-1,8/31/2011 15:00,2.95,17315,United Kingdom,-2.95
C570867,84509A,SET OF 4 ENGLISH ROSE PLACEMATS,-4,10/12/2011 16:17,3.75,12607,USA,-15
C566313,85099B,JUMBO BAG RED RETROSPOT,-10,9/12/2011 9:43,2.08,13577,United Kingdom,-20.8
C562613,23175,REGENCY MILK JUG PINK ,-3,8/8/2011 12:11,3.25,15228,United Kingdom,-9.75
C544425,35004B,SET OF 3 BLACK FLYING DUCKS,-1,2/18/2011 15:40,4.65,13078,United Kingdom,-4.65
C576240,23486,ANTIQUE HEART SHELF UNIT,-1,11/14/2011 13:34,16.65,14441,United Kingdom,-16.65
C574712,21539,RED RETROSPOT BUTTER DISH,-1,11/6/2011 14:25,4.95,14502,United Kingdom,-4.95
C537860,21485,RETROSPOT HEART HOT WATER BOTTLE,-3,12/8/2010 16:15,4.95,16252,United Kingdom,-14.85
C579195,CRUK,CRUK Commission,-1,11/28/2011 15:54,987.14,14096,United Kingdom,-987.14
C567540,23295,SET OF 12 MINI LOAF BAKING CASES,-2,9/21/2011 10:00,0.83,12384,Switzerland,-1.66
C540417,22352,LUNCH BOX WITH CUTLERY RETROSPOT ,-6,1/7/2011 10:56,2.55,13680,United Kingdom,-15.3
C555935,22432,WATERING CAN PINK BUNNY,-6,6/8/2011 9:14,1.95,12567,France,-11.7
C573549,AMAZONFEE,AMAZON FEE,-1,10/31/2011 13:23,5942.57,Guest,United Kingdom,-5942.57
C579758,22423,REGENCY CAKESTAND 3 TIER,-1,11/30/2011 14:58,10.95,14644,United Kingdom,-10.95
C543819,22839,3 TIER CAKE TIN GREEN AND CREAM,-2,2/13/2011 16:04,14.95,16928,United Kingdom,-29.9
C549580,22968,ROSE COTTAGE KEEPSAKE BOX ,-3,4/11/2011 9:35,9.95,13501,Switzerland,-29.85
C575082,23245,SET OF 3 REGENCY CAKE TINS,-2,11/8/2011 13:30,4.95,12613,Germany,-9.9
C559741,22978,PANTRY ROLLING PIN,-1,7/12/2011 11:10,3.75,13013,United Kingdom,-3.75
C554302,M,Manual,-1,5/23/2011 14:50,1241.98,12757,Portugal,-1241.98
C577509,21846,PINK DIAMANTE PEN IN GIFT BOX,-12,11/20/2011 12:46,4.95,13118,United Kingdom,-59.4
C564903,22843,BISCUIT TIN VINTAGE GREEN,-1,8/31/2011 12:05,6.75,16984,United Kingdom,-6.75
C542260,85150,LADIES & GENTLEMEN METAL SIGN,-2,1/26/2011 17:11,2.55,13890,United Kingdom,-5.1
C543638,22383,LUNCH BAG SUKI  DESIGN ,-2,2/10/2011 16:40,1.65,16403,United Kingdom,-3.3
C562097,82483,WOOD 2 DRAWER CABINET WHITE FINISH,-1,8/2/2011 13:19,5.95,15311,United Kingdom,-5.95
C546997,22922,FRIDGE MAGNETS US DINER ASSORTED,-6,3/18/2011 13:32,0.85,12748,United Kingdom,-5.1
C579127,22326,ROUND SNACK BOXES SET OF4 WOODLAND ,-1,11/28/2011 12:22,2.95,12674,France,-2.95
C546128,22840,ROUND CAKE TIN VINTAGE RED,-1,3/9/2011 15:05,7.95,15622,United Kingdom,-7.95
C549290,37449,CERAMIC CAKE STAND + HANGING CAKES,-1,4/7/2011 18:10,9.95,14395,United Kingdom,-9.95
C552936,22501,PICNIC BASKET WICKER LARGE,-6,5/12/2011 11:29,8.5,13113,United Kingdom,-51
C566565,CRUK,CRUK Commission,-1,9/13/2011 12:32,52.24,14096,United Kingdom,-52.24
C572059,21682,LARGE MEDINA STAMPED METAL BOWL ,-3,10/20/2011 12:45,4.95,17346,United Kingdom,-14.85
C564907,23168,CLASSIC CAFE SUGAR DISPENSER,-1,8/31/2011 12:24,1.25,18225,United Kingdom,-1.25
C550475,21231,SWEETHEART CERAMIC TRINKET BOX,-5,4/18/2011 13:59,1.06,13798,United Kingdom,-5.3
C548995,71053,WHITE METAL LANTERN,-1,4/5/2011 14:08,3.75,17841,United Kingdom,-3.75
C538463,37449,CERAMIC CAKE STAND + HANGING CAKES,-1,12/12/2010 12:31,9.95,17085,United Kingdom,-9.95
C571196,23354,6 GIFT TAGS 50'S CHRISTMAS ,-12,10/14/2011 12:02,0.83,Guest,United Kingdom,-9.96
C556888,82482,WOODEN PICTURE FRAME WHITE FINISH,-1,6/15/2011 12:37,2.55,15005,United Kingdom,-2.55
C567689,85048,15CM CHRISTMAS GLASS BALL 20 LIGHTS,-1,9/21/2011 16:49,6.95,17434,United Kingdom,-6.95
C538350,85099B,JUMBO BAG RED RETROSPOT,-12,12/10/2010 15:01,1.65,13798,United Kingdom,-19.8
C555273,22326,ROUND SNACK BOXES SET OF4 WOODLAND ,-3,6/1/2011 16:33,2.95,12708,Germany,-8.85
C552841,22838,3 TIER CAKE TIN RED AND CREAM,-1,5/11/2011 14:28,14.95,15827,United Kingdom,-14.95
C561606,21314,SMALL GLASS HEART TRINKET POT,-1,7/28/2011 12:10,2.1,13420,United Kingdom,-2.1
C540246,85040A,S/4 PINK FLOWER CANDLES IN BOWL,-1,1/5/2011 15:43,1.65,13081,United Kingdom,-1.65
C575035,22320,BIRDS MOBILE VINTAGE DESIGN,-1,11/8/2011 11:38,5.95,15005,United Kingdom,-5.95
C555605,22784,LANTERN CREAM GAZEBO ,-1,6/6/2011 11:38,4.95,15281,United Kingdom,-4.95
C564854,22698,PINK REGENCY TEACUP AND SAUCER,-1,8/31/2011 8:56,2.95,17865,United Kingdom,-2.95
C547725,22398,MAGNETS PACK OF 4 SWALLOWS,-1,3/25/2011 10:43,1.25,Guest,United Kingdom,-1.25
C550306,22846,BREAD BIN DINER STYLE RED ,-1,4/17/2011 10:38,16.95,16905,United Kingdom,-16.95
C552919,21558,SKULL LUNCH BOX WITH CUTLERY ,-1,5/12/2011 11:23,2.55,13282,United Kingdom,-2.55
538161,46000S,Dotcom sales,-100,12/9/2010 17:25,0,Guest,United Kingdom,0
C564955,22637,PIGGY BANK RETROSPOT ,-1,8/31/2011 13:39,2.55,15786,United Kingdom,-2.55
572692,21071,check,-82,10/25/2011 14:16,0,Guest,United Kingdom,0
C577692,84946,ANTIQUE SILVER T-LIGHT GLASS,-8,11/21/2011 11:47,1.06,14426,United Kingdom,-8.48
C578832,23288,GREEN VINTAGE SPOT BEAKER,-8,11/25/2011 15:18,0.85,13069,United Kingdom,-6.8
C538742,22386,JUMBO BAG PINK POLKADOT,-2,12/14/2010 11:26,1.95,13599,United Kingdom,-3.9
C578932,23393,HOME SWEET HOME CUSHION COVER ,-1,11/27/2011 12:44,3.75,15351,United Kingdom,-3.75
C580968,23382,BOX OF 6 CHRISTMAS CAKE DECORATIONS,-12,12/6/2011 14:57,3.75,15622,United Kingdom,-45
C566459,23093,SMALL PARISIENNE HEART PHOTO FRAME ,-2,9/12/2011 17:17,2.49,13236,United Kingdom,-4.98
574578,40001,check,-240,11/4/2011 17:09,0,Guest,United Kingdom,0
C548947,21314,SMALL GLASS HEART TRINKET POT,-1,4/5/2011 10:45,2.1,14546,United Kingdom,-2.1
C566611,22666,RECIPE BOX PANTRY YELLOW DESIGN,-1,9/13/2011 17:14,2.95,15513,United Kingdom,-2.95
C546203,22915,ASSORTED BOTTLE TOP  MAGNETS ,-12,3/10/2011 11:13,0.42,16839,United Kingdom,-5.04
C574027,35648,VINTAGE BEAD PINK PURSE ,-24,11/2/2011 12:32,0.83,13394,United Kingdom,-19.92
C553531,S,SAMPLES,-1,5/17/2011 15:09,86.99,Guest,United Kingdom,-86.99
C559347,21673,WHITE SPOT BLUE CERAMIC DRAWER KNOB,-24,7/7/2011 17:22,1.25,18072,United Kingdom,-30
C572736,22487,WHITE WOOD GARDEN PLANT LADDER,-1,10/25/2011 15:37,9.95,15836,United Kingdom,-9.95
C579877,21790,VINTAGE SNAP CARDS,-1,11/30/2011 17:07,0.85,16240,United Kingdom,-0.85
C550751,22423,REGENCY CAKESTAND 3 TIER,-2,4/20/2011 11:48,12.75,15465,United Kingdom,-25.5
C580180,22379,RECYCLING BAG RETROSPOT ,-8,12/2/2011 12:00,1.85,14688,United Kingdom,-14.8
C562423,22423,REGENCY CAKESTAND 3 TIER,-1,8/4/2011 17:06,12.75,12584,Italy,-12.75
C576247,23565,EGG CUP MILKMAID HELGA ,-1,11/14/2011 13:42,1.25,13139,United Kingdom,-1.25
C574922,22844,VINTAGE CREAM DOG FOOD CONTAINER,-2,11/7/2011 16:39,8.5,15502,United Kingdom,-17
C564947,22106,MIRROR MOSAIC HURRICANE LAMP ,-1,8/31/2011 13:29,6.75,17747,United Kingdom,-6.75
C572343,22105,MIRROR MOSAIC GOBLET CANDLE HOLDER,-240,10/24/2011 10:40,0.95,14607,United Kingdom,-228
C558029,20726,LUNCH BAG WOODLAND,-1,6/24/2011 11:47,1.65,12826,United Kingdom,-1.65
C560540,21917,SET 12 KIDS  WHITE CHALK STICKS,-1,7/19/2011 12:26,0.42,12415,Australia,-0.42
C578276,22665,RECIPE BOX BLUE SKETCHBOOK DESIGN,-1,11/23/2011 13:48,2.55,17511,United Kingdom,-2.55
C540942,22423,REGENCY CAKESTAND 3 TIER,-3,1/12/2011 12:30,10.95,13113,United Kingdom,-32.85
C553032,22891,TEA FOR ONE POLKADOT,-3,5/12/2011 19:44,4.25,13320,United Kingdom,-12.75
C555163,POST,POSTAGE,-2,6/1/2011 10:18,18,12473,Germany,-36
542579,90000C,Unknown,-1,1/28/2011 14:57,0,Guest,United Kingdom,0
C578363,22423,REGENCY CAKESTAND 3 TIER,-12,11/24/2011 10:40,12.75,15482,United Kingdom,-153
C557842,20727,LUNCH BAG  BLACK SKULL.,-1,6/23/2011 10:42,1.65,14159,United Kingdom,-1.65
C557658,84946,ANTIQUE SILVER T-LIGHT GLASS,-1,6/21/2011 17:41,1.25,13630,United Kingdom,-1.25
C577388,22697,GREEN REGENCY TEACUP AND SAUCER,-5,11/18/2011 16:58,2.95,14911,EIRE,-14.75
C539037,22474,SPACEBOY TV DINNER TRAY,-32,12/15/2010 14:42,4.25,12666,Israel,-136
C539576,35957,SMALLFOLKART BAUBLE CHRISTMAS DEC,-96,12/20/2010 12:25,0.19,14911,EIRE,-18.24
C557637,84946,ANTIQUE SILVER T-LIGHT GLASS,-1,6/21/2011 16:00,1.25,13630,United Kingdom,-1.25
C574291,22262,FELT EGG COSY CHICKEN,-1,11/3/2011 15:19,0.85,15290,United Kingdom,-0.85
C569994,23322,LARGE WHITE HEART OF WICKER,-3,10/6/2011 20:33,2.95,15606,United Kingdom,-8.85
C547849,21232,STRAWBERRY CERAMIC TRINKET BOX,-3,3/27/2011 12:06,1.25,12471,Germany,-3.75
C548009,22720,SET OF 3 CAKE TINS PANTRY DESIGN ,-2,3/29/2011 10:55,4.95,14245,United Kingdom,-9.9
C569636,22694,WICKER STAR ,-2,10/5/2011 12:14,2.1,12841,United Kingdom,-4.2
C543636,22727,ALARM CLOCK BAKELIKE RED ,-1,2/10/2011 16:34,3.75,13767,United Kingdom,-3.75
559402,21635,Unknown,-8,7/8/2011 10:49,0,Guest,United Kingdom,0
556233,21136,sold as set on dotcom,-272,6/9/2011 15:20,0,Guest,United Kingdom,0
C543611,21874,GIN AND TONIC MUG,-1,2/10/2011 14:38,1.06,17850,United Kingdom,-1.06
C541694,22437,SET OF 9 BLACK SKULL BALLOONS,-10,1/20/2011 17:06,0.85,17364,United Kingdom,-8.5
C556869,23146,TRIPLE HOOK ANTIQUE IVORY ROSE,-4,6/15/2011 11:46,3.29,13199,United Kingdom,-13.16
C545525,22969,HOMEMADE JAM SCENTED CANDLES,-86,3/3/2011 13:11,1.25,12415,Australia,-107.5
C540535,20681,PINK POLKADOT CHILDRENS UMBRELLA,-1,1/9/2011 14:17,3.25,15005,United Kingdom,-3.25
C568596,21209,MULTICOLOUR HONEYCOMB FAN,-3,9/28/2011 11:13,0.39,16493,United Kingdom,-1.17
C558698,20725,LUNCH BAG RED RETROSPOT,-1,7/1/2011 12:11,1.65,16746,United Kingdom,-1.65
C579140,21928,JUMBO BAG SCANDINAVIAN BLUE PAISLEY,-2,11/28/2011 13:05,2.08,16393,United Kingdom,-4.16
C579886,21172,PARTY METAL SIGN ,-1,11/30/2011 17:39,1.45,15676,United Kingdom,-1.45
C570122,21422,PORCELAIN ROSE SMALL,-2,10/7/2011 12:58,0.85,15874,United Kingdom,-1.7
C538124,22699,ROSES REGENCY TEACUP AND SAUCER ,-1,12/9/2010 15:43,2.95,15329,United Kingdom,-2.95
C554153,21534,DAIRY MAID LARGE MILK JUG,-2,5/23/2011 11:21,4.95,16033,United Kingdom,-9.9
567132,21830,OOPS ! adjustment,-384,9/16/2011 14:14,0,Guest,United Kingdom,0
562352,21735,damages,-59,8/4/2011 13:12,0,Guest,United Kingdom,0
C563553,22883,NUMBER TILE VINTAGE FONT 4,-1,8/17/2011 13:14,1.95,16755,United Kingdom,-1.95
C544902,22273,FELTCRAFT DOLL MOLLY,-1,2/24/2011 13:05,2.95,12362,Belgium,-2.95
C573097,23250,VINTAGE RED TRIM ENAMEL BOWL ,-6,10/27/2011 14:42,1.25,15038,United Kingdom,-7.5
C562124,15058A,BLUE POLKADOT GARDEN PARASOL,-1,8/2/2011 17:23,6.75,13081,United Kingdom,-6.75
C579898,22153,ANGEL DECORATION STARS ON DRESS,-1,12/1/2011 8:32,0.42,14299,United Kingdom,-0.42
C542635,21977,PACK OF 60 PINK PAISLEY CAKE CASES,-1,1/31/2011 10:43,0.55,14688,United Kingdom,-0.55
541967,84823,Unknown,-3,1/24/2011 13:35,0,Guest,United Kingdom,0
C576223,21263,GREEN GOOSE FEATHER TREE 60CM,-2,11/14/2011 13:02,1.95,15993,United Kingdom,-3.9
C576565,23462,ROCOCO WALL MIRROR WHITE,-2,11/15/2011 13:39,19.95,13066,United Kingdom,-39.9
549132,20756,Unknown,-70,4/6/2011 15:22,0,Guest,United Kingdom,0
C539467,82483,WOOD 2 DRAWER CABINET WHITE FINISH,-1,12/19/2010 12:46,5.95,15044,United Kingdom,-5.95
537027,18098C,Unknown,-140,12/3/2010 16:36,0,Guest,United Kingdom,0
C549822,22423,REGENCY CAKESTAND 3 TIER,-1,4/12/2011 12:35,12.75,12854,United Kingdom,-12.75
555333,84805B,wet damaged,-96,6/2/2011 11:12,0,Guest,United Kingdom,0
C538121,22461,SAVOY ART DECO CLOCK,-1,12/9/2010 15:36,12.75,15535,United Kingdom,-12.75
C572059,21344,MOROCCAN BEATEN METAL DISH,-3,10/20/2011 12:45,9.95,17346,United Kingdom,-29.85
C564946,85099C,JUMBO  BAG BAROQUE BLACK WHITE,-1,8/31/2011 13:27,2.08,13534,United Kingdom,-2.08
C543785,22846,BREAD BIN DINER STYLE RED ,-2,2/11/2011 17:01,14.95,13098,United Kingdom,-29.9
C546362,22423,REGENCY CAKESTAND 3 TIER,-1,3/11/2011 11:18,12.75,16419,United Kingdom,-12.75
C546519,84459A,PINK METAL CHICKEN HEART ,-12,3/14/2011 12:27,1.49,14350,United Kingdom,-17.88
C538105,21781,MA CAMPAGNE CUTLERY BOX,-1,12/9/2010 15:18,14.95,16781,United Kingdom,-14.95
C539191,21822,GLITTER CHRISTMAS TREE WITH BELLS,-2,12/16/2010 11:59,1.95,17062,United Kingdom,-3.9
C538882,21892,TRADITIONAL WOODEN CATCH CUP GAME ,-12,12/14/2010 15:56,1.25,12797,Portugal,-15
C563577,21877,HOME SWEET HOME MUG,-828,8/17/2011 15:06,1.06,17949,United Kingdom,-877.68
C572343,23057,BEADED CHANDELIER T-LIGHT HOLDER,-96,10/24/2011 10:40,1.5,14607,United Kingdom,-144
C556647,22501,PICNIC BASKET WICKER LARGE,-4,6/13/2011 16:14,9.95,13012,United Kingdom,-39.8
C562221,21916,SET 12 RETRO WHITE CHALK STICKS,-24,8/3/2011 14:22,0.42,16525,United Kingdom,-10.08
C568879,22772,PINK DRAWER KNOB ACRYLIC EDWARDIAN,-2,9/29/2011 12:38,1.25,14680,United Kingdom,-2.5
C539655,84949,SILVER HANGING T-LIGHT HOLDER,-24,12/20/2010 17:07,1.45,13089,United Kingdom,-34.8
C549666,22423,REGENCY CAKESTAND 3 TIER,-1,4/11/2011 12:17,10.95,13113,United Kingdom,-10.95
C540057,POST,POSTAGE,-1,1/4/2011 14:29,40,12483,Sweden,-40
C580968,23526,WALL ART DOG LICENCE ,-4,12/6/2011 14:57,5.95,15622,United Kingdom,-23.8
C542413,22149,FELTCRAFT 6 FLOWER FRIENDS,-10,1/27/2011 17:11,2.1,16923,United Kingdom,-21
C567332,22423,REGENCY CAKESTAND 3 TIER,-2,9/19/2011 14:52,12.75,13767,United Kingdom,-25.5
C565925,POST,POSTAGE,-1,9/8/2011 10:02,18,12471,Germany,-18
C576216,21843,RED RETROSPOT CAKE STAND,-1,11/14/2011 12:56,10.95,12584,Italy,-10.95
C575035,22720,SET OF 3 CAKE TINS PANTRY DESIGN ,-1,11/8/2011 11:38,4.95,15005,United Kingdom,-4.95
C536850,22942,CHRISTMAS LIGHTS 10 SANTAS ,-48,12/3/2010 9:47,7.65,14213,United Kingdom,-367.2
550908,20827,damages,-68,4/21/2011 12:39,0,Guest,United Kingdom,0
C565848,21671,RED SPOT CERAMIC DRAWER KNOB,-15,9/7/2011 12:48,1.45,14606,United Kingdom,-21.75
C567903,M,Manual,-120,9/22/2011 16:29,0.03,16422,United Kingdom,-3.6
C555639,22784,LANTERN CREAM GAZEBO ,-2,6/6/2011 12:58,4.95,13458,United Kingdom,-9.9
C566741,23405,HOME SWEET HOME 2 DRAWER CABINET,-1,9/14/2011 14:55,4.95,15618,United Kingdom,-4.95
C578274,72741,GRAND CHOCOLATECANDLE,-3,11/23/2011 13:42,1.45,17828,Malta,-4.35
C542792,22891,TEA FOR ONE POLKADOT,-1,2/1/2011 10:49,4.25,14627,United Kingdom,-4.25
C564217,22965,3 TRADITIONAl BISCUIT CUTTERS  SET,-1,8/24/2011 9:24,2.1,12994,United Kingdom,-2.1
C566925,M,Manual,-1,9/15/2011 15:18,1829.84,12748,United Kingdom,-1829.84
C555636,21770,OPEN CLOSED METAL SIGN,-6,6/6/2011 12:33,4.95,15073,United Kingdom,-29.7
C565284,23197,SKETCHBOOK MAGNETIC SHOPPING LIST,-1,9/2/2011 11:31,1.45,12471,Germany,-1.45
C551329,21870,I CAN ONLY PLEASE ONE PERSON MUG,-12,4/27/2011 16:13,1.25,14626,United Kingdom,-15
C573760,22553,PLASTERS IN TIN SKULLS,-10,11/1/2011 9:52,1.65,16648,United Kingdom,-16.5
C567949,23169,CLASSIC GLASS COOKIE JAR,-3,9/23/2011 8:22,3.75,13435,United Kingdom,-11.25
C540392,21155,RED RETROSPOT PEG BAG,-1,1/6/2011 18:06,2.1,12753,Japan,-2.1
C540535,85025B,EAU DE NILE HEART SHAPE PHOTO FRAME,-1,1/9/2011 14:17,1.65,15005,United Kingdom,-1.65
C548460,22980,PANTRY SCRUBBING BRUSH,-12,3/31/2011 11:58,1.65,16801,United Kingdom,-19.8
C553512,22890,NOVELTY BISCUITS CAKE STAND 3 TIER,-1,5/17/2011 13:50,9.95,15005,United Kingdom,-9.95
C555244,22061,LARGE CAKE STAND  HANGING STRAWBERY,-1,6/1/2011 14:11,9.95,12779,Poland,-9.95
C564913,23174,REGENCY SUGAR BOWL GREEN,-1,8/31/2011 12:39,4.15,12560,Germany,-4.15
C574030,23236,STORAGE TIN VINTAGE DOILY ,-1,11/2/2011 12:35,2.89,13870,United Kingdom,-2.89
C569410,23034,DRAWER KNOB CERAMIC BLACK,-6,10/4/2011 9:48,1.45,13364,United Kingdom,-8.7
C562956,22637,PIGGY BANK RETROSPOT ,-1,8/11/2011 10:14,2.55,13186,United Kingdom,-2.55
C566280,22636,CHILDS BREAKFAST SET CIRCUS PARADE,-1,9/11/2011 14:12,8.5,12748,United Kingdom,-8.5
C548456,M,Manual,-1,3/31/2011 11:49,57.6,16422,United Kingdom,-57.6
C570006,22784,LANTERN CREAM GAZEBO ,-1,10/7/2011 9:24,4.95,14217,United Kingdom,-4.95
C540853,22634,CHILDS BREAKFAST SET SPACEBOY ,-1,1/12/2011 9:52,9.95,12413,France,-9.95
C565016,23168,CLASSIC CAFE SUGAR DISPENSER,-1,8/31/2011 16:28,1.25,15764,United Kingdom,-1.25
568372,90082D,Unknown,-19,9/26/2011 16:54,0,Guest,United Kingdom,0
C536383,35004C,SET OF 3 COLOURED  FLYING DUCKS,-1,12/1/2010 9:49,4.65,15311,United Kingdom,-4.65
C574955,22423,REGENCY CAKESTAND 3 TIER,-1,11/8/2011 9:56,12.75,15066,United Kingdom,-12.75
567057,84725,Unknown,-8,9/16/2011 11:39,0,Guest,United Kingdom,0
C536758,21314,SMALL GLASS HEART TRINKET POT,-1,12/2/2010 14:25,2.1,13767,United Kingdom,-2.1
C581484,23843,"PAPER CRAFT , LITTLE BIRDIE",-80995,12/9/2011 9:27,2.08,16446,United Kingdom,-168469.6
C581117,22988,SOLDIERS EGG CUP ,-1,12/7/2011 12:24,1.25,16393,United Kingdom,-1.25
C555864,23110,PARISIENNE KEY CABINET ,-1,6/7/2011 14:29,5.75,15189,United Kingdom,-5.75
C569655,23207,LUNCH BAG ALPHABET DESIGN,-2,10/5/2011 12:58,1.65,14534,United Kingdom,-3.3
C553667,22507,MEMO BOARD RETROSPOT  DESIGN,-1,5/18/2011 12:21,4.95,14755,United Kingdom,-4.95
C572659,M,Manual,-1,10/25/2011 12:30,80,14527,United Kingdom,-80
C562375,22423,REGENCY CAKESTAND 3 TIER,-32,8/4/2011 14:46,10.95,14911,EIRE,-350.4
C560855,22262,FELT EGG COSY CHICKEN,-4,7/21/2011 13:00,0.85,14410,United Kingdom,-3.4
C570828,90018A,SILVER M.O.P ORBIT DROP EARRINGS,-1,10/12/2011 13:15,4.25,14911,EIRE,-4.25
C563107,22960,JAM MAKING SET WITH JARS,-1,8/12/2011 10:17,3.75,12709,Germany,-3.75
C550812,82483,WOOD 2 DRAWER CABINET WHITE FINISH,-2,4/20/2011 16:28,6.95,15655,United Kingdom,-13.9
C554330,23170,REGENCY TEA PLATE ROSES ,-1,5/23/2011 17:08,1.65,12749,United Kingdom,-1.65
C547725,21224,SET/4 SKULL BADGES,-6,3/25/2011 10:43,1.25,Guest,United Kingdom,-7.5
C577164,POST,POSTAGE,-1,11/18/2011 10:28,4.41,16678,United Kingdom,-4.41
C557663,22312,OFFICE MUG WARMER POLKADOT,-24,6/21/2011 17:59,2.95,Guest,EIRE,-70.8
C536850,22580,ADVENT CALENDAR GINGHAM SACK,-48,12/3/2010 9:47,4.95,14213,United Kingdom,-237.6
C558727,22333,RETROSPOT PARTY BAG + STICKER SET,-1,7/1/2011 14:35,1.65,12709,Germany,-1.65
C581305,22627,MINT KITCHEN SCALES,-1,12/8/2011 11:42,8.5,16933,United Kingdom,-8.5
C570406,22890,NOVELTY BISCUITS CAKE STAND 3 TIER,-1,10/10/2011 12:52,9.95,17841,United Kingdom,-9.95
C576908,22556,PLASTERS IN TIN CIRCUS PARADE ,-5,11/17/2011 9:39,1.65,12670,France,-8.25
C556648,22061,LARGE CAKE STAND  HANGING STRAWBERY,-1,6/13/2011 16:15,9.95,16038,United Kingdom,-9.95
C566785,23423,PANTRY 3 HOOK ROLLING PIN HANGER,-2,9/15/2011 10:28,3.75,17071,United Kingdom,-7.5
C545841,22727,ALARM CLOCK BAKELIKE RED ,-3,3/7/2011 13:36,3.75,17675,United Kingdom,-11.25
569877,90210C,Unknown,-10,10/6/2011 15:09,0,Guest,United Kingdom,0
C560860,22847,BREAD BIN DINER STYLE IVORY,-1,7/21/2011 13:30,16.95,13668,United Kingdom,-16.95
578475,72807C,damages,-149,11/24/2011 12:44,0,Guest,United Kingdom,0
C561061,21906,PHARMACIE FIRST AID TIN,-1,7/24/2011 13:31,6.75,13097,United Kingdom,-6.75
C537860,21238,RED RETROSPOT CUP,-8,12/8/2010 16:15,0.85,16252,United Kingdom,-6.8
C542404,22776,SWEETHEART CAKESTAND 3 TIER,-3,1/27/2011 16:08,9.95,13534,United Kingdom,-29.85
C543469,22627,MINT KITCHEN SCALES,-1,2/8/2011 14:55,7.65,12709,Germany,-7.65
C542032,22778,GLASS CLOCHE SMALL,-7,1/25/2011 11:45,3.39,15311,United Kingdom,-23.73
C572343,22102,MIRROR MOSAIC T-LIGHT HOLDER ,-720,10/24/2011 10:40,0.39,14607,United Kingdom,-280.8
C542218,22198,LARGE POPCORN HOLDER ,-1,1/26/2011 12:36,1.65,14606,United Kingdom,-1.65
C553854,22053,EMPIRE DESIGN ROSETTE,-1,5/19/2011 13:13,1.25,Guest,United Kingdom,-1.25
C580131,85048,15CM CHRISTMAS GLASS BALL 20 LIGHTS,-1,12/1/2011 18:12,7.95,17576,United Kingdom,-7.95
C571750,M,Manual,-1,10/19/2011 11:16,3949.32,12744,Singapore,-3949.32
548679,72793,Unknown,-3,4/1/2011 16:42,0,Guest,United Kingdom,0
C567359,21208,PASTEL COLOUR HONEYCOMB FAN,-6,9/19/2011 16:33,0.39,15201,United Kingdom,-2.34
C565284,23198,PANTRY MAGNETIC  SHOPPING LIST,-1,9/2/2011 11:31,1.45,12471,Germany,-1.45
C545997,22634,CHILDS BREAKFAST SET SPACEBOY ,-1,3/8/2011 14:35,9.95,12679,France,-9.95
C580968,23583,LUNCH BAG PAISLEY PARK  ,-10,12/6/2011 14:57,1.65,15622,United Kingdom,-16.5
C569320,23112,PARISIENNE CURIO CABINET,-2,10/3/2011 12:19,7.5,15301,United Kingdom,-15
C569038,22423,REGENCY CAKESTAND 3 TIER,-1,9/30/2011 10:46,12.75,12940,United Kingdom,-12.75
C571336,22070,SMALL RED RETROSPOT MUG IN BOX ,-1,10/17/2011 11:43,3.75,16652,United Kingdom,-3.75
C563535,BANK CHARGES,Bank Charges,-1,8/17/2011 11:38,612.46,Guest,United Kingdom,-612.46
C549098,21399,BLUE POLKADOT COFFEE MUG,-14,4/6/2011 11:06,0.39,12481,Germany,-5.46
C554983,47590A,BLUE HAPPY BIRTHDAY BUNTING,-20,5/29/2011 12:18,4.65,17152,United Kingdom,-93
C550028,22332,SKULLS PARTY BAG + STICKER SET,-1,4/14/2011 11:26,1.65,14606,United Kingdom,-1.65
C558439,22848,BREAD BIN DINER STYLE PINK,-1,6/29/2011 12:53,16.95,12584,Italy,-16.95
C555254,22699,ROSES REGENCY TEACUP AND SAUCER ,-2,6/1/2011 15:17,2.95,14740,United Kingdom,-5.9
C555355,35810B,ENAMEL BLUE RIM COFFEE CONTAINER,-12,6/2/2011 13:27,0.83,15841,United Kingdom,-9.96
C571619,22192,BLUE DINER WALL CLOCK,-2,10/18/2011 10:58,8.5,16140,United Kingdom,-17
C541234,22960,JAM MAKING SET WITH JARS,-2,1/14/2011 17:11,3.75,13862,United Kingdom,-7.5
C540392,22244,3 HOOK HANGER MAGIC GARDEN,-1,1/6/2011 18:06,1.95,12753,Japan,-1.95
C573101,23541,WALL ART CLASSIC PUDDINGS ,-2,10/27/2011 14:50,8.25,16592,United Kingdom,-16.5
C575651,23348,CHILDRENS TOY COOKING UTENSIL SET,-1,11/10/2011 14:26,2.08,17653,United Kingdom,-2.08
C570199,84949,SILVER HANGING T-LIGHT HOLDER,-4,10/7/2011 15:52,1.65,13090,United Kingdom,-6.6
C558903,22492,MINI PAINT SET VINTAGE ,-1,7/4/2011 16:09,0.65,13115,United Kingdom,-0.65
C541707,22198,LARGE POPCORN HOLDER ,-3,1/21/2011 11:07,1.65,18223,United Kingdom,-4.95
C541868,22067,CHOC TRUFFLE GOLD TRINKET POT ,-2,1/24/2011 9:30,1.65,14796,United Kingdom,-3.3
C546210,21272,SALLE DE BAIN HOOK,-1,3/10/2011 11:31,1.25,14713,United Kingdom,-1.25
556061,20906,Unknown,-21,6/8/2011 14:04,0,Guest,United Kingdom,0
C577839,22138,BAKING SET 9 PIECE RETROSPOT ,-1,11/22/2011 10:33,4.95,16633,United Kingdom,-4.95
C547388,22645,CERAMIC HEART FAIRY CAKE MONEY BANK,-12,3/22/2011 16:07,1.45,12352,Norway,-17.4
C539031,22199,FRYING PAN RED RETROSPOT,-4,12/15/2010 14:25,4.25,12647,Germany,-17
C541779,21481,FAWN BLUE HOT WATER BOTTLE,-2,1/21/2011 11:50,2.95,13102,United Kingdom,-5.9
543655,21717,Unknown,-42,2/11/2011 10:30,0,Guest,United Kingdom,0
C541959,21034,REX CASH+CARRY JUMBO SHOPPER,-10,1/24/2011 12:35,0.95,14692,United Kingdom,-9.5
C551511,21205,MULTICOLOUR 3D BALLS GARLAND,-5,4/28/2011 19:49,2.55,14311,United Kingdom,-12.75
C566088,20914,SET/5 RED RETROSPOT LID GLASS BOWLS,-3,9/9/2011 10:24,2.95,14911,EIRE,-8.85
C580313,22419,LIPSTICK PEN RED,-6,12/2/2011 15:10,0.42,12668,Germany,-2.52
C543384,48173C,DOORMAT BLACK FLOCK ,-1,2/7/2011 16:24,7.95,Guest,United Kingdom,-7.95
C562149,23205,CHARLOTTE BAG VINTAGE ALPHABET ,-1,8/3/2011 10:49,0.85,13534,United Kingdom,-0.85
C567767,22867,HAND WARMER BIRD DESIGN,-12,9/22/2011 10:58,2.1,17460,United Kingdom,-25.2
C571466,20977,36 PENCILS TUBE WOODLAND,-16,10/17/2011 14:31,1.25,16463,United Kingdom,-20
C578124,22662,LUNCH BAG DOLLY GIRL DESIGN,-1,11/23/2011 10:30,1.65,14049,United Kingdom,-1.65
C543603,22941,CHRISTMAS LIGHTS 10 REINDEER,-2,2/10/2011 13:40,8.5,15570,United Kingdom,-17
C537860,84406B,CREAM CUPID HEARTS COAT HANGER,-8,12/8/2010 16:15,3.25,16252,United Kingdom,-26
C548513,85123A,WHITE HANGING HEART T-LIGHT HOLDER,-8,3/31/2011 15:54,2.55,13777,United Kingdom,-20.4
C578144,22699,ROSES REGENCY TEACUP AND SAUCER ,-1,11/23/2011 11:06,2.95,16201,United Kingdom,-2.95
C538344,22867,HAND WARMER BIRD DESIGN,-12,12/10/2010 14:32,2.1,13448,United Kingdom,-25.2
C570486,22492,MINI PAINT SET VINTAGE ,-36,10/10/2011 17:11,0.65,14533,United Kingdom,-23.4
C581465,20914,SET/5 RED RETROSPOT LID GLASS BOWLS,-3,12/8/2011 18:59,2.95,15755,United Kingdom,-8.85
C552719,22838,3 TIER CAKE TIN RED AND CREAM,-2,5/11/2011 9:47,12.75,13098,United Kingdom,-25.5
C576785,23099,FRENCH CARRIAGE LANTERN,-2,11/16/2011 13:51,6.65,14109,United Kingdom,-13.3
C542426,22845,VINTAGE CREAM CAT FOOD CONTAINER,-2,1/28/2011 9:32,6.35,14146,United Kingdom,-12.7
C562122,23182,TOILET SIGN OCCUPIED OR VACANT,-9,8/2/2011 17:18,0.83,14857,United Kingdom,-7.47
C570290,22367,CHILDRENS APRON SPACEBOY DESIGN,-8,10/10/2011 11:54,1.95,14665,United Kingdom,-15.6
576762,21744,check,-21,11/16/2011 13:08,0,Guest,United Kingdom,0
C554532,23201,JUMBO BAG ALPHABET,-1,5/24/2011 17:32,2.08,14194,United Kingdom,-2.08
C574658,22662,LUNCH BAG DOLLY GIRL DESIGN,-1,11/6/2011 11:44,1.65,15426,United Kingdom,-1.65
C576247,23301,GARDENERS KNEELING PAD KEEP CALM ,-1,11/14/2011 13:42,1.65,13139,United Kingdom,-1.65
C553518,22487,WHITE WOOD GARDEN PLANT LADDER,-1,5/17/2011 14:14,8.5,16642,United Kingdom,-8.5
C570456,S,SAMPLES,-1,10/10/2011 15:38,4.88,Guest,United Kingdom,-4.88
C571907,21485,RETROSPOT HEART HOT WATER BOTTLE,-3,10/19/2011 14:55,4.95,14297,United Kingdom,-14.85
C578124,21561,DINOSAUR LUNCH BOX WITH CUTLERY,-1,11/23/2011 10:30,2.55,14049,United Kingdom,-2.55
C549987,22625,RED KITCHEN SCALES,-1,4/13/2011 16:06,8.5,14367,United Kingdom,-8.5
559375,22051,?,-300,7/8/2011 10:37,0,Guest,United Kingdom,0
C547229,22467,GUMBALL COAT RACK,-1,3/21/2011 15:49,2.55,17213,United Kingdom,-2.55
C545437,22423,REGENCY CAKESTAND 3 TIER,-1,3/2/2011 15:52,10.95,13093,United Kingdom,-10.95
C564279,23064,CINDERELLA CHANDELIER ,-3,8/24/2011 10:54,49.95,17706,United Kingdom,-149.85
C571196,23352,ROLL WRAP 50'S RED CHRISTMAS ,-12,10/14/2011 12:02,1.25,Guest,United Kingdom,-15
C575082,22558,CLOTHES PEGS RETROSPOT PACK 24 ,-6,11/8/2011 13:30,1.65,12613,Germany,-9.9
C545033,22935,BAKING MOULD ROSE MILK CHOCOLATE,-72,2/25/2011 16:26,2.75,14156,EIRE,-198
C570099,37446,MINI CAKE STAND WITH HANGING CAKES,-4,10/7/2011 12:11,1.25,13798,United Kingdom,-5
572527,20984,damaged,-46,10/24/2011 15:35,0,Guest,United Kingdom,0
C562959,22138,BAKING SET 9 PIECE RETROSPOT ,-6,8/11/2011 10:21,0.7,17389,United Kingdom,-4.2
C547582,23177,TREASURE ISLAND BOOK BOX,-2,3/24/2011 11:06,2.25,12474,Germany,-4.5
C561041,22725,ALARM CLOCK BAKELIKE CHOCOLATE,-1,7/24/2011 12:10,3.75,15708,United Kingdom,-3.75
C537834,21314,SMALL GLASS HEART TRINKET POT,-1,12/8/2010 14:54,2.1,13267,United Kingdom,-2.1
C580747,79321,CHILLI LIGHTS,-1,12/6/2011 9:46,5.75,17611,United Kingdom,-5.75
C549987,20829,GLITTER HANGING BUTTERFLY STRING,-1,4/13/2011 16:06,2.1,14367,United Kingdom,-2.1
558238,22722,Unknown,-21,6/27/2011 15:04,0,Guest,United Kingdom,0
C562952,22456,NATURAL SLATE CHALKBOARD LARGE ,-1,8/11/2011 10:10,4.95,12749,United Kingdom,-4.95
C567946,21844,RED RETROSPOT MUG,-2,9/23/2011 7:58,2.95,12909,United Kingdom,-5.9
C574894,23661,MILK MAIDS MUG ,-12,11/7/2011 14:43,1.65,12597,Spain,-19.8
C574472,84949,SILVER HANGING T-LIGHT HOLDER,-5,11/4/2011 12:01,1.65,17690,United Kingdom,-8.25
C580168,22329,ROUND CONTAINER SET OF 5 RETROSPOT,-1,12/2/2011 11:34,1.65,12465,Belgium,-1.65
C563197,23160,REGENCY TEA SPOON,-3,8/14/2011 9:57,1.25,13047,United Kingdom,-3.75
C567627,M,Manual,-1,9/21/2011 13:01,10.65,17511,United Kingdom,-10.65
C569985,22727,ALARM CLOCK BAKELIKE RED ,-4,10/6/2011 19:51,3.75,15365,United Kingdom,-15
569341,82600,historic computer difference?....se,-458,10/3/2011 14:19,0,Guest,United Kingdom,0
C539576,72818,CHRISTMAS DECOUPAGE CANDLE,-36,12/20/2010 12:25,0.72,14911,EIRE,-25.92
C542138,20856,DENIM PATCH PURSE PINK BUTTERFLY,-10,1/25/2011 17:21,1.65,17368,United Kingdom,-16.5
C569128,22729,ALARM CLOCK BAKELIKE ORANGE,-1,9/30/2011 13:34,3.75,15034,United Kingdom,-3.75
551435,20825,Unknown,-5,4/28/2011 15:08,0,Guest,United Kingdom,0
C560123,21936,RED RETROSPOT PICNIC BAG,-2,7/15/2011 10:35,2.95,16782,United Kingdom,-5.9
C538083,85099B,JUMBO BAG RED RETROSPOT,-3,12/9/2010 14:40,1.95,15750,United Kingdom,-5.85
C569743,23344,JUMBO BAG 50'S CHRISTMAS ,-30,10/6/2011 10:57,2.08,15769,United Kingdom,-62.4
C570490,22776,SWEETHEART 3 TIER CAKE STAND ,-1,10/10/2011 17:16,9.95,14356,United Kingdom,-9.95
C562119,23029,DRAWER KNOB CRACKLE GLAZE GREEN,-4,8/2/2011 16:26,1.65,13505,Switzerland,-6.6
C578124,21459,YELLOW EASTER EGG HUNT START POST,-1,11/23/2011 10:30,1.95,14049,United Kingdom,-1.95
C573037,23198,PANTRY MAGNETIC  SHOPPING LIST,-13,10/27/2011 13:45,1.45,12471,Germany,-18.85
C578144,22697,GREEN REGENCY TEACUP AND SAUCER,-3,11/23/2011 11:06,2.95,16201,United Kingdom,-8.85
541519,21429,Unknown,-15,1/19/2011 9:11,0,Guest,United Kingdom,0
C574261,23169,CLASSIC GLASS COOKIE JAR,-2,11/3/2011 14:00,4.15,12683,France,-8.3
C558726,17003,BROCADE RING PURSE ,-1,7/1/2011 14:32,57.6,16422,United Kingdom,-57.6
C561233,22232,JIGSAW TOADSTOOLS 3 PIECE,-16,7/26/2011 10:24,0.59,17422,United Kingdom,-9.44
C550181,21240,BLUE POLKADOT CUP,-20,4/14/2011 17:43,0.85,13069,United Kingdom,-17
C562952,22979,PANTRY WASHING UP BRUSH,-2,8/11/2011 10:10,1.45,12749,United Kingdom,-2.9
C536548,22654,DELUXE SEWING KIT ,-1,12/1/2010 14:33,5.95,12472,Germany,-5.95
C567690,22384,LUNCH BAG PINK POLKADOT,-11,9/21/2011 17:01,1.65,15810,United Kingdom,-18.15
C559345,21439,BASKET OF TOADSTOOLS,-408,7/7/2011 17:16,1.06,13984,United Kingdom,-432.48
C574065,22614,PACK OF 12 SPACEBOY TISSUES,-12,11/2/2011 14:43,0.39,13271,United Kingdom,-4.68
C549184,21394,RED POLKADOT BEAKER ,-2,4/7/2011 9:28,0.39,12428,Finland,-0.78
C559939,22647,CERAMIC LOVE HEART MONEY BANK,-12,7/14/2011 10:19,1.45,14426,United Kingdom,-17.4
C567685,23000,TRAVEL CARD WALLET TRANSPORT,-11,9/21/2011 16:35,0.42,16394,United Kingdom,-4.62
C539956,35004C,SET OF 3 COLOURED  FLYING DUCKS,-15,12/23/2010 12:55,4.65,12980,United Kingdom,-69.75
C555054,21843,RED RETROSPOT CAKE STAND,-1,5/31/2011 11:32,10.95,14903,United Kingdom,-10.95
C540417,20712,JUMBO BAG WOODLAND ANIMALS,-30,1/7/2011 10:56,1.95,13680,United Kingdom,-58.5
C563207,84879,ASSORTED COLOUR BIRD ORNAMENT,-1,8/14/2011 12:10,1.69,17613,United Kingdom,-1.69
C570203,85099C,JUMBO  BAG BAROQUE BLACK WHITE,-2,10/7/2011 16:49,1.79,15311,United Kingdom,-3.58
C538806,M,Manual,-1,12/14/2010 11:59,4.25,15181,United Kingdom,-4.25
C549315,22697,GREEN REGENCY TEACUP AND SAUCER,-1,4/8/2011 9:51,2.95,12949,United Kingdom,-2.95
C553530,22646,CERAMIC STRAWBERRY CAKE MONEY BANK,-5,5/17/2011 15:08,1.24,13777,United Kingdom,-6.2
561525,84466,Unknown,-1,7/27/2011 17:40,0,Guest,United Kingdom,0
C540164,21351,CINAMMON & ORANGE WREATH,-2,1/5/2011 12:02,6.75,14911,EIRE,-13.5
C537417,22960,JAM MAKING SET WITH JARS,-1,12/6/2010 15:12,4.25,13481,United Kingdom,-4.25
C570867,22199,FRYING PAN RED RETROSPOT,-4,10/12/2011 16:17,4.25,12607,USA,-17
C550475,20718,RED RETROSPOT SHOPPER BAG,-1,4/18/2011 13:59,1.06,13798,United Kingdom,-1.06
569393,23152,Unknown,-23,10/3/2011 17:15,0,Guest,United Kingdom,0
570260,35933,Unknown,-34,10/10/2011 10:00,0,Guest,United Kingdom,0
C574922,22635,CHILDS BREAKFAST SET DOLLY GIRL ,-67,11/7/2011 16:39,8.5,15502,United Kingdom,-569.5
C570867,22983,CARD BILLBOARD FONT,-12,10/12/2011 16:17,0.42,12607,USA,-5.04
C559983,22917,HERB MARKER ROSEMARY,-12,7/14/2011 11:41,0.65,14562,United Kingdom,-7.8
548537,90173,Unknown,-28,3/31/2011 17:35,0,Guest,United Kingdom,0
C545443,22781,GUMBALL MAGAZINE RACK,-1,3/2/2011 16:20,7.65,17442,United Kingdom,-7.65
C536854,22944,CHRISTMAS METAL POSTCARD WITH BELLS,-1,12/3/2010 10:09,1.25,15240,United Kingdom,-1.25
C540780,84988,SET OF 72 PINK HEART PAPER DOILIES,-1,1/11/2011 11:19,1.45,14299,United Kingdom,-1.45
C570221,15058A,BLUE POLKADOT GARDEN PARASOL,-1,10/9/2011 12:56,7.95,13113,United Kingdom,-7.95
574516,22162,Unknown,-24,11/4/2011 13:38,0,Guest,United Kingdom,0
C575588,22178,VICTORIAN GLASS HANGING T-LIGHT,-6,11/10/2011 12:04,1.65,14064,United Kingdom,-9.9
C576561,21559,STRAWBERRY LUNCH BOX WITH CUTLERY,-1,11/15/2011 13:22,2.1,15311,United Kingdom,-2.1
542559,35991,Unknown,-1,1/28/2011 14:51,0,Guest,United Kingdom,0
C571896,22494,EMERGENCY FIRST AID TIN ,-2,10/19/2011 14:18,1.25,16533,United Kingdom,-2.5
C575257,37449,CERAMIC CAKE STAND + HANGING CAKES,-1,11/9/2011 11:59,9.95,13623,United Kingdom,-9.95
C539278,22617,BAKING SET SPACEBOY DESIGN,-6,12/16/2010 15:39,4.95,18269,United Kingdom,-29.7
C538971,22153,ANGEL DECORATION STARS ON DRESS,-48,12/15/2010 11:39,0.42,12865,Austria,-20.16
C541693,22617,BAKING SET SPACEBOY DESIGN,-1,1/20/2011 17:02,4.95,14309,United Kingdom,-4.95
570711,21622,damages,-45,10/12/2011 10:14,0,Guest,United Kingdom,0
C568879,22112,CHOCOLATE HOT WATER BOTTLE,-7,9/29/2011 12:38,4.95,14680,United Kingdom,-34.65
C541790,82580,BATHROOM METAL SIGN,-12,1/21/2011 13:07,0.55,14175,United Kingdom,-6.6
C546903,22212,FOUR HOOK  WHITE LOVEBIRDS,-6,3/17/2011 18:31,2.1,16217,United Kingdom,-12.6
C540243,22777,GLASS CLOCHE LARGE,-2,1/5/2011 15:32,8.5,12585,Germany,-17
573816,20898,check,-10,11/1/2011 11:32,0,Guest,United Kingdom,0
C569945,22720,SET OF 3 CAKE TINS PANTRY DESIGN ,-2,10/6/2011 18:14,4.95,14141,United Kingdom,-9.9
C539037,84792,ENCHANTED BIRD COATHANGER 5 HOOK,-24,12/15/2010 14:42,3.81,12666,Israel,-91.44
C550349,21735,TWO DOOR CURIO CABINET,-1,4/18/2011 9:39,10.95,15973,United Kingdom,-10.95
C543609,22456,NATURAL SLATE CHALKBOARD LARGE ,-1,2/10/2011 14:17,4.95,16705,United Kingdom,-4.95
C555877,23146,TRIPLE HOOK ANTIQUE IVORY ROSE,-4,6/7/2011 15:28,3.29,16218,United Kingdom,-13.16
C568879,21212,PACK OF 72 RETROSPOT CAKE CASES,-72,9/29/2011 12:38,0.42,14680,United Kingdom,-30.24
C560855,21205,MULTICOLOUR 3D BALLS GARLAND,-1,7/21/2011 13:00,2.55,14410,United Kingdom,-2.55
C537824,22220,CAKE STAND LOVEBIRD 2 TIER WHITE,-1,12/8/2010 14:27,9.95,12870,United Kingdom,-9.95
C550353,22719,GUMBALL MONOCHROME COAT RACK,-1,4/18/2011 10:29,1.25,17841,United Kingdom,-1.25
C538341,22973,CHILDREN'S CIRCUS PARADE MUG,-18,12/10/2010 14:03,1.65,15514,United Kingdom,-29.7
C542730,21314,SMALL GLASS HEART TRINKET POT,-1,1/31/2011 15:27,2.1,13506,United Kingdom,-2.1
C549987,84978,HANGING HEART JAR T-LIGHT HOLDER,-1,4/13/2011 16:06,1.25,14367,United Kingdom,-1.25
C543834,79190B,RETRO PLASTIC POLKA TRAY,-15,2/14/2011 10:24,0.42,12553,France,-6.3
C543841,M,Manual,-1,2/14/2011 11:20,208.16,17095,United Kingdom,-208.16
C561237,23198,PANTRY MAGNETIC  SHOPPING LIST,-6,7/26/2011 10:29,1.45,13050,United Kingdom,-8.7
C567351,23324,RUSTIC STRAWBERRY JAM POT LARGE ,-23,9/19/2011 16:05,1.85,15251,United Kingdom,-42.55
C564909,D,Discount,-1,8/31/2011 12:29,33.75,15498,United Kingdom,-33.75
C575953,21813,GARLAND WITH STARS AND BELLS,-1,11/13/2011 11:56,4.95,16015,United Kingdom,-4.95
C564899,21787,RAIN PONCHO RETROSPOT,-144,8/31/2011 11:31,0.65,14646,Netherlands,-93.6
C570867,22938,CUPCAKE LACE PAPER SET 6,-12,10/12/2011 16:17,1.95,12607,USA,-23.4
571689,85135B,Unknown,-27,10/18/2011 14:28,0,Guest,United Kingdom,0
C577397,22236,CAKE STAND 3 TIER MAGIC GARDEN,-1,11/18/2011 17:12,12.75,12504,Germany,-12.75
577115,85035C,check,-24,11/17/2011 18:02,0,Guest,United Kingdom,0
C559303,22367,CHILDRENS APRON SPACEBOY DESIGN,-2,7/7/2011 12:49,1.95,13510,United Kingdom,-3.9
C545677,21528,DAIRY MAID TRADITIONAL TEAPOT ,-2,3/6/2011 10:48,5.95,14543,United Kingdom,-11.9
C570221,21936,RED RETROSPOT PICNIC BAG,-11,10/9/2011 12:56,2.95,13113,United Kingdom,-32.45
C543442,22797,CHEST OF DRAWERS GINGHAM HEART ,-1,2/8/2011 11:40,16.95,14911,EIRE,-16.95
C539055,22890,NOVELTY BISCUITS CAKE STAND 3 TIER,-12,12/15/2010 16:36,8.5,13829,United Kingdom,-102
C547198,22423,REGENCY CAKESTAND 3 TIER,-1,3/21/2011 12:50,12.75,14606,United Kingdom,-12.75
C569995,23119,PACK OF 6 LARGE FRUIT STRAWS ,-24,10/6/2011 20:36,0.62,14557,United Kingdom,-14.88
C560409,84078A,SET/4 WHITE RETRO STORAGE CUBES ,-1,7/18/2011 14:24,39.95,16717,United Kingdom,-39.95
C556324,POST,POSTAGE,-1,6/10/2011 11:15,5,14287,United Kingdom,-5
C557520,22784,LANTERN CREAM GAZEBO ,-1,6/20/2011 17:18,4.95,15291,United Kingdom,-4.95
C579926,85099B,JUMBO BAG RED RETROSPOT,-1,12/1/2011 9:19,2.08,14389,United Kingdom,-2.08
569335,84660A,damaged,-15,10/3/2011 13:57,0,Guest,United Kingdom,0
C563221,22780,LIGHT GARLAND BUTTERFILES PINK,-3,8/14/2011 14:23,4.25,17611,United Kingdom,-12.75
C556807,M,Manual,-1,6/14/2011 15:43,91.58,Guest,United Kingdom,-91.58
C556818,21042,RED RETROSPOT APRON ,-1,6/15/2011 10:01,5.95,17284,United Kingdom,-5.95
C557653,22423,REGENCY CAKESTAND 3 TIER,-4,6/21/2011 17:25,10.95,14040,United Kingdom,-43.8
C563218,22383,LUNCH BAG SUKI DESIGN ,-1,8/14/2011 14:15,1.65,16401,United Kingdom,-1.65
C567690,22385,JUMBO BAG SPACEBOY DESIGN,-7,9/21/2011 17:01,2.08,15810,United Kingdom,-14.56
C562952,23165,LARGE CERAMIC TOP STORAGE JAR,-2,8/11/2011 10:10,1.65,12749,United Kingdom,-3.3
C537132,22769,CHALKBOARD KITCHEN ORGANISER,-8,12/5/2010 12:29,21.95,15221,United Kingdom,-175.6
C543445,90098,NECKLACE+BRACELET PINK BUTTERFLY,-6,2/8/2011 11:45,2.55,12662,Germany,-15.3
560940,72127,Unknown,-53,7/22/2011 11:20,0,Guest,United Kingdom,0
C568830,23287,RED VINTAGE SPOT BEAKER,-43,9/29/2011 11:34,0.85,13725,United Kingdom,-36.55
C569992,84944,SET OF 6 KASHMIR FOLKART BAUBLES,-48,10/6/2011 20:18,1.65,16133,United Kingdom,-79.2
C579898,22969,HOMEMADE JAM SCENTED CANDLES,-1,12/1/2011 8:32,1.45,14299,United Kingdom,-1.45
C571893,21217,RED RETROSPOT ROUND CAKE TINS,-1,10/19/2011 14:13,9.95,13314,United Kingdom,-9.95
C536548,20957,PORCELAIN HANGING BELL SMALL,-1,12/1/2010 14:33,1.45,12472,Germany,-1.45
C562582,22634,CHILDS BREAKFAST SET SPACEBOY ,-1,8/7/2011 13:53,9.95,15640,United Kingdom,-9.95
C578743,POST,POSTAGE,-3,11/25/2011 11:35,18,12681,France,-54
C566467,22197,POPCORN HOLDER,-14,9/12/2011 18:04,0.85,14688,United Kingdom,-11.9
C556729,23112,PARISIENNE CURIO CABINET,-1,6/14/2011 11:37,7.5,13319,United Kingdom,-7.5
C565075,D,Discount,-1,8/31/2011 17:25,36.3,13408,United Kingdom,-36.3
C566007,21790,VINTAGE SNAP CARDS,-24,9/8/2011 12:03,0.85,16076,United Kingdom,-20.4
C546943,BANK CHARGES,Bank Charges,-1,3/18/2011 11:11,56.93,Guest,United Kingdom,-56.93
C555636,22682,FRENCH BLUE METAL DOOR SIGN 7,-10,6/6/2011 12:33,1.25,15073,United Kingdom,-12.5
C558060,22988,SOLDIERS EGG CUP ,-1,6/24/2011 15:05,1.06,17809,United Kingdom,-1.06
C547905,M,Manual,-1,3/28/2011 12:10,416.75,Guest,United Kingdom,-416.75
C573764,22646,CERAMIC STRAWBERRY CAKE MONEY BANK,-2,11/1/2011 9:56,1.45,13032,United Kingdom,-2.9
C548462,D,Discount,-1,3/31/2011 12:11,14.52,14527,United Kingdom,-14.52
C538124,M,Manual,-4,12/9/2010 15:43,0.5,15329,United Kingdom,-2
C560866,22444,GROW YOUR OWN PLANT IN A CAN ,-28,7/21/2011 14:04,1.25,14410,United Kingdom,-35
C563219,22469,HEART OF WICKER SMALL,-11,8/14/2011 14:17,1.65,17644,United Kingdom,-18.15
C560589,23031,DRAWER KNOB CRACKLE GLAZE PINK,-1,7/19/2011 15:50,1.65,15249,United Kingdom,-1.65
C540937,22932,BAKING MOULD TOFFEE CUP CHOCOLATE,-24,1/12/2011 12:09,2.55,14748,United Kingdom,-61.2
C561589,23249,VINTAGE RED ENAMEL TRIM PLATE,-1,7/28/2011 10:57,1.65,16133,United Kingdom,-1.65
C579933,22423,REGENCY CAKESTAND 3 TIER,-1,12/1/2011 9:44,12.75,14853,United Kingdom,-12.75
C538643,22636,CHILDS BREAKFAST SET CIRCUS PARADE,-1,12/13/2010 14:38,8.5,12476,Germany,-8.5
C553866,21845,DAIRY MAID STRIPE MUG,-16,5/19/2011 14:14,0.79,14620,United Kingdom,-12.64
565371,82483,crushed,-13,9/2/2011 15:04,0,Guest,United Kingdom,0
580382,16045,check,-900,12/2/2011 17:59,0,Guest,United Kingdom,0
C580968,23284,DOORMAT KEEP CALM AND COME IN,-2,12/6/2011 14:57,8.25,15622,United Kingdom,-16.5
C561703,20685,DOORMAT RED RETROSPOT,-1,7/29/2011 11:07,6.75,12709,Germany,-6.75
C578257,23300,GARDENERS KNEELING PAD CUP OF TEA ,-40,11/23/2011 13:00,1.65,17809,United Kingdom,-66
C560395,22892,SET OF SALT AND PEPPER TOADSTOOLS,-24,7/18/2011 13:47,1.06,15125,United Kingdom,-25.44
C550614,22635,CHILDS BREAKFAST SET DOLLY GIRL ,-1,4/19/2011 12:40,9.95,13735,United Kingdom,-9.95
C541499,22325,MOBILE VINTAGE HEARTS ,-3,1/18/2011 15:23,4.95,13693,United Kingdom,-14.85
C559670,22667,RECIPE BOX RETROSPOT ,-1,7/11/2011 13:51,2.95,16033,United Kingdom,-2.95
C542742,22821,GIFT BAG PSYCHEDELIC APPLES,-12,1/31/2011 16:26,0.65,15358,United Kingdom,-7.8
570440,21424,damages,-40,10/10/2011 14:31,0,Guest,United Kingdom,0
C569636,22960,JAM MAKING SET WITH JARS,-2,10/5/2011 12:14,4.25,12841,United Kingdom,-8.5
C566725,20727,LUNCH BAG  BLACK SKULL.,-1,9/14/2011 13:08,1.65,14606,United Kingdom,-1.65
C554346,23111,PARISIENNE SEWING BOX,-1,5/23/2011 17:48,12.5,18260,United Kingdom,-12.5
549270,84856L,Unknown,-27,4/7/2011 12:48,0,Guest,United Kingdom,0
C551178,21539,RED RETROSPOT BUTTER DISH,-1,4/26/2011 17:26,4.95,15805,United Kingdom,-4.95
C578363,22070,SMALL RED RETROSPOT MUG IN BOX ,-36,11/24/2011 10:40,3.39,15482,United Kingdom,-122.04
C581121,22526,WHEELBARROW FOR CHILDREN ,-1,12/7/2011 12:28,12.75,14087,United Kingdom,-12.75
C549254,82494L,WOODEN FRAME ANTIQUE WHITE ,-1,4/7/2011 12:21,2.95,13769,United Kingdom,-2.95
C542604,22625,RED KITCHEN SCALES,-1,1/30/2011 12:35,8.5,13148,United Kingdom,-8.5
C548485,22698,PINK REGENCY TEACUP AND SAUCER,-2,3/31/2011 12:50,2.95,14051,United Kingdom,-5.9
C576576,84946,ANTIQUE SILVER T-LIGHT GLASS,-1,11/15/2011 14:00,1.25,17521,United Kingdom,-1.25
C549019,22467,GUMBALL COAT RACK,-1,4/5/2011 15:22,2.55,12474,Germany,-2.55
C560540,22138,BAKING SET 9 PIECE RETROSPOT ,-1,7/19/2011 12:26,4.95,12415,Australia,-4.95
C570845,23123,COCKTAIL SWORDS 50 PIECES,-3,10/12/2011 14:29,0.83,17017,United Kingdom,-2.49
C569994,23321,SMALL WHITE HEART OF WICKER,-11,10/6/2011 20:33,1.65,15606,United Kingdom,-18.15
C570687,85048,15CM CHRISTMAS GLASS BALL 20 LIGHTS,-1,10/11/2011 16:28,7.95,14959,United Kingdom,-7.95
C545003,22149,FELTCRAFT 6 FLOWER FRIENDS,-1,2/25/2011 12:46,2.1,18231,United Kingdom,-2.1
C577775,22236,CAKE STAND 3 TIER MAGIC GARDEN,-12,11/21/2011 16:00,10.95,12504,Germany,-131.4
C537251,22940,FELTCRAFT CHRISTMAS FAIRY,-5,12/6/2010 10:45,4.25,Guest,United Kingdom,-21.25
C560409,21755,LOVE BUILDING BLOCK WORD,-3,7/18/2011 14:24,5.95,16717,United Kingdom,-17.85
548110,21911,Unknown,-27,3/29/2011 12:20,0,Guest,United Kingdom,0
C547988,22467,GUMBALL COAT RACK,-2,3/29/2011 9:19,2.55,13477,United Kingdom,-5.1
C538350,37447,CERAMIC CAKE DESIGN SPOTTED PLATE,-4,12/10/2010 15:01,1.25,13798,United Kingdom,-5
C559347,21670,BLUE SPOT CERAMIC DRAWER KNOB,-12,7/7/2011 17:22,1.25,18072,United Kingdom,-15
567862,35591T,Unknown,-4,9/22/2011 14:02,0,Guest,United Kingdom,0
C557876,22720,SET OF 3 CAKE TINS PANTRY DESIGN ,-2,6/23/2011 13:10,4.95,18223,United Kingdom,-9.9
C540097,22423,REGENCY CAKESTAND 3 TIER,-6,1/4/2011 15:46,12.75,15373,United Kingdom,-76.5
C567348,22094,RED RETROSPOT TISSUE BOX,-6,9/19/2011 15:57,0.39,15755,United Kingdom,-2.34
C562221,22791,T-LIGHT GLASS FLUTED ANTIQUE,-72,8/3/2011 14:22,1.06,16525,United Kingdom,-76.32
C540417,79321,CHILLI LIGHTS,-72,1/7/2011 10:56,4.25,13680,United Kingdom,-306
C565848,22699,ROSES REGENCY TEACUP AND SAUCER ,-2,9/7/2011 12:48,2.95,14606,United Kingdom,-5.9
C554558,22892,SET OF SALT AND PEPPER TOADSTOOLS,-1,5/25/2011 10:24,1.25,13268,United Kingdom,-1.25
C546507,22171,3 HOOK PHOTO SHELF ANTIQUE WHITE,-4,3/14/2011 11:47,8.5,12712,Germany,-34
C574748,20725,LUNCH BAG RED RETROSPOT,-100,11/7/2011 8:41,1.45,17107,United Kingdom,-145
C544432,22487,WHITE WOOD GARDEN PLANT LADDER,-1,2/18/2011 15:54,9.95,16979,United Kingdom,-9.95
C544831,22250,DECORATION  BUTTERFLY  MAGIC GARDEN,-4,2/24/2011 10:01,0.85,15146,United Kingdom,-3.4
C559939,22031,BOTANICAL LAVENDER BIRTHDAY CARD,-12,7/14/2011 10:19,0.42,14426,United Kingdom,-5.04
C541503,22170,PICTURE FRAME WOOD TRIPLE PORTRAIT,-1,1/18/2011 15:31,6.75,15291,United Kingdom,-6.75
C542604,21352,EUCALYPTUS & PINECONE  WREATH,-3,1/30/2011 12:35,6.75,13148,United Kingdom,-20.25
C559461,22628,PICNIC BOXES SET OF 3 RETROSPOT ,-1,7/8/2011 13:04,4.95,14680,United Kingdom,-4.95
C574061,22779,WOODEN OWLS LIGHT GARLAND ,-12,11/2/2011 14:18,4.25,12474,Germany,-51
C560855,20934,SET/3 POT PLANT CANDLES,-6,7/21/2011 13:00,5.45,14410,United Kingdom,-32.7
C577821,20679,EDWARDIAN PARASOL RED,-1,11/22/2011 9:29,5.95,13777,United Kingdom,-5.95
C579890,84945,MULTI COLOUR SILVER T-LIGHT HOLDER,-2,12/1/2011 8:14,0.85,15197,United Kingdom,-1.7
549470,46775D,Unknown,-8,4/8/2011 14:28,0,Guest,United Kingdom,0
C543185,22332,SKULLS PARTY BAG + STICKER SET,-14,2/4/2011 11:22,1.65,Guest,United Kingdom,-23.1
C558361,23168,CLASSIC CAFE SUGAR DISPENSER,-3,6/28/2011 15:13,1.25,15128,United Kingdom,-3.75
C560220,22423,REGENCY CAKESTAND 3 TIER,-1,7/15/2011 15:22,12.75,14572,United Kingdom,-12.75
C569553,23131,MISTLETOE HEART WREATH CREAM,-1,10/4/2011 17:48,4.15,16362,United Kingdom,-4.15
C579918,23169,CLASSIC GLASS COOKIE JAR,-2,12/1/2011 8:58,4.15,13410,United Kingdom,-8.3
C578832,21972,SET OF 36 DINOSAUR PAPER DOILIES,-1,11/25/2011 15:18,1.45,13069,United Kingdom,-1.45
C553230,20821,GOLDIE LOOKING MIRROR,-6,5/16/2011 11:09,4.95,14201,United Kingdom,-29.7
C566942,22698,PINK REGENCY TEACUP AND SAUCER,-6,9/15/2011 16:16,2.95,17139,United Kingdom,-17.7
C557519,21535,RED RETROSPOT SMALL MILK JUG,-1,6/20/2011 17:15,2.55,16739,United Kingdom,-2.55
C577750,23206,LUNCH BAG APPLE DESIGN,-5,11/21/2011 14:30,1.65,12878,United Kingdom,-8.25
C557663,20658,RED RETROSPOT LUGGAGE TAG,-12,6/21/2011 17:59,1.25,Guest,EIRE,-15
C580966,22577,WOODEN HEART CHRISTMAS SCANDINAVIAN,-5,12/6/2011 14:52,0.29,16554,United Kingdom,-1.45
C539438,22655,VINTAGE RED KITCHEN CABINET,-1,12/17/2010 15:11,295,16607,United Kingdom,-295
C577196,22690,DOORMAT HOME SWEET HOME BLUE ,-1,11/18/2011 11:45,8.25,16924,United Kingdom,-8.25
C548982,84816,DANISH ROSE BEDSIDE CABINET,-1,4/5/2011 12:27,39.95,15018,United Kingdom,-39.95
C536391,21983,PACK OF 12 BLUE PAISLEY TISSUES ,-24,12/1/2010 10:24,0.29,17548,United Kingdom,-6.96
C538350,21169,YOU'RE CONFUSING ME METAL SIGN ,-2,12/10/2010 15:01,1.45,13798,United Kingdom,-2.9
C544840,22728,ALARM CLOCK BAKELIKE PINK,-1,2/24/2011 11:06,3.75,16719,United Kingdom,-3.75
C569989,23306,SET OF 36 DOILIES PANTRY DESIGN,-6,10/6/2011 20:08,1.45,16839,United Kingdom,-8.7
C559461,85099B,JUMBO BAG RED RETROSPOT,-2,7/8/2011 13:04,2.08,14680,United Kingdom,-4.16
C536606,20914,SET/5 RED RETROSPOT LID GLASS BOWLS,-2,12/2/2010 9:10,2.95,14092,United Kingdom,-5.9
557108,23113,Damaged,-1440,6/16/2011 15:58,0,Guest,United Kingdom,0
C565023,22988,SOLDIERS EGG CUP ,-24,8/31/2011 16:30,1.06,12901,United Kingdom,-25.44
556310,22944,sold as set on dotcom,-42,6/10/2011 10:44,0,Guest,United Kingdom,0
C536812,22593,CHRISTMAS GINGHAM STAR,-144,12/2/2010 16:58,0.72,16546,United Kingdom,-103.68
C581465,22171,3 HOOK PHOTO SHELF ANTIQUE WHITE,-1,12/8/2011 18:59,8.5,15755,United Kingdom,-8.5
C546400,47567B,TEA TIME KITCHEN APRON,-2,3/11/2011 15:02,5.95,17994,United Kingdom,-11.9
C580971,90058B,CRYSTAL STUD EARRINGS ASSORTED COL ,-36,12/6/2011 15:04,0.38,14298,United Kingdom,-13.68
C556640,23148,MINIATURE ANTIQUE ROSE HOOK IVORY,-1,6/13/2011 15:44,0.83,13148,United Kingdom,-0.83
C564478,22990,COTTON APRON PANTRY DESIGN,-2,8/25/2011 13:12,4.95,14732,United Kingdom,-9.9
C566986,84663A,GRASS HOPPER WOODEN WALL CLOCK ,-1,9/16/2011 10:47,0.79,12476,Germany,-0.79
548680,72800D,Unknown,-18,4/1/2011 16:43,0,Guest,United Kingdom,0
C574524,84929,ASSTD FRUIT+FLOWERS FRIDGE MAGNETS,-1,11/4/2011 13:53,0.19,17841,United Kingdom,-0.19
C572111,23437, 50'S CHRISTMAS GIFT BAG LARGE,-2,10/20/2011 19:13,1.25,13136,United Kingdom,-2.5
C569985,22301,COFFEE MUG CAT + BIRD DESIGN,-6,10/6/2011 19:51,2.55,15365,United Kingdom,-15.3
C562801,23012,GLASS APOTHECARY BOTTLE PERFUME,-1,8/9/2011 14:35,3.95,15194,United Kingdom,-3.95
565049,21907,Unknown,-77,8/31/2011 17:09,0,Guest,United Kingdom,0
571130,72802C,check,-37,10/14/2011 10:05,0,Guest,United Kingdom,0
C574894,23458,DOLLY CABINET 3 DRAWERS ,-1,11/7/2011 14:43,14.95,12597,Spain,-14.95
C570556,22569,FELTCRAFT CUSHION BUTTERFLY,-192,10/11/2011 11:10,3.39,16029,United Kingdom,-650.88
C551465,22487,WHITE WOOD GARDEN PLANT LADDER,-1,4/28/2011 16:17,9.95,14640,United Kingdom,-9.95
C538099,72807C,SET/3 VANILLA SCENTED CANDLE IN BOX,-1,12/9/2010 14:58,4.25,15279,United Kingdom,-4.25
C543779,22083,PAPER CHAIN KIT RETROSPOT,-4,2/11/2011 16:32,2.95,15240,United Kingdom,-11.8
C560043,21704,BAG 250g SWIRLY MARBLES,-2,7/14/2011 14:47,0.72,16656,United Kingdom,-1.44
542546,20734,Unknown,-1,1/28/2011 14:44,0,Guest,United Kingdom,0
C542138,20974,12 PENCILS SMALL TUBE SKULL,-48,1/25/2011 17:21,0.65,17368,United Kingdom,-31.2
C570194,23348,CHILDRENS TOY COOKING UTENSIL SET,-1,10/7/2011 15:36,2.08,16918,United Kingdom,-2.08
C545434,22148,EASTER CRAFT 4 CHICKS ,-3,3/2/2011 15:24,1.95,13410,United Kingdom,-5.85
C553906,23132,SMALL IVORY HEART WALL ORGANISER,-2,5/19/2011 18:13,5.75,16554,United Kingdom,-11.5
C536548,22168,ORGANISER WOOD ANTIQUE WHITE ,-2,12/1/2010 14:33,8.5,12472,Germany,-17
574582,84279P,check,-104,11/4/2011 17:46,0,Guest,United Kingdom,0
C559681,POST,POSTAGE,-1,7/11/2011 14:51,50,12717,Greece,-50
C567681,21212,PACK OF 72 RETROSPOT CAKE CASES,-23,9/21/2011 16:24,0.55,15433,United Kingdom,-12.65
C540837,22776,SWEETHEART CAKESTAND 3 TIER,-2,1/11/2011 15:02,8.5,14733,United Kingdom,-17
C549919,22672,FRENCH BATHROOM SIGN BLUE METAL,-2,4/13/2011 9:50,1.65,15201,United Kingdom,-3.3
C564899,22956,36 FOIL HEART CAKE CASES,-144,8/31/2011 11:31,1.85,14646,Netherlands,-266.4
C577397,22776,SWEETHEART 3 TIER CAKE STAND ,-1,11/18/2011 17:12,9.95,12504,Germany,-9.95
C562438,23023,RIDGED BONNE JAM JAR T-LIGHT HOLDER,-2,8/4/2011 17:58,1.65,14621,United Kingdom,-3.3
C553479,22699,ROSES REGENCY TEACUP AND SAUCER ,-1,5/17/2011 11:50,2.95,13098,United Kingdom,-2.95
C563258,20728,LUNCH BAG CARS BLUE,-1,8/15/2011 12:08,1.45,15311,United Kingdom,-1.45
C561104,22666,RECIPE BOX PANTRY YELLOW DESIGN,-3,7/25/2011 11:36,2.95,12576,Poland,-8.85
C558438,84978,HANGING HEART JAR T-LIGHT HOLDER,-7,6/29/2011 12:51,1.06,15189,United Kingdom,-7.42
C559007,23110,PARISIENNE KEY CABINET ,-2,7/5/2011 12:42,5.75,13534,United Kingdom,-11.5
561553,21392,Unknown,-29,7/28/2011 10:20,0,Guest,United Kingdom,0
C540129,22352,LUNCH BOX WITH CUTLERY RETROSPOT ,-3,1/5/2011 10:46,2.55,12578,Italy,-7.65
548646,21472,Unknown,-140,4/1/2011 13:15,0,Guest,United Kingdom,0
C558521,15058B,PINK POLKADOT GARDEN PARASOL,-2,6/30/2011 10:31,6.75,13113,United Kingdom,-13.5
C569114,23171,REGENCY TEA PLATE GREEN ,-3,9/30/2011 12:50,1.65,14911,EIRE,-4.95
C575035,22197,POPCORN HOLDER,-1,11/8/2011 11:38,0.85,15005,United Kingdom,-0.85
C565044,23215,JINGLE BELL HEART ANTIQUE SILVER,-120,8/31/2011 17:02,1.79,12931,United Kingdom,-214.8
C549666,21530,DAIRY MAID TOASTRACK,-2,4/11/2011 12:17,0.79,13113,United Kingdom,-1.58
544342,22633,Unknown,-53,2/18/2011 9:44,0,Guest,United Kingdom,0
551422,22084,Unknown,-150,4/28/2011 14:11,0,Guest,United Kingdom,0
C563459,84078A,SET/4 WHITE RETRO STORAGE CUBES ,-1,8/16/2011 14:51,39.95,17048,United Kingdom,-39.95
C539287,85172,HYACINTH BULB T-LIGHT CANDLES,-80,12/16/2010 16:24,0.42,17655,United Kingdom,-33.6
549030,84520B,Unknown,-61,4/5/2011 17:03,0,Guest,United Kingdom,0
C573219,22244,3 HOOK HANGER MAGIC GARDEN,-2,10/28/2011 11:49,1.95,14415,United Kingdom,-3.9
C552343,M,Manual,-1,5/9/2011 12:09,125,15521,United Kingdom,-125
C555877,21232,STRAWBERRY CERAMIC TRINKET BOX,-2,6/7/2011 15:28,1.25,16218,United Kingdom,-2.5
C541492,22511,RETROSPOT BABUSHKA DOORSTOP,-1,1/18/2011 14:24,3.75,Guest,United Kingdom,-3.75
C546905,M,Manual,-48,3/17/2011 18:42,0.45,15061,United Kingdom,-21.6
C550099,22627,MINT KITCHEN SCALES,-1,4/14/2011 12:28,8.5,16933,United Kingdom,-8.5
C560409,71459,HANGING JAM JAR T-LIGHT HOLDER,-12,7/18/2011 14:24,0.85,16717,United Kingdom,-10.2
C554150,22763,KEY CABINET MA CAMPAGNE,-1,5/23/2011 11:07,9.95,14573,United Kingdom,-9.95
560730,84797B,Unknown,-2,7/20/2011 14:53,0,Guest,United Kingdom,0
C559030,84510A,SET OF 4 ENGLISH ROSE COASTERS,-1,7/5/2011 14:51,1.25,16571,United Kingdom,-1.25
C578355,20956,PORCELAIN T-LIGHT HOLDERS ASSORTED,-3,11/24/2011 10:13,1.25,14397,United Kingdom,-3.75
C577375,23118,PARISIENNE JEWELLERY DRAWER ,-2,11/18/2011 16:21,7.5,14441,United Kingdom,-15
C538350,21232,STRAWBERRY CERAMIC TRINKET BOX,-4,12/10/2010 15:01,1.06,13798,United Kingdom,-4.24
C572491,23487,SWEET HEART CAKE CARRIER,-1,10/24/2011 14:02,9.95,13047,United Kingdom,-9.95
C564955,21844,RED RETROSPOT MUG,-6,8/31/2011 13:39,2.95,15786,United Kingdom,-17.7
C559939,22714,CARD BIRTHDAY COWBOY,-12,7/14/2011 10:19,0.42,14426,United Kingdom,-5.04
C548460,22426,ENAMEL WASH BOWL CREAM,-4,3/31/2011 11:58,3.75,16801,United Kingdom,-15
C564427,21927,BLUE/CREAM STRIPE CUSHION COVER ,-1,8/25/2011 11:18,1.25,17841,United Kingdom,-1.25
C565428,84755,COLOUR GLASS T-LIGHT HOLDER HANGING,-2,9/4/2011 12:53,0.65,12867,United Kingdom,-1.3
C555882,22842,BISCUIT TIN VINTAGE RED,-1,6/7/2011 15:40,6.75,14625,United Kingdom,-6.75
C568420,22720,SET OF 3 CAKE TINS PANTRY DESIGN ,-1,9/27/2011 11:17,4.95,16573,United Kingdom,-4.95
569380,21809,Unknown,-140,10/3/2011 16:40,0,Guest,United Kingdom,0
C561628,M,Manual,-1,7/28/2011 14:10,9.6,16422,United Kingdom,-9.6
C566223,84625C,BLUE NEW BAROQUE CANDLESTICK CANDLE,-13,9/9/2011 16:36,0.85,16145,United Kingdom,-11.05
575617,21014,check,-90,11/10/2011 12:53,0,Guest,United Kingdom,0
C579192,22900,SET 2 TEA TOWELS I LOVE LONDON ,-6,11/28/2011 15:43,3.25,12657,France,-19.5
C558256,21155,RED RETROSPOT PEG BAG,-6,6/27/2011 17:08,2.55,13552,United Kingdom,-15.3
C539576,72817,SET OF 2 CHRISTMAS DECOUPAGE CANDLE,-24,12/20/2010 12:25,1.25,14911,EIRE,-30
C549919,22675,FRENCH KITCHEN SIGN BLUE METAL,-3,4/13/2011 9:50,1.25,15201,United Kingdom,-3.75
C571196,22383,LUNCH BAG SUKI DESIGN ,-10,10/14/2011 12:02,1.65,Guest,United Kingdom,-16.5
C561703,M,Manual,-1,7/29/2011 11:07,1.65,12709,Germany,-1.65
C549908,22423,REGENCY CAKESTAND 3 TIER,-3,4/12/2011 16:39,10.95,13324,United Kingdom,-32.85
C564486,S,SAMPLES,-1,8/25/2011 13:57,162,Guest,United Kingdom,-162
C549666,22059,CERAMIC STRAWBERRY DESIGN MUG,-1,4/11/2011 12:17,1.49,13113,United Kingdom,-1.49
C549288,22469,HEART OF WICKER SMALL,-1,4/7/2011 18:06,1.65,14527,United Kingdom,-1.65
C570454,BANK CHARGES,Bank Charges,-1,10/10/2011 15:21,472.77,Guest,United Kingdom,-472.77
C556668,22962,JAM JAR WITH PINK LID,-3,6/13/2011 16:26,0.85,15827,United Kingdom,-2.55
C562952,23235,STORAGE TIN VINTAGE LEAF,-2,8/11/2011 10:10,2.89,12749,United Kingdom,-5.78
C580711,23407,SET OF 2 TRAYS HOME SWEET HOME,-2,12/5/2011 16:36,9.95,16057,United Kingdom,-19.9
C558969,22727,ALARM CLOCK BAKELIKE RED ,-1,7/5/2011 11:01,3.75,16729,United Kingdom,-3.75
C572995,23404,HOME SWEET HOME BLACKBOARD,-1,10/27/2011 11:11,4.95,13890,United Kingdom,-4.95
C580686,22488,NATURAL SLATE RECTANGLE CHALKBOARD,-1,12/5/2011 15:28,1.65,15984,United Kingdom,-1.65
554312,84741C,Unknown,-2,5/23/2011 15:28,0,Guest,United Kingdom,0
573120,72816,Unknown,-1,10/27/2011 16:21,0,Guest,United Kingdom,0
C564748,23210,WHITE ROCKING HORSE HAND PAINTED,-24,8/30/2011 8:00,1.25,14911,EIRE,-30
C537788,16202E,BLACK PHOTO ALBUM ,-1,12/8/2010 12:49,5.55,15916,United Kingdom,-5.55
C552556,23230,WRAP ALPHABET DESIGN,-25,5/10/2011 11:21,0.42,17504,United Kingdom,-10.5
C549437,22617,BAKING SET SPACEBOY DESIGN,-1,4/8/2011 12:37,4.95,13005,United Kingdom,-4.95
C577388,22182,CAKE STAND VICTORIAN FILIGREE SMALL,-1,11/18/2011 16:58,4.95,14911,EIRE,-4.95
C556647,21878,PACK OF 6 SANDCASTLE FLAGS ASSORTED,-12,6/13/2011 16:14,0.85,13012,United Kingdom,-10.2
C540250,22617,BAKING SET SPACEBOY DESIGN,-2,1/5/2011 16:02,4.25,17511,United Kingdom,-8.5
C562594,85230G,ORANGE VOTIVE CANDLE,-48,8/7/2011 15:44,0.29,12748,United Kingdom,-13.92
C566165,22796,PHOTO FRAME 3 CLASSIC HANGING,-4,9/9/2011 11:57,9.95,14911,EIRE,-39.8
C548576,84969,BOX OF 6 ASSORTED COLOUR TEASPOONS,-1,4/1/2011 10:46,4.25,15696,United Kingdom,-4.25
C580954,84997B,CHILDRENS CUTLERY RETROSPOT RED ,-6,12/6/2011 14:19,3.75,12967,United Kingdom,-22.5
C565237,23245,SET OF 3 REGENCY CAKE TINS,-2,9/2/2011 9:47,4.95,14299,United Kingdom,-9.9
C558434,23175,REGENCY MILK JUG PINK ,-1,6/29/2011 12:36,3.25,15304,United Kingdom,-3.25
C549986,22750,FELTCRAFT PRINCESS LOLA DOLL,-2,4/13/2011 16:03,3.75,18178,United Kingdom,-7.5
541702,22451,Unknown,-30,1/21/2011 9:44,0,Guest,United Kingdom,0
547331,17013D,Unknown,-20,3/22/2011 11:41,0,Guest,United Kingdom,0
C561684,22725,ALARM CLOCK BAKELIKE CHOCOLATE,-1,7/28/2011 19:36,3.75,13136,United Kingdom,-3.75
C580954,20682,RED RETROSPOT CHILDRENS UMBRELLA,-15,12/6/2011 14:19,3.25,12967,United Kingdom,-48.75
C538059,22727,ALARM CLOCK BAKELIKE RED ,-4,12/9/2010 13:38,3.75,14205,United Kingdom,-15
C539589,D,Discount,-1,12/20/2010 13:14,13.88,14527,United Kingdom,-13.88
C551540,22982,PANTRY PASTRY BRUSH,-12,5/3/2011 8:47,1.25,14735,United Kingdom,-15
C550537,37342,POLKADOT COFFEE CUP & SAUCER PINK,-5,4/19/2011 11:25,0.79,15932,United Kingdom,-3.95
C562559,21231,SWEETHEART CERAMIC TRINKET BOX,-13,8/5/2011 17:08,1.25,16743,United Kingdom,-16.25
C545833,85053,FRENCH ENAMEL CANDLEHOLDER,-3,3/7/2011 13:14,1.69,16013,United Kingdom,-5.07
C548460,22690,DOORMAT HOME SWEET HOME BLUE ,-2,3/31/2011 11:58,7.95,16801,United Kingdom,-15.9
C566953,21812,GARLAND WITH HEARTS AND BELLS,-6,9/15/2011 16:37,4.95,15804,United Kingdom,-29.7
554488,84913A,Unknown,-75,5/24/2011 13:35,0,Guest,United Kingdom,0
C543755,22087,PAPER BUNTING WHITE LACE,-6,2/11/2011 14:48,2.95,14304,United Kingdom,-17.7
C542540,21658,GLASS  BEURRE DISH,-1,1/28/2011 14:20,8.29,Guest,United Kingdom,-8.29
C538350,21175,GIN + TONIC DIET METAL SIGN,-1,12/10/2010 15:01,1.85,13798,United Kingdom,-1.85
C539606,84625C,BLUE NEW BAROQUE CANDLESTICK CANDLE,-7,12/20/2010 14:09,0.85,16145,United Kingdom,-5.95
C559803,15036,ASSORTED COLOURS SILK FAN,-72,7/12/2011 13:49,0.83,16701,United Kingdom,-59.76
C570867,22029,SPACEBOY BIRTHDAY CARD,-12,10/12/2011 16:17,0.42,12607,USA,-5.04
537028,21696,Unknown,-320,12/3/2010 16:36,0,Guest,United Kingdom,0
C546174,22791,T-LIGHT GLASS FLUTED ANTIQUE,-3,3/10/2011 10:38,1.06,13094,United Kingdom,-3.18
C556324,21787,RAIN PONCHO RETROSPOT,-24,6/10/2011 11:15,0.85,14287,United Kingdom,-20.4
C573502,23389,SPACEBOY MINI BACKPACK,-2,10/31/2011 12:02,4.15,14808,United Kingdom,-8.3
C565666,22187,GREEN CHRISTMAS TREE CARD HOLDER,-2,9/5/2011 17:46,4.25,15856,United Kingdom,-8.5
C541863,37446,MINI CAKE STAND WITH HANGING CAKES,-1,1/23/2011 16:08,1.25,13798,United Kingdom,-1.25
C539054,84352,SILVER CHRISTMAS TREE BAUBLE STAND ,-1,12/15/2010 16:34,16.95,17044,United Kingdom,-16.95
C575174,21313,GLASS HEART T-LIGHT HOLDER ,-5,11/8/2011 17:56,0.85,14156,EIRE,-4.25
C571499,23071,MARIE ANTOINETTE TRINKET BOX GOLD,-48,10/17/2011 15:07,6.5,12454,Spain,-312
574757,72802C,damages,-54,11/7/2011 10:08,0,Guest,United Kingdom,0
C559663,22191,IVORY DINER WALL CLOCK,-1,7/11/2011 13:33,8.5,17706,United Kingdom,-8.5
C564945,22560,TRADITIONAL MODELLING CLAY,-1,8/31/2011 13:26,1.06,16652,United Kingdom,-1.06
579681,21615,check,-26,11/30/2011 13:33,0,Guest,United Kingdom,0
C539067,22156,HEART DECORATION WITH PEARLS ,-5,12/15/2010 16:55,0.85,15194,United Kingdom,-4.25
C544310,79160,HEART SHAPE WIRELESS DOORBELL,-1,2/17/2011 14:19,2.1,17841,United Kingdom,-2.1
C569995,22950,36 DOILIES VINTAGE CHRISTMAS,-24,10/6/2011 20:36,1.45,14557,United Kingdom,-34.8
C545456,21231,SWEETHEART CERAMIC TRINKET BOX,-2,3/2/2011 17:15,1.25,17865,United Kingdom,-2.5
C564281,22063,CERAMIC BOWL WITH STRAWBERRY DESIGN,-1,8/24/2011 10:54,2.95,14796,United Kingdom,-2.95
560114,75172,Unknown,-35,7/15/2011 9:53,0,Guest,United Kingdom,0
C550127,37446,MINI CAKE STAND WITH HANGING CAKES,-2,4/14/2011 13:12,1.45,15212,United Kingdom,-2.9
C546209,22667,RECIPE BOX RETROSPOT ,-6,3/10/2011 11:31,2.95,15596,United Kingdom,-17.7
C562051,22423,REGENCY CAKESTAND 3 TIER,-1,8/2/2011 11:58,12.75,15602,United Kingdom,-12.75
C566467,23298,SPOTTY BUNTING,-8,9/12/2011 18:04,4.95,14688,United Kingdom,-39.6
568088,21641,Unknown,-49,9/23/2011 14:40,0,Guest,United Kingdom,0
C572754,23056,FLOWERS CHANDELIER T-LIGHT HOLDER,-48,10/25/2011 17:29,1,15482,United Kingdom,-48
C575940,23309,SET OF 60 I LOVE LONDON CAKE CASES ,-24,11/13/2011 11:38,0.55,17838,United Kingdom,-13.2
560867,21891,Unknown,-21,7/21/2011 14:10,0,Guest,United Kingdom,0
C567351,23240,SET OF 4 KNICK KNACK TINS DOILY ,-1,9/19/2011 16:05,3.75,15251,United Kingdom,-3.75
C566948,22061,LARGE CAKE STAND  HANGING STRAWBERY,-1,9/15/2011 16:30,9.95,13468,United Kingdom,-9.95
C571287,22191,IVORY DINER WALL CLOCK,-1,10/16/2011 15:03,8.5,13610,United Kingdom,-8.5
C567177,85040A,S/4 PINK FLOWER CANDLES IN BOWL,-4,9/18/2011 13:42,1.65,15533,United Kingdom,-6.6
C569655,23301,GARDENERS KNEELING PAD KEEP CALM ,-1,10/5/2011 12:58,1.65,14534,United Kingdom,-1.65
C543773,22626,BLACK KITCHEN SCALES,-1,2/11/2011 15:47,8.5,12410,Switzerland,-8.5
C539066,37449,CERAMIC CAKE STAND + HANGING CAKES,-1,12/15/2010 16:54,9.95,17912,United Kingdom,-9.95
C569891,23165,LARGE CERAMIC TOP STORAGE JAR,-2,10/6/2011 15:46,1.65,13924,United Kingdom,-3.3
549168,21161,Unknown,-10,4/6/2011 17:24,0,Guest,United Kingdom,0
C579902,22666,RECIPE BOX PANTRY YELLOW DESIGN,-3,12/1/2011 8:39,2.95,13365,United Kingdom,-8.85
C567691,21668,RED STRIPE CERAMIC DRAWER KNOB,-42,9/21/2011 17:04,1.06,17567,United Kingdom,-44.52
542563,84509F,Unknown,-1,1/28/2011 14:52,0,Guest,United Kingdom,0
C562952,23236,STORAGE TIN VINTAGE DOILY ,-1,8/11/2011 10:10,2.89,12749,United Kingdom,-2.89
551577,90100,Unknown,-5,5/3/2011 11:19,0,Guest,United Kingdom,0
C555273,21535,RED RETROSPOT SMALL MILK JUG,-2,6/1/2011 16:33,2.55,12708,Germany,-5.1
566711,21578,Unknown,-31,9/14/2011 12:03,0,Guest,United Kingdom,0
C573010,20979,36 PENCILS TUBE RED RETROSPOT,-11,10/27/2011 12:29,1.25,13735,United Kingdom,-13.75
C557475,84660A,WHITE STITCHED WALL CLOCK,-1,6/20/2011 13:33,3.75,13517,United Kingdom,-3.75
C541656,21537,RED RETROSPOT PUDDING BOWL,-1,1/20/2011 12:07,4.25,17315,United Kingdom,-4.25
C553780,22725,ALARM CLOCK BAKELIKE CHOCOLATE,-2,5/19/2011 10:53,3.75,15730,United Kingdom,-7.5
C574027,35651,VINTAGE BEAD PINK SCARF ,-12,11/2/2011 12:32,1.65,13394,United Kingdom,-19.8
C564997,21705,BAG 500g SWIRLY MARBLES,-7,8/31/2011 16:13,1.45,15625,United Kingdom,-10.15
C573779,23007, SPACEBOY BABY GIFT SET,-2,11/1/2011 10:57,16.95,16360,United Kingdom,-33.9
C565681,23256,CHILDRENS CUTLERY SPACEBOY ,-4,9/6/2011 10:42,4.15,15521,United Kingdom,-16.6
C537132,22762,CUPBOARD 3 DRAWER MA CAMPAGNE,-3,12/5/2010 12:29,12.75,15221,United Kingdom,-38.25
C574524,22893,MINI CAKE STAND T-LIGHT HOLDER,-6,11/4/2011 13:53,0.42,17841,United Kingdom,-2.52
C570963,23280,FOLDING BUTTERFLY MIRROR HOT PINK ,-2,10/13/2011 11:49,0.83,13816,Germany,-1.66
C543611,22632,HAND WARMER RED RETROSPOT,-6,2/10/2011 14:38,1.85,17850,United Kingdom,-11.1
C564955,84945,MULTI COLOUR SILVER T-LIGHT HOLDER,-12,8/31/2011 13:39,0.85,15786,United Kingdom,-10.2
C543621,20725,LUNCH BAG RED RETROSPOT,-1,2/10/2011 14:59,1.65,14475,United Kingdom,-1.65
C558559,20749,ASSORTED COLOUR MINI CASES,-1,6/30/2011 13:20,7.95,17648,United Kingdom,-7.95
C570552,22386,JUMBO BAG PINK POLKADOT,-200,10/11/2011 11:01,1.74,16029,United Kingdom,-348
C574261,22352,LUNCH BOX WITH CUTLERY RETROSPOT ,-1,11/3/2011 14:00,2.55,12683,France,-2.55
C544581,S,SAMPLES,-1,2/21/2011 14:32,12.94,Guest,United Kingdom,-12.94
C540787,22364,GLASS JAR DIGESTIVE BISCUITS,-12,1/11/2011 11:45,2.55,13408,United Kingdom,-30.6
C559608,84879,ASSORTED COLOUR BIRD ORNAMENT,-1,7/11/2011 11:44,1.69,14690,United Kingdom,-1.69
C547857,82483,WOOD 2 DRAWER CABINET WHITE FINISH,-2,3/27/2011 12:14,6.95,13050,United Kingdom,-13.9
C562687,21359,RELAX LARGE WOOD LETTERS,-1,8/8/2011 13:53,3.95,15157,United Kingdom,-3.95
C567902,21794,CLASSIC FRENCH STYLE BASKET NATURAL,-1,9/22/2011 16:29,3.95,15555,United Kingdom,-3.95
C561725,M,Manual,-1,7/29/2011 12:10,3.25,17841,United Kingdom,-3.25
C565962,M,Manual,-12,9/8/2011 11:25,1.25,14410,United Kingdom,-15
C538350,21231,SWEETHEART CERAMIC TRINKET BOX,-11,12/10/2010 15:01,1.06,13798,United Kingdom,-11.66
C546907,M,Manual,-25,3/17/2011 18:46,0.67,16422,United Kingdom,-16.75
C576831,23055,IVORY CHANDELIER T-LIGHT HOLDER,-144,11/16/2011 14:56,1,12748,United Kingdom,-144
544703,22202,Unknown,-114,2/23/2011 10:35,0,Guest,United Kingdom,0
C550165,22962,JAM JAR WITH PINK LID,-1,4/14/2011 16:34,0.85,15358,United Kingdom,-0.85
C581409,84946,ANTIQUE SILVER T-LIGHT GLASS,-1,12/8/2011 14:08,1.25,12476,Germany,-1.25
C547725,22710,WRAP I LOVE LONDON ,-25,3/25/2011 10:43,0.42,Guest,United Kingdom,-10.5
562544,84920,Unknown,-9,8/5/2011 15:46,0,Guest,United Kingdom,0
C555636,22676,FRENCH BLUE METAL DOOR SIGN 1,-10,6/6/2011 12:33,1.25,15073,United Kingdom,-12.5
C553479,23174,REGENCY SUGAR BOWL GREEN,-2,5/17/2011 11:50,4.15,13098,United Kingdom,-8.3
554318,84535A,Unknown,-65,5/23/2011 15:30,0,Guest,United Kingdom,0
C548543,M,Manual,-12,3/31/2011 18:44,3.75,14525,United Kingdom,-45
C563446,POST,POSTAGE,-1,8/16/2011 14:24,4.41,15205,United Kingdom,-4.41
567931,84563B,damaged,-11,9/22/2011 17:38,0,Guest,United Kingdom,0
C573755,85183A,CHARLIE & LOLA WASTEPAPER BIN BLUE,-1,11/1/2011 9:41,1.25,13028,United Kingdom,-1.25
C537408,22196,SMALL HEART MEASURING SPOONS,-12,12/6/2010 14:55,0.85,15502,United Kingdom,-10.2
C564504,23209,LUNCH BAG VINTAGE DOILY ,-10,8/25/2011 14:24,1.65,16722,United Kingdom,-16.5
547403,85028L,Unknown,-2,3/22/2011 17:05,0,Guest,United Kingdom,0
C572226,22151,PLACE SETTING WHITE HEART,-1,10/21/2011 13:58,0.42,15321,United Kingdom,-0.42
C576216,22804,PINK HANGING HEART T-LIGHT HOLDER,-3,11/14/2011 12:56,2.95,12584,Italy,-8.85
C559303,23168,CLASSIC CAFE SUGAR DISPENSER,-2,7/7/2011 12:49,1.25,13510,United Kingdom,-2.5
C564759,21471,STRAWBERRY RAFFIA FOOD COVER,-2,8/30/2011 10:40,3.75,14911,EIRE,-7.5
C572440,22720,SET OF 3 CAKE TINS PANTRY DESIGN ,-1,10/24/2011 12:06,4.95,17811,United Kingdom,-4.95
C566167,22698,PINK REGENCY TEACUP AND SAUCER,-1,9/9/2011 12:00,2.95,17865,United Kingdom,-2.95
C538119,22865,HAND WARMER OWL DESIGN,-1,12/9/2010 15:34,2.1,13136,United Kingdom,-2.1
542415,84967B,Unknown,-1,1/27/2011 17:15,0,Guest,United Kingdom,0
C560409,23233,WRAP POPPIES  DESIGN,-25,7/18/2011 14:24,0.42,16717,United Kingdom,-10.5
C558029,22384,LUNCH BAG PINK POLKADOT,-2,6/24/2011 11:47,1.65,12826,United Kingdom,-3.3
C541257,22111,SCOTTIE DOG HOT WATER BOTTLE,-1,1/16/2011 14:48,4.95,18069,United Kingdom,-4.95
C548972,21977,PACK OF 60 PINK PAISLEY CAKE CASES,-24,4/5/2011 11:42,0.55,15674,United Kingdom,-13.2
C575940,23266,SET OF 3 WOODEN STOCKING DECORATION,-12,11/13/2011 11:38,1.25,17838,United Kingdom,-15
C538350,20711,JUMBO BAG TOYS ,-2,12/10/2010 15:01,1.65,13798,United Kingdom,-3.3
C571346,23118,PARISIENNE JEWELLERY DRAWER ,-2,10/17/2011 11:46,7.5,16101,United Kingdom,-15
C570828,90059A,DIAMANTE HAIR GRIP PACK/2 CRYSTAL,-6,10/12/2011 13:15,1.65,14911,EIRE,-9.9
C547502,71477,COLOUR GLASS. STAR T-LIGHT HOLDER,-1,3/23/2011 12:42,3.25,14513,United Kingdom,-3.25
562547,21918,Unknown,-343,8/5/2011 15:49,0,Guest,United Kingdom,0
C553033,22840,ROUND CAKE TIN VINTAGE RED,-2,5/12/2011 19:50,7.95,13883,United Kingdom,-15.9
C559347,20838,FRENCH LATTICE CUSHION COVER ,-12,7/7/2011 17:22,0.85,18072,United Kingdom,-10.2
C562221,22151,PLACE SETTING WHITE HEART,-432,8/3/2011 14:22,0.36,16525,United Kingdom,-155.52
C560526,20725,LUNCH BAG RED RETROSPOT,-2,7/19/2011 11:57,1.65,16401,United Kingdom,-3.3
C565848,23201,JUMBO BAG ALPHABET,-1,9/7/2011 12:48,2.08,14606,United Kingdom,-2.08
C544034,22197,SMALL POPCORN HOLDER,-1,2/15/2011 11:28,0.85,14701,United Kingdom,-0.85
579735,21793,check,-40,11/30/2011 14:25,0,Guest,United Kingdom,0
543308,35969,Unknown,-3,2/7/2011 12:04,0,Guest,United Kingdom,0
C579891,23186,FRENCH STYLE STORAGE JAR CAFE ,-6,12/1/2011 8:18,0.29,13644,United Kingdom,-1.74
C539260,21258,VICTORIAN SEWING BOX LARGE,-7,12/16/2010 14:32,10.95,15100,United Kingdom,-76.65
C556535,22464,HANGING METAL HEART LANTERN,-1,6/13/2011 12:23,1.65,17169,United Kingdom,-1.65
C542539,22423,REGENCY CAKESTAND 3 TIER,-7,1/28/2011 14:07,10.95,14229,United Kingdom,-76.65
C579902,22623,BOX OF VINTAGE JIGSAW BLOCKS ,-3,12/1/2011 8:39,5.95,13365,United Kingdom,-17.85
C567947,21201,TROPICAL  HONEYCOMB PAPER GARLAND ,-1,9/23/2011 8:00,2.55,17663,United Kingdom,-2.55
C554527,23166,MEDIUM CERAMIC TOP STORAGE JAR,-9,5/24/2011 17:25,1.04,15251,United Kingdom,-9.36
C554342,22728,ALARM CLOCK BAKELIKE PINK,-1,5/23/2011 17:42,3.75,16912,United Kingdom,-3.75
548394,82494L,cracked,-39,3/30/2011 17:18,0,Guest,United Kingdom,0
C544174,21272,SALLE DE BAIN HOOK,-1,2/16/2011 14:13,1.25,13001,United Kingdom,-1.25
C579090,84598,BOYS ALPHABET IRON ON PATCHES,-288,11/28/2011 10:48,0.21,12427,Germany,-60.48
545990,84598,check,-3000,3/8/2011 13:07,0,Guest,United Kingdom,0
C544583,S,SAMPLES,-1,2/21/2011 14:48,4.59,Guest,United Kingdom,-4.59
C542376,M,Manual,-1,1/27/2011 13:44,4.65,13777,United Kingdom,-4.65
C581229,21507,ELEPHANT BIRTHDAY CARD ,-12,12/8/2011 10:14,0.42,12558,USA,-5.04
C555935,23207,LUNCH BAG ALPHABET DESIGN,-10,6/8/2011 9:14,1.65,12567,France,-16.5
C537406,22849,BREAD BIN DINER STYLE MINT,-4,12/6/2010 14:53,14.95,15502,United Kingdom,-59.8
C570490,22367,CHILDRENS APRON SPACEBOY DESIGN,-2,10/10/2011 17:16,1.95,14356,United Kingdom,-3.9
C542264,22423,REGENCY CAKESTAND 3 TIER,-2,1/26/2011 17:25,10.95,15215,United Kingdom,-21.9
C548193,20725,LUNCH BAG RED RETROSPOT,-3,3/29/2011 15:27,1.45,14680,United Kingdom,-4.35
C573228,23148,MINIATURE ANTIQUE ROSE HOOK IVORY,-1,10/28/2011 11:54,0.83,16764,United Kingdom,-0.83
C560855,47504H,ENGLISH ROSE SPIRIT LEVEL ,-4,7/21/2011 13:00,1.25,14410,United Kingdom,-5
C576348,23404,HOME SWEET HOME BLACKBOARD,-1,11/14/2011 15:40,4.95,13267,United Kingdom,-4.95
C557175,22962,JAM JAR WITH PINK LID,-3,6/17/2011 11:13,0.85,16170,United Kingdom,-2.55
C537798,22357,KINGS CHOICE BISCUIT TIN,-1,12/8/2010 13:07,4.25,16553,United Kingdom,-4.25
C538341,16258A,SWIRLY CIRCULAR RUBBERS IN BAG,-1,12/10/2010 14:03,0.42,15514,United Kingdom,-0.42
C571859,85159A,"BLACK TEA,COFFEE,SUGAR JARS",-1,10/19/2011 13:39,1.95,15159,United Kingdom,-1.95
C562952,23167,SMALL CERAMIC TOP STORAGE JAR ,-2,8/11/2011 10:10,0.83,12749,United Kingdom,-1.66
C570552,85099F,JUMBO BAG STRAWBERRY,-100,10/11/2011 11:01,1.74,16029,United Kingdom,-174
C563752,22630,DOLLY GIRL LUNCH BOX,-1,8/19/2011 10:38,1.95,12362,Belgium,-1.95
C544558,22360,GLASS JAR ENGLISH CONFECTIONERY,-11,2/21/2011 12:33,2.55,16073,United Kingdom,-28.05
C545723,22357,KINGS CHOICE BISCUIT TIN,-2,3/7/2011 11:16,4.25,17048,United Kingdom,-8.5
C548857,21314,SMALL GLASS HEART TRINKET POT,-10,4/4/2011 13:28,1.85,15311,United Kingdom,-18.5
561918,85127,Unknown,-6,8/1/2011 12:05,0,Guest,United Kingdom,0
C557646,22988,SOLDIERS EGG CUP ,-13,6/21/2011 17:11,1.06,17306,United Kingdom,-13.78
C547798,22333,RETROSPOT PARTY BAG + STICKER SET,-2,3/25/2011 12:43,1.65,17204,United Kingdom,-3.3
C571680,21232,STRAWBERRY CERAMIC TRINKET BOX,-1,10/18/2011 13:43,1.06,12679,France,-1.06
578431,22579,Unknown,-18,11/24/2011 12:15,0,Guest,United Kingdom,0
551580,85084,Unknown,-5,5/3/2011 11:20,0,Guest,United Kingdom,0
C581409,23425,STORAGE TIN HOME SWEET HOME,-3,12/8/2011 14:08,2.49,12476,Germany,-7.47
C553877,21533,RETROSPOT LARGE MILK JUG,-1,5/19/2011 14:47,4.95,13319,United Kingdom,-4.95
C560855,22858,EASTER TIN KEEPSAKE,-6,7/21/2011 13:00,1.65,14410,United Kingdom,-9.9
C539577,22941,CHRISTMAS LIGHTS 10 REINDEER,-1,12/20/2010 12:41,8.5,17924,United Kingdom,-8.5
C579893,37449,CERAMIC CAKE STAND + HANGING CAKES,-2,12/1/2011 8:25,9.95,13468,United Kingdom,-19.9
549528,21422,Unknown,-55,4/8/2011 16:44,0,Guest,United Kingdom,0
C564493,22364,GLASS JAR DIGESTIVE BISCUITS,-4,8/25/2011 14:19,2.95,13089,United Kingdom,-11.8
C540246,22834,HAND WARMER BABUSHKA DESIGN,-1,1/5/2011 15:43,1.85,13081,United Kingdom,-1.85
C562795,23235,STORAGE TIN VINTAGE LEAF,-1,8/9/2011 14:23,2.89,13709,United Kingdom,-2.89
C566459,21535,RED RETROSPOT SMALL MILK JUG,-2,9/12/2011 17:17,2.55,13236,United Kingdom,-5.1
C567543,21311,SET/4 BIRD MIRROR MAGNETS ,-21,9/21/2011 10:19,0.29,13418,United Kingdom,-6.09
C569963,22636,CHILDS BREAKFAST SET CIRCUS PARADE,-3,10/6/2011 18:45,8.5,13131,United Kingdom,-25.5
C545678,84978,HANGING HEART JAR T-LIGHT HOLDER,-1,3/6/2011 10:49,1.25,16678,United Kingdom,-1.25
C555727,23112,PARISIENNE CURIO CABINET,-2,6/6/2011 16:24,7.5,15737,United Kingdom,-15
C567978,71477,COLOUR GLASS. STAR T-LIGHT HOLDER,-1,9/23/2011 10:40,3.95,14546,United Kingdom,-3.95
580377,84609,damages,-29,12/2/2011 17:52,0,Guest,United Kingdom,0
C576216,22720,SET OF 3 CAKE TINS PANTRY DESIGN ,-3,11/14/2011 12:56,4.95,12584,Italy,-14.85
C575651,22617,BAKING SET SPACEBOY DESIGN,-1,11/10/2011 14:26,4.95,17653,United Kingdom,-4.95
C550195,22891,TEA FOR ONE POLKADOT,-1,4/15/2011 9:55,4.25,14796,United Kingdom,-4.25
C568232,22661,CHARLOTTE BAG DOLLY GIRL DESIGN,-10,9/26/2011 11:27,0.85,14808,United Kingdom,-8.5
C558727,23168,CLASSIC CAFE SUGAR DISPENSER,-1,7/1/2011 14:35,1.25,12709,Germany,-1.25
C569636,23297,SET 40 HEART SHAPE PETIT FOUR CASES,-4,10/5/2011 12:14,1.65,12841,United Kingdom,-6.6
C554100,82482,WOODEN PICTURE FRAME WHITE FINISH,-1,5/22/2011 13:27,2.55,15555,United Kingdom,-2.55
573594,79323P,"Unsaleable, destroyed.",-2003,10/31/2011 15:16,0,Guest,United Kingdom,0
C553562,23199,JUMBO BAG APPLES,-1,5/17/2011 17:26,2.08,13534,United Kingdom,-2.08
C573037,23294,SET OF 6 SNACK LOAF BAKING CASES,-1,10/27/2011 13:45,0.83,12471,Germany,-0.83
C569644,23112,PARISIENNE CURIO CABINET,-1,10/5/2011 12:31,7.5,14534,United Kingdom,-7.5
C569985,23048,SET OF 10 LANTERNS FAIRY LIGHT STAR,-24,10/6/2011 19:51,4.15,15365,United Kingdom,-99.6
C538341,21647,ASSORTED TUTTI FRUTTI LARGE PURSE,-1,12/10/2010 14:03,2.1,15514,United Kingdom,-2.1
C546302,85040A,S/4 PINK FLOWER CANDLES IN BOWL,-1,3/10/2011 15:27,1.65,14214,United Kingdom,-1.65
C549783,22960,JAM MAKING SET WITH JARS,-1,4/12/2011 11:50,4.25,16558,United Kingdom,-4.25
C570686,22962,JAM JAR WITH PINK LID,-2,10/11/2011 16:27,0.85,13418,United Kingdom,-1.7
C546901,22501,PICNIC BASKET WICKER LARGE,-2,3/17/2011 18:29,9.95,14112,United Kingdom,-19.9
C553511,BANK CHARGES,Bank Charges,-1,5/17/2011 13:49,86.9,Guest,United Kingdom,-86.9
C554690,22847,BREAD BIN DINER STYLE IVORY,-1,5/25/2011 16:56,16.95,16871,United Kingdom,-16.95
C541868,21232,STRAWBERRY CERAMIC TRINKET BOX,-2,1/24/2011 9:30,1.25,14796,United Kingdom,-2.5
C567518,M,Manual,-1,9/20/2011 16:28,5.95,Guest,EIRE,-5.95
C564909,D,Discount,-1,8/31/2011 12:29,66.17,15498,United Kingdom,-66.17
548104,84854,Unknown,-3,3/29/2011 12:18,0,Guest,United Kingdom,0
C560687,22998,TRAVEL CARD WALLET KEEP CALM,-1,7/20/2011 11:51,0.42,14606,United Kingdom,-0.42
C567681,20726,LUNCH BAG WOODLAND,-2,9/21/2011 16:24,1.65,15433,United Kingdom,-3.3
C550455,22423,REGENCY CAKESTAND 3 TIER,-1,4/18/2011 13:02,10.95,13098,United Kingdom,-10.95
C547031,22423,REGENCY CAKESTAND 3 TIER,-8,3/20/2011 10:17,10.95,15465,United Kingdom,-87.6
C554197,21781,MA CAMPAGNE CUTLERY BOX,-1,5/23/2011 12:14,14.95,14573,United Kingdom,-14.95
C548469,21258,VICTORIAN SEWING BOX LARGE,-4,3/31/2011 12:32,12.75,14543,United Kingdom,-51
C557874,22961,JAM MAKING SET PRINTED,-1,6/23/2011 13:05,1.45,14911,EIRE,-1.45
C570828,90118,PINK DAISY BAG CHARM,-6,10/12/2011 13:15,2.55,14911,EIRE,-15.3
C552556,21754,HOME BUILDING BLOCK WORD,-3,5/10/2011 11:21,5.95,17504,United Kingdom,-17.85
C573219,22470,HEART OF WICKER LARGE,-1,10/28/2011 11:49,2.95,14415,United Kingdom,-2.95
C562425,23243,SET OF TEA COFFEE SUGAR TINS PANTRY,-1,8/4/2011 17:08,4.95,12584,Italy,-4.95
C571893,47504K,ENGLISH ROSE GARDEN SECATEURS,-12,10/19/2011 14:13,0.79,13314,United Kingdom,-9.48
C537408,47580,TEA TIME DES TEA COSY,-6,12/6/2010 14:55,2.55,15502,United Kingdom,-15.3
C569655,22971,QUEENS GUARD COFFEE MUG,-4,10/5/2011 12:58,2.55,14534,United Kingdom,-10.2
C560877,23064,CINDERELLA CHANDELIER ,-1,7/21/2011 15:14,49.95,16859,United Kingdom,-49.95
C567690,20704,MR ROBOT SOFT TOY,-4,9/21/2011 17:01,6.95,15810,United Kingdom,-27.8
C564426,21875,KINGS CHOICE MUG,-1,8/25/2011 11:13,1.25,15804,United Kingdom,-1.25
C558444,85099B,JUMBO BAG RED RETROSPOT,-1,6/29/2011 13:29,1.76,15311,United Kingdom,-1.76
C569993,23328,SET 6 SCHOOL MILK BOTTLES IN CRATE,-4,10/6/2011 20:28,3.75,17633,United Kingdom,-15
C578282,22429,ENAMEL MEASURING JUG CREAM,-1,11/23/2011 13:54,4.25,17841,United Kingdom,-4.25
C537677,21166,COOK WITH WINE METAL SIGN ,-1,12/8/2010 9:55,1.95,14796,United Kingdom,-1.95
C556293,84946,ANTIQUE SILVER T-LIGHT GLASS,-72,6/10/2011 9:30,1.06,13094,United Kingdom,-76.32
C554516,D,Discount,-1,5/24/2011 16:50,13.88,14527,United Kingdom,-13.88
C572491,23198,PANTRY MAGNETIC  SHOPPING LIST,-3,10/24/2011 14:02,1.45,13047,United Kingdom,-4.35
C536548,22245,"HOOK, 1 HANGER ,MAGIC GARDEN",-2,12/1/2010 14:33,0.85,12472,Germany,-1.7
C539943,22198,LARGE POPCORN HOLDER ,-3,12/23/2010 11:36,1.65,14032,United Kingdom,-4.95
C575940,84992,72 SWEETHEART FAIRY CAKE CASES,-24,11/13/2011 11:38,0.55,17838,United Kingdom,-13.2
C558364,POST,POSTAGE,-1,6/28/2011 15:20,3.95,Guest,United Kingdom,-3.95
C539402,22488,NATURAL SLATE RECTANGLE CHALKBOARD,-1,12/17/2010 12:19,1.65,17315,United Kingdom,-1.65
C572226,23274,STAR T-LIGHT HOLDER WILLIE WINKIE,-1,10/21/2011 13:58,1.65,15321,United Kingdom,-1.65
C555877,23089,GLASS BON BON JAR,-1,6/7/2011 15:28,1.65,16218,United Kingdom,-1.65
579733,84581,check,-41,11/30/2011 14:24,0,Guest,United Kingdom,0
C571928,23494,VINTAGE DOILY DELUXE SEWING KIT ,-5,10/19/2011 16:44,5.95,12720,Germany,-29.75
C537807,21812,GARLAND WITH HEARTS AND BELLS,-6,12/8/2010 13:23,4.95,13495,United Kingdom,-29.7
C540307,22094,RED RETROSPOT TISSUE BOX,-12,1/6/2011 12:58,1.25,15823,United Kingdom,-15
C539067,22865,HAND WARMER OWL DESIGN,-12,12/15/2010 16:55,2.1,15194,United Kingdom,-25.2
C562221,47566,PARTY BUNTING,-8,8/3/2011 14:22,4.95,16525,United Kingdom,-39.6
C565615,22976,CIRCUS PARADE CHILDRENS EGG CUP ,-1,9/5/2011 15:20,1.25,12683,France,-1.25
554559,16151A,Unknown,-2,5/25/2011 10:28,0,Guest,United Kingdom,0
C570828,90177C,DROP DIAMANTE EARRINGS CRYSTAL,-6,10/12/2011 13:15,2.95,14911,EIRE,-17.7
C539866,22634,CHILDS BREAKFAST SET SPACEBOY ,-4,12/23/2010 10:20,8.5,12427,Germany,-34
C570012,22166,WALL MIRROR RECTANGLE DIAMANTE PINK,-2,10/7/2011 9:53,7.95,15344,United Kingdom,-15.9
C544814,M,Manual,-1,2/23/2011 16:36,30.19,15590,United Kingdom,-30.19
C557249,23300,GARDENERS KNEELING PAD CUP OF TEA ,-6,6/17/2011 15:34,1.65,16817,United Kingdom,-9.9
C548465,22776,SWEETHEART CAKESTAND 3 TIER,-23,3/31/2011 12:17,8.5,17526,United Kingdom,-195.5
C552722,22962,JAM JAR WITH PINK LID,-7,5/11/2011 10:17,0.85,12720,Germany,-5.95
C575150,23289,DOLLY GIRL CHILDRENS BOWL,-1,11/8/2011 16:05,1.25,12471,Germany,-1.25
C566780,21231,SWEETHEART CERAMIC TRINKET BOX,-1,9/15/2011 10:08,1.25,12997,United Kingdom,-1.25
C542261,22970,LONDON BUS COFFEE MUG,-6,1/26/2011 17:13,2.1,17306,United Kingdom,-12.6
C569989,85099B,JUMBO BAG RED RETROSPOT,-58,10/6/2011 20:08,1.79,16839,United Kingdom,-103.82
C536853,84678,CLASSICAL ROSE SMALL VASE,-1,12/3/2010 10:07,2.55,14679,United Kingdom,-2.55
C545678,22098,BOUDOIR SQUARE TISSUE BOX,-1,3/6/2011 10:49,1.25,16678,United Kingdom,-1.25
C578832,22379,RECYCLING BAG RETROSPOT ,-15,11/25/2011 15:18,2.1,13069,United Kingdom,-31.5
C567884,22909,SET OF 20 VINTAGE CHRISTMAS NAPKINS,-2,9/22/2011 15:08,0.85,13627,United Kingdom,-1.7
C570283,85053,FRENCH ENAMEL CANDLEHOLDER,-1,10/10/2011 11:20,2.1,12708,Germany,-2.1
C570290,21430,SET/3 RED GINGHAM ROSE STORAGE BOX,-4,10/10/2011 11:54,3.75,14665,United Kingdom,-15
C569114,22832,BROCANTE SHELF WITH HOOKS,-2,9/30/2011 12:50,10.75,14911,EIRE,-21.5
C569909,22891,TEA FOR ONE POLKADOT,-1,10/6/2011 16:43,4.25,17611,United Kingdom,-4.25
560719,84877A,Unknown,-21,7/20/2011 13:30,0,Guest,United Kingdom,0
C558716,22997,TRAVEL CARD WALLET UNION JACK,-24,7/1/2011 13:22,0.42,17888,United Kingdom,-10.08
C579915,22726,ALARM CLOCK BAKELIKE GREEN,-2,12/1/2011 8:56,3.75,16570,United Kingdom,-7.5
C554344,22064,PINK DOUGHNUT TRINKET POT ,-1,5/23/2011 17:44,1.65,14032,United Kingdom,-1.65
C570867,23254,CHILDRENS CUTLERY DOLLY GIRL ,-4,10/12/2011 16:17,4.15,12607,USA,-16.6
C553561,21843,RED RETROSPOT CAKE STAND,-1,5/17/2011 17:24,10.95,15596,United Kingdom,-10.95
C575879,21519,GIN & TONIC DIET GREETING CARD ,-12,11/11/2011 13:30,0.42,13588,United Kingdom,-5.04
C543347,21668,RED STRIPE CERAMIC DRAWER KNOB,-1,2/7/2011 12:44,1.25,12472,Germany,-1.25
C542742,85124B,BLUE JUICY FRUIT PHOTO FRAME,-6,1/31/2011 16:26,2.55,15358,United Kingdom,-15.3
C573031,22818,CARD CHRISTMAS VILLAGE,-12,10/27/2011 13:35,0.42,13004,United Kingdom,-5.04
C567703,22630,DOLLY GIRL LUNCH BOX,-1,9/22/2011 9:38,1.95,15810,United Kingdom,-1.95
C553028,21314,SMALL GLASS HEART TRINKET POT,-2,5/12/2011 19:39,2.1,15194,United Kingdom,-4.2
C574753,23227,FILIGREE HEART BUTTERFLY WHITE ,-3,11/7/2011 9:20,1.25,13924,United Kingdom,-3.75
C580919,23240,SET OF 4 KNICK KNACK TINS DOILY ,-1,12/6/2011 14:07,4.15,16571,United Kingdom,-4.15
C561358,22634,CHILDS BREAKFAST SET SPACEBOY ,-8,7/26/2011 15:10,8.5,12626,Germany,-68
C550752,22801,ANTIQUE GLASS PEDESTAL BOWL,-1,4/20/2011 11:49,3.75,13089,United Kingdom,-3.75
C574347,23395,BELLE JARDINIERE CUSHION COVER,-3,11/4/2011 10:28,3.75,12500,Germany,-11.25
C544437,M,Manual,-1,2/18/2011 17:19,82.5,16027,United Kingdom,-82.5
C571635,22659,LUNCH BOX I LOVE LONDON,-1,10/18/2011 11:39,1.95,16393,United Kingdom,-1.95
C581235,22423,REGENCY CAKESTAND 3 TIER,-1,12/8/2011 10:34,12.75,15950,United Kingdom,-12.75
C565681,23203,JUMBO BAG VINTAGE DOILY ,-10,9/6/2011 10:42,2.08,15521,United Kingdom,-20.8
C543195,22061,LARGE CAKE STAND  HANGING STRAWBERY,-1,2/4/2011 12:29,8.5,13113,United Kingdom,-8.5
C554517,21232,STRAWBERRY CERAMIC TRINKET BOX,-4,5/24/2011 16:55,1.25,15434,United Kingdom,-5
C571329,23413,VINTAGE COFFEE GRINDER BOX,-12,10/17/2011 11:32,4.15,17706,United Kingdom,-49.8
C572481,23032,DRAWER KNOB CRACKLE GLAZE IVORY,-6,10/24/2011 13:48,1.65,15632,United Kingdom,-9.9
C553763,23112,PARISIENNE CURIO CABINET,-1,5/19/2011 10:39,7.5,15081,United Kingdom,-7.5
572687,20840,damages,-30,10/25/2011 14:05,0,Guest,United Kingdom,0
C538701,22644,CERAMIC CHERRY CAKE MONEY BANK,-1,12/14/2010 10:25,1.45,16863,United Kingdom,-1.45
C536506,22960,JAM MAKING SET WITH JARS,-6,12/1/2010 12:38,4.25,17897,United Kingdom,-25.5
C549184,POST,POSTAGE,-1,4/7/2011 9:28,40,12428,Finland,-40
C555342,21399,BLUE POLKADOT COFFEE MUG,-48,6/2/2011 11:42,0.39,17578,United Kingdom,-18.72
C548360,21929,JUMBO BAG PINK VINTAGE PAISLEY,-1,3/30/2011 15:35,2.08,13534,United Kingdom,-2.08
C549013,22727,ALARM CLOCK BAKELIKE RED ,-1,4/5/2011 14:52,3.75,15648,United Kingdom,-3.75
C560365,23080,RED METAL BOX TOP SECRET,-1,7/18/2011 12:17,8.25,14390,United Kingdom,-8.25
C552029,20983,12 PENCILS TALL TUBE RED RETROSPOT,-1,5/5/2011 18:11,0.85,15622,United Kingdom,-0.85
C557408,79191C,RETRO PLASTIC ELEPHANT TRAY,-12,6/20/2011 11:33,0.85,12621,Germany,-10.2
C560855,22260,FELT EGG COSY BLUE RABBIT ,-4,7/21/2011 13:00,0.85,14410,United Kingdom,-3.4
C551464,22299,PIG KEYRING WITH LIGHT & SOUND ,-24,4/28/2011 16:15,1.25,13085,United Kingdom,-30
560600,18007,Unknown,-2834,7/19/2011 17:04,0,Guest,United Kingdom,0
C580832,23480,MINI LIGHTS WOODLAND MUSHROOMS,-15,12/6/2011 11:40,3.29,12753,Japan,-49.35
C539329,85123A,WHITE HANGING HEART T-LIGHT HOLDER,-500,12/17/2010 9:37,2.55,16013,United Kingdom,-1275
C542910,22659,LUNCH BOX I LOVE LONDON,-1,2/1/2011 15:38,1.65,17511,United Kingdom,-1.65
C562953,22328,ROUND SNACK BOXES SET OF 4 FRUITS ,-1,8/11/2011 10:12,2.95,16180,United Kingdom,-2.95
C566947,22798,ANTIQUE GLASS DRESSING TABLE POT,-4,9/15/2011 16:28,2.95,13871,United Kingdom,-11.8
C579904,82486,3 DRAWER ANTIQUE WHITE WOOD CABINET,-2,12/1/2011 8:43,8.95,17049,United Kingdom,-17.9
C557651,23175,REGENCY MILK JUG PINK ,-2,6/21/2011 17:20,2.75,17428,United Kingdom,-5.5
C566467,84991,60 TEATIME FAIRY CAKE CASES,-27,9/12/2011 18:04,0.55,14688,United Kingdom,-14.85
C578832,23298,SPOTTY BUNTING,-2,11/25/2011 15:18,4.95,13069,United Kingdom,-9.9
C558349,BANK CHARGES,Bank Charges,-1,6/28/2011 14:50,82.89,Guest,United Kingdom,-82.89
C575142,21591,COSY HOUR CIGAR BOX MATCHES ,-30,11/8/2011 15:36,1.25,17183,United Kingdom,-37.5
C564854,22423,REGENCY CAKESTAND 3 TIER,-3,8/31/2011 8:56,10.95,17865,United Kingdom,-32.85
C559003,22801,ANTIQUE GLASS PEDESTAL BOWL,-6,7/5/2011 12:19,3.75,13089,United Kingdom,-22.5
C565848,22998,TRAVEL CARD WALLET KEEP CALM,-16,9/7/2011 12:48,0.42,14606,United Kingdom,-6.72
549036,84993B,Unknown,-54,4/5/2011 17:09,0,Guest,United Kingdom,0
C541499,22766,PHOTO FRAME CORNICE,-1,1/18/2011 15:23,2.95,13693,United Kingdom,-2.95
C548460,22990,COTTON APRON PANTRY DESIGN,-2,3/31/2011 11:58,4.95,16801,United Kingdom,-9.9
C559019,21810,CHRISTMAS HANGING STAR WITH BELL,-48,7/5/2011 13:10,1.25,14034,United Kingdom,-60
C569995,22737,RIBBON REEL CHRISTMAS PRESENT ,-30,10/6/2011 20:36,1.65,14557,United Kingdom,-49.5
C546997,84879,ASSORTED COLOUR BIRD ORNAMENT,-5,3/18/2011 13:32,1.69,12748,United Kingdom,-8.45
C545885,22667,RECIPE BOX RETROSPOT ,-1,3/7/2011 15:52,2.95,15827,United Kingdom,-2.95
C575172,22960,JAM MAKING SET WITH JARS,-3,11/8/2011 17:53,4.25,16790,United Kingdom,-12.75
C575385,22119,PEACE WOODEN BLOCK LETTERS,-1,11/9/2011 15:19,6.95,15916,United Kingdom,-6.95
C575839,22554,PLASTERS IN TIN WOODLAND ANIMALS,-12,11/11/2011 11:40,1.65,12517,Germany,-19.8
544347,22114,Unknown,-4,2/18/2011 9:51,0,Guest,United Kingdom,0
C560409,48138,DOORMAT UNION FLAG,-2,7/18/2011 14:24,7.95,16717,United Kingdom,-15.9
C555636,22681,FRENCH BLUE METAL DOOR SIGN 6,-10,6/6/2011 12:33,1.25,15073,United Kingdom,-12.5
C548460,22691,DOORMAT WELCOME SUNRISE,-2,3/31/2011 11:58,7.95,16801,United Kingdom,-15.9
C564279,37501,TEA TIME TEA SET IN GIFT BOX,-2,8/24/2011 10:54,6.95,17706,United Kingdom,-13.9
C574486,23110,PARISIENNE KEY CABINET ,-2,11/4/2011 12:56,5.75,15329,United Kingdom,-11.5
C539644,22423,REGENCY CAKESTAND 3 TIER,-21,12/20/2010 15:52,10.95,12471,Germany,-229.95
C575573,21535,RED RETROSPOT SMALL MILK JUG,-1,11/10/2011 11:34,2.55,16705,United Kingdom,-2.55
C560855,85173,SET/6 FROG PRINCE T-LIGHT CANDLES,-5,7/21/2011 13:00,2.55,14410,United Kingdom,-12.75
C569995,22439,6 ROCKET BALLOONS ,-24,10/6/2011 20:36,0.65,14557,United Kingdom,-15.6
C566423,21622,VINTAGE UNION JACK CUSHION COVER,-2,9/12/2011 14:00,4.95,16984,United Kingdom,-9.9
C565848,22385,JUMBO BAG SPACEBOY DESIGN,-1,9/7/2011 12:48,2.08,14606,United Kingdom,-2.08
C566473,82483,WOOD 2 DRAWER CABINET WHITE FINISH,-2,9/12/2011 18:25,6.95,16705,United Kingdom,-13.9
C541512,85036B,CHOCOLATE 1 WICK MORRIS BOX CANDLE,-6,1/18/2011 16:52,4.25,17576,United Kingdom,-25.5
C546997,22398,MAGNETS PACK OF 4 SWALLOWS,-6,3/18/2011 13:32,1.25,12748,United Kingdom,-7.5
C553531,S,SAMPLES,-1,5/17/2011 15:09,16,Guest,United Kingdom,-16
C539279,22168,ORGANISER WOOD ANTIQUE WHITE ,-2,12/16/2010 15:40,8.5,13267,United Kingdom,-17
C564212,22992,REVOLVER WOODEN RULER ,-1,8/24/2011 9:13,1.95,13209,United Kingdom,-1.95
C565284,22423,REGENCY CAKESTAND 3 TIER,-6,9/2/2011 11:31,10.95,12471,Germany,-65.7
554928,21763,Unknown,-3,5/27/2011 13:03,0,Guest,United Kingdom,0
C550147,POST,POSTAGE,-3,4/14/2011 14:23,18,12637,France,-54
C564711,21232,STRAWBERRY CERAMIC TRINKET BOX,-1,8/28/2011 10:31,1.25,16768,United Kingdom,-1.25
C540841,POST,POSTAGE,-1,1/11/2011 16:14,12.99,15602,United Kingdom,-12.99
C546205,POST,POSTAGE,-1,3/10/2011 11:14,2.84,18223,United Kingdom,-2.84
C570867,21499,BLUE POLKADOT WRAP,-25,10/12/2011 16:17,0.42,12607,USA,-10.5
C579878,21314,SMALL GLASS HEART TRINKET POT,-1,11/30/2011 17:12,2.1,17340,United Kingdom,-2.1
C567147,21658,GLASS  BEURRE DISH,-1,9/16/2011 15:14,3.39,12709,Germany,-3.39
C569984,22166,WALL MIRROR RECTANGLE DIAMANTE PINK,-1,10/6/2011 19:50,7.95,17231,United Kingdom,-7.95
561362,84415A,Unknown,-11,7/26/2011 15:41,0,Guest,United Kingdom,0
C561594,23250,VINTAGE RED TRIM ENAMEL BOWL ,-24,7/28/2011 11:22,1.25,17671,United Kingdom,-30
C576393,21891,TRADITIONAL WOODEN SKIPPING ROPE,-6,11/15/2011 10:34,0.72,13735,United Kingdom,-4.32
C554931,21671,RED SPOT CERAMIC DRAWER KNOB,-1,5/27/2011 13:21,1.25,17841,United Kingdom,-1.25
C539409,POST,POSTAGE,-1,12/17/2010 12:58,18,12720,Germany,-18
C555487,23169,CLASSIC GLASS COOKIE JAR,-6,6/3/2011 13:21,4.15,16484,United Kingdom,-24.9
C577383,21068,VINTAGE BILLBOARD LOVE/HATE MUG,-1,11/18/2011 16:48,1.25,13091,United Kingdom,-1.25
C571059,85066,CREAM SWEETHEART MINI CHEST,-1,10/13/2011 14:27,12.75,17813,United Kingdom,-12.75
C575224,23344,JUMBO BAG 50'S CHRISTMAS ,-100,11/9/2011 11:41,1.79,17511,United Kingdom,-179
C559136,21788,KIDS RAIN MAC BLUE,-1,7/6/2011 13:21,0.65,17511,United Kingdom,-0.65
C543469,21452,TOADSTOOL MONEY BOX,-2,2/8/2011 14:55,2.55,12709,Germany,-5.1
576424,85036C,check,-4,11/15/2011 11:24,0,Guest,United Kingdom,0
C553150,22677,FRENCH BLUE METAL DOOR SIGN 2,-1,5/13/2011 14:22,1.25,17841,United Kingdom,-1.25
C537251,21890,S/6 WOODEN SKITTLES IN COTTON BAG,-2,12/6/2010 10:45,2.95,Guest,United Kingdom,-5.9
C579887,85048,15CM CHRISTMAS GLASS BALL 20 LIGHTS,-1,11/30/2011 17:42,7.95,16717,United Kingdom,-7.95
C570683,21257,VICTORIAN SEWING BOX MEDIUM,-1,10/11/2011 16:09,7.95,16161,United Kingdom,-7.95
C541868,37448,CERAMIC CAKE DESIGN SPOTTED MUG,-4,1/24/2011 9:30,1.49,14796,United Kingdom,-5.96
557597,23115,Damaged,-1440,6/21/2011 11:33,0,Guest,United Kingdom,0
C558471,22974,CHILDRENS DOLLY GIRL MUG,-1,6/29/2011 15:38,1.65,12408,Belgium,-1.65
C574095,23237,SET OF 4 KNICK KNACK TINS LEAF,-1,11/3/2011 9:54,4.15,12674,France,-4.15
C540142,22666,RECIPE BOX PANTRY YELLOW DESIGN,-1,1/5/2011 10:50,2.95,12782,Portugal,-2.95
C547858,22720,SET OF 3 CAKE TINS PANTRY DESIGN ,-1,3/27/2011 12:16,4.95,14911,EIRE,-4.95
C545677,21534,DAIRY MAID LARGE MILK JUG,-1,3/6/2011 10:48,4.95,14543,United Kingdom,-4.95
C557629,23242,TREASURE TIN BUFFALO BILL ,-6,6/21/2011 14:52,2.08,14776,United Kingdom,-12.48
C564812,D,Discount,-1,8/30/2011 11:45,16.67,14527,United Kingdom,-16.67
C574584,85036C,ROSE 1 WICK MORRIS BOXED CANDLE,-180,11/4/2011 18:11,1,15482,United Kingdom,-180
567367,17012A,Unknown,-86,9/19/2011 17:15,0,Guest,United Kingdom,0
C569038,23345, DOLLY GIRL BEAKER,-1,9/30/2011 10:46,1.25,12940,United Kingdom,-1.25
C559939,21428,SET3 BOOK BOX GREEN GINGHAM FLOWER ,-4,7/14/2011 10:19,4.25,14426,United Kingdom,-17
C538341,22725,ALARM CLOCK BAKELIKE CHOCOLATE,-3,12/10/2010 14:03,3.75,15514,United Kingdom,-11.25
C541693,22697,GREEN REGENCY TEACUP AND SAUCER,-3,1/20/2011 17:02,2.95,14309,United Kingdom,-8.85
C542104,22865,HAND WARMER OWL DESIGN,-1,1/25/2011 13:26,1.85,16191,United Kingdom,-1.85
C561117,POST,POSTAGE,-3,7/25/2011 12:23,40,13520,Switzerland,-120
C542537,21216,"SET 3 RETROSPOT TEA,COFFEE,SUGAR",-3,1/28/2011 13:54,4.95,12501,Germany,-14.85
C537805,20798,CLEAR MILKSHAKE GLASS,-4,12/8/2010 13:18,1.65,15311,United Kingdom,-6.6
C548469,22625,RED KITCHEN SCALES,-2,3/31/2011 12:32,7.65,14543,United Kingdom,-15.3
C553510,23112,PARISIENNE CURIO CABINET,-3,5/17/2011 13:46,6.65,14342,United Kingdom,-19.95
C554862,22784,LANTERN CREAM GAZEBO ,-2,5/27/2011 10:34,4.25,13468,United Kingdom,-8.5
C569786,22794,SWEETHEART WIRE MAGAZINE RACK,-1,10/6/2011 11:40,7.95,17813,United Kingdom,-7.95
C569995,22909,SET OF 20 VINTAGE CHRISTMAS NAPKINS,-24,10/6/2011 20:36,0.85,14557,United Kingdom,-20.4
C570099,22377,BOTTLE BAG RETROSPOT ,-1,10/7/2011 12:11,1.65,13798,United Kingdom,-1.65
C569390,M,Manual,-1,10/3/2011 16:53,152.78,15502,United Kingdom,-152.78
C542726,22700,BLACK AND WHITE DOG BOWL,-3,1/31/2011 15:08,2.95,16191,United Kingdom,-8.85
C574894,22554,PLASTERS IN TIN WOODLAND ANIMALS,-12,11/7/2011 14:43,1.65,12597,Spain,-19.8
C572440,22224,WHITE LOVEBIRD LANTERN,-2,10/24/2011 12:06,2.95,17811,United Kingdom,-5.9
C564142,79191C,RETRO PLASTIC ELEPHANT TRAY,-1,8/23/2011 11:49,0.85,12477,Germany,-0.85
C563599,84946,ANTIQUE SILVER T-LIGHT GLASS,-1,8/18/2011 6:22,1.25,15152,United Kingdom,-1.25
C546897,22720,SET OF 3 CAKE TINS PANTRY DESIGN ,-1,3/17/2011 18:25,4.95,18183,United Kingdom,-4.95
C550475,21169,YOU'RE CONFUSING ME METAL SIGN ,-1,4/18/2011 13:59,1.45,13798,United Kingdom,-1.45
C564138,23239,SET OF 4 KNICK KNACK TINS POPPIES,-1,8/23/2011 11:36,3.75,12753,Japan,-3.75
C576324,21259,VICTORIAN SEWING BOX SMALL ,-1,11/14/2011 15:10,5.95,16161,United Kingdom,-5.95
C543661,21232,STRAWBERRY CERAMIC TRINKET BOX,-2,2/11/2011 10:41,1.25,12471,Germany,-2.5
C566943,22191,IVORY DINER WALL CLOCK,-1,9/15/2011 16:17,8.5,16293,United Kingdom,-8.5
577789,23057,rusty throw away,-280,11/21/2011 16:28,0,Guest,United Kingdom,0
C559461,20725,LUNCH BAG RED RETROSPOT,-10,7/8/2011 13:04,1.65,14680,United Kingdom,-16.5
C574894,22553,PLASTERS IN TIN SKULLS,-12,11/7/2011 14:43,1.65,12597,Spain,-19.8
556307,37479P,sold as set on dotcom,-30,6/10/2011 10:39,0,Guest,United Kingdom,0
560941,85230E,Unknown,-178,7/22/2011 11:21,0,Guest,United Kingdom,0
C563610,21216,"SET 3 RETROSPOT TEA,COFFEE,SUGAR",-1,8/18/2011 6:36,4.25,14937,Channel Islands,-4.25
C569985,22622,BOX OF VINTAGE ALPHABET BLOCKS,-2,10/6/2011 19:51,11.95,15365,United Kingdom,-23.9
C540837,22890,NOVELTY BISCUITS CAKE STAND 3 TIER,-1,1/11/2011 15:02,8.5,14733,United Kingdom,-8.5
C574447,POST,POSTAGE,-2,11/4/2011 11:44,40,12704,Finland,-80
537466,21488,Unknown,-50,12/7/2010 10:33,0,Guest,United Kingdom,0
C561240,84949,SILVER HANGING T-LIGHT HOLDER,-1,7/26/2011 10:33,1.65,17677,United Kingdom,-1.65
C564907,22180,RETROSPOT LAMP,-1,8/31/2011 12:24,9.95,18225,United Kingdom,-9.95
C542218,35971,ROSE FOLKART HEART DECORATIONS,-1,1/26/2011 12:36,1.25,14606,United Kingdom,-1.25
C564913,84030E,ENGLISH ROSE HOT WATER BOTTLE,-2,8/31/2011 12:39,4.25,12560,Germany,-8.5
C539608,22487,WHITE WOOD GARDEN PLANT LADDER,-2,12/20/2010 14:10,8.5,16873,United Kingdom,-17
C545520,22318,FIVE HEART HANGING DECORATION,-1,3/3/2011 12:30,2.95,14744,United Kingdom,-2.95
C550451,22796,PHOTO FRAME 3 CLASSIC HANGING,-4,4/18/2011 12:55,8.5,17204,United Kingdom,-34
C562062,AMAZONFEE,AMAZON FEE,-1,8/2/2011 12:17,4575.64,Guest,United Kingdom,-4575.64
C550010,84950,ASSORTED COLOUR T-LIGHT HOLDER,-4,4/14/2011 10:29,0.55,15299,United Kingdom,-2.2
C570828,90202B,WHITE ENAMEL FLOWER HAIR TIE,-6,10/12/2011 13:15,2.95,14911,EIRE,-17.7
C573502,23229,VINTAGE DONKEY TAIL GAME ,-2,10/31/2011 12:02,3.75,14808,United Kingdom,-7.5
C572993,22847,BREAD BIN DINER STYLE IVORY,-1,10/27/2011 10:58,16.95,16690,United Kingdom,-16.95
C558354,22493,PAINT YOUR OWN CANVAS SET,-1,6/28/2011 14:57,1.65,14854,United Kingdom,-1.65
C554346,23173,REGENCY TEAPOT ROSES ,-1,5/23/2011 17:48,9.95,18260,United Kingdom,-9.95
C575385,22784,LANTERN CREAM GAZEBO ,-1,11/9/2011 15:19,4.95,15916,United Kingdom,-4.95
C557663,85169C,EAU DE NIL LOVE BIRD CANDLE,-12,6/21/2011 17:59,1.25,Guest,EIRE,-15
C544682,21754,HOME BUILDING BLOCK WORD,-1,2/22/2011 16:29,5.45,17511,United Kingdom,-5.45
537012,21535,Unknown,-12,12/3/2010 15:39,0,Guest,United Kingdom,0
C579903,85159B,"WHITE TEA,COFFEE,SUGAR JARS",-7,12/1/2011 8:41,1.95,18130,United Kingdom,-13.65
C540384,22198,LARGE POPCORN HOLDER ,-5,1/6/2011 17:48,1.65,14961,United Kingdom,-8.25
C555329,23110,PARISIENNE KEY CABINET ,-1,6/2/2011 11:08,5.75,15622,United Kingdom,-5.75
C566782,85163B,BLACK BAROQUE WALL CLOCK ,-1,9/15/2011 10:12,12.75,16048,United Kingdom,-12.75
C573306,82483,WOOD 2 DRAWER CABINET WHITE FINISH,-1,10/28/2011 16:15,6.95,17837,United Kingdom,-6.95
C554849,21231,SWEETHEART CERAMIC TRINKET BOX,-1,5/26/2011 19:58,1.06,17865,United Kingdom,-1.06
C557405,23243,SET OF TEA COFFEE SUGAR TINS PANTRY,-3,6/20/2011 11:28,4.95,12708,Germany,-14.85
C559983,22920,HERB MARKER BASIL,-12,7/14/2011 11:41,0.65,14562,United Kingdom,-7.8
C575159,23170,REGENCY TEA PLATE ROSES ,-12,11/8/2011 16:21,1.65,15513,United Kingdom,-19.8
C556796,D,Discount,-96,6/14/2011 14:40,0.7,16013,United Kingdom,-67.2
C536979,22630,DOLLY GIRL LUNCH BOX,-1,12/3/2010 14:23,1.95,17841,United Kingdom,-1.95
C565140,22429,ENAMEL MEASURING JUG CREAM,-1,9/1/2011 12:56,4.25,17841,United Kingdom,-4.25
547701,84559D,Unknown,-7,3/24/2011 16:42,0,Guest,United Kingdom,0
C567620,23085,ANTIQUE SILVER BAUBLE LAMP  ,-1,9/21/2011 12:32,8.25,14306,United Kingdom,-8.25
C538102,84792,ENCHANTED BIRD COATHANGER 5 HOOK,-2,12/9/2010 15:01,4.65,14047,United Kingdom,-9.3
C567518,21871,SAVE THE PLANET MUG,-12,9/20/2011 16:28,1.65,Guest,EIRE,-19.8
C576670,23241,TREASURE TIN GYMKHANA DESIGN,-1,11/16/2011 11:55,2.08,16393,United Kingdom,-2.08
C539719,82613D,METAL SIGN CUPCAKE SINGLE HOOK,-20,12/21/2010 13:15,0.42,14643,United Kingdom,-8.4
C581316,21531,RED RETROSPOT SUGAR JAM BOWL,-1,12/8/2011 11:46,2.55,12523,France,-2.55
C540786,22907,PACK OF 20 NAPKINS PANTRY DESIGN,-7,1/11/2011 11:42,0.85,15194,United Kingdom,-5.95
C578832,22380,TOY TIDY SPACEBOY  ,-17,11/25/2011 15:18,2.1,13069,United Kingdom,-35.7
C561623,23176,ABC TREASURE BOOK BOX ,-5,7/28/2011 13:43,2.25,17677,United Kingdom,-11.25
C581145,M,Manual,-1,12/7/2011 13:48,9.95,17490,United Kingdom,-9.95
C574499,21218,RED SPOTTY BISCUIT TIN,-1,11/4/2011 13:14,3.75,14412,United Kingdom,-3.75
C575653,85034A,3 GARDENIA MORRIS BOXED CANDLES,-3,11/10/2011 14:28,1.25,13988,United Kingdom,-3.75
C548947,22180,RETROSPOT LAMP,-1,4/5/2011 10:45,9.95,14546,United Kingdom,-9.95
C548748,21212,PACK OF 72 RETROSPOT CAKE CASES,-24,4/4/2011 12:28,0.55,15223,United Kingdom,-13.2
C561587,22843,BISCUIT TIN VINTAGE GREEN,-1,7/28/2011 10:50,6.75,17649,United Kingdom,-6.75
C547198,21447,12 IVORY ROSE PEG PLACE SETTINGS,-1,3/21/2011 12:50,1.25,14606,United Kingdom,-1.25
C581393,22780,LIGHT GARLAND BUTTERFILES PINK,-3,12/8/2011 13:14,4.25,16892,United Kingdom,-12.75
C560409,21746,SMALL RED RETROSPOT WINDMILL,-12,7/18/2011 14:24,1.25,16717,United Kingdom,-15
C572488,22972,CHILDREN'S SPACEBOY MUG,-1,10/24/2011 13:57,1.65,12474,Germany,-1.65
C548187,21232,STRAWBERRY CERAMIC TRINKET BOX,-1,3/29/2011 15:06,1.25,17511,United Kingdom,-1.25
C540250,22942,CHRISTMAS LIGHTS 10 SANTAS ,-1,1/5/2011 16:02,8.5,17511,United Kingdom,-8.5
C554335,23002,TRAVEL CARD WALLET SKULLS,-3,5/23/2011 17:18,0.42,15201,United Kingdom,-1.26
C550475,20711,JUMBO BAG TOYS ,-2,4/18/2011 13:59,1.79,13798,United Kingdom,-3.58
C540417,47566B,TEA TIME PARTY BUNTING,-50,1/7/2011 10:56,3.75,13680,United Kingdom,-187.5
C541694,22423,REGENCY CAKESTAND 3 TIER,-1,1/20/2011 17:06,12.75,17364,United Kingdom,-12.75
570262,35954,Unknown,-80,10/10/2011 10:00,0,Guest,United Kingdom,0
C579192,22818,CARD CHRISTMAS VILLAGE,-72,11/28/2011 15:43,0.42,12657,France,-30.24
C559030,21794,CLASSIC FRENCH STYLE BASKET NATURAL,-2,7/5/2011 14:51,3.95,16571,United Kingdom,-7.9
C538755,22423,REGENCY CAKESTAND 3 TIER,-1,12/14/2010 11:30,12.75,16782,United Kingdom,-12.75
C543835,M,Manual,-8,2/14/2011 10:40,1.95,12963,United Kingdom,-15.6
C550609,21340,CLASSIC METAL BIRDCAGE PLANT HOLDER,-9,4/19/2011 12:21,9.95,14502,United Kingdom,-89.55
572533,84877D,Unknown,-1,10/24/2011 16:06,0,Guest,United Kingdom,0
C579886,22163,HEART STRING MEMO HOLDER HANGING,-1,11/30/2011 17:39,0.79,15676,United Kingdom,-0.79
548098,21283,Unknown,-15,3/29/2011 12:17,0,Guest,United Kingdom,0
C566205,22111,SCOTTIE DOG HOT WATER BOTTLE,-1,9/9/2011 14:58,4.95,16362,United Kingdom,-4.95
C538075,21284,RETROSPOT CANDLE  SMALL,-12,12/9/2010 14:12,1.69,13021,United Kingdom,-20.28
C570478,22423,REGENCY CAKESTAND 3 TIER,-3,10/10/2011 16:55,10.95,14644,United Kingdom,-32.85
C564903,22683,FRENCH BLUE METAL DOOR SIGN 8,-2,8/31/2011 12:05,1.25,16984,United Kingdom,-2.5
C569743,85099F,JUMBO BAG STRAWBERRY,-120,10/6/2011 10:57,1.79,15769,United Kingdom,-214.8
C580821,84949,SILVER HANGING T-LIGHT HOLDER,-5,12/6/2011 11:32,1.45,13098,United Kingdom,-7.25
C564940,22992,REVOLVER WOODEN RULER ,-400,8/31/2011 13:10,1.65,12931,United Kingdom,-660
C543475,22637,PIGGY BANK RETROSPOT ,-1,2/8/2011 15:15,2.55,14415,United Kingdom,-2.55
C558110,23108,SET OF 10 LED DOLLY LIGHTS,-2,6/26/2011 15:47,6.25,17731,United Kingdom,-12.5
551578,90037D,Unknown,-5,5/3/2011 11:19,0,Guest,United Kingdom,0
C541834,85118,HEART T-LIGHT HOLDER,-6,1/21/2011 17:24,1.25,17048,United Kingdom,-7.5
C541863,21231,SWEETHEART CERAMIC TRINKET BOX,-9,1/23/2011 16:08,1.06,13798,United Kingdom,-9.54
C547091,21316,SMALL CHUNKY GLASS ROMAN  BOWL,-1,3/20/2011 16:14,2.95,Guest,United Kingdom,-2.95
C569994,22666,RECIPE BOX PANTRY YELLOW DESIGN,-11,10/6/2011 20:33,2.55,15606,United Kingdom,-28.05
C558463,84029E,RED WOOLLY HOTTIE WHITE HEART.,-1,6/29/2011 15:14,3.95,13982,United Kingdom,-3.95
C564217,22429,ENAMEL MEASURING JUG CREAM,-3,8/24/2011 9:24,4.25,12994,United Kingdom,-12.75
C560540,23293,SET OF 12 FAIRY CAKE BAKING CASES,-2,7/19/2011 12:26,0.83,12415,Australia,-1.66
C568830,22384,LUNCH BAG PINK POLKADOT,-7,9/29/2011 11:34,1.65,13725,United Kingdom,-11.55
C553866,62043B,BLUE CHECK BAG W HANDLE 34X20CM,-1,5/19/2011 14:14,0.83,14620,United Kingdom,-0.83
C550171,20971,PINK BLUE FELT CRAFT TRINKET BOX,-1,4/14/2011 16:53,1.25,12585,Germany,-1.25
C550614,84849B,FAIRY SOAP SOAP HOLDER,-1,4/19/2011 12:40,1.69,13735,United Kingdom,-1.69
C577346,M,Manual,-1,11/18/2011 15:25,530.25,Guest,United Kingdom,-530.25
575503,35933,Unknown,-2,11/10/2011 10:19,0,Guest,United Kingdom,0
C537651,AMAZONFEE,AMAZON FEE,-1,12/7/2010 15:49,13541.33,Guest,United Kingdom,-13541.33
C569655,22966,GINGERBREAD MAN COOKIE CUTTER,-2,10/5/2011 12:58,1.25,14534,United Kingdom,-2.5
C558110,22768,FAMILY PHOTO FRAME CORNICE,-2,6/26/2011 15:47,9.95,17731,United Kingdom,-19.9
C542416,85054,FRENCH ENAMEL POT W LID,-2,1/27/2011 17:23,1.25,16133,United Kingdom,-2.5
557851,85130A,Unknown,-23,6/23/2011 10:57,0,Guest,United Kingdom,0
C580919,23493,VINTAGE DOILY TRAVEL SEWING KIT,-4,12/6/2011 14:07,1.95,16571,United Kingdom,-7.8
C555337,84906,PINK BUTTERFLY CUSHION COVER,-1,6/2/2011 11:13,1.95,16729,United Kingdom,-1.95
C576831,23322,LARGE WHITE HEART OF WICKER,-40,11/16/2011 14:56,2.55,12748,United Kingdom,-102
C567691,21485,RETROSPOT HEART HOT WATER BOTTLE,-2,9/21/2011 17:04,4.95,17567,United Kingdom,-9.9
C565615,22972,CHILDREN'S SPACEBOY MUG,-10,9/5/2011 15:20,1.65,12683,France,-16.5
C574712,22778,GLASS CLOCHE SMALL,-1,11/6/2011 14:25,3.95,14502,United Kingdom,-3.95
C547889,21539,RED RETROSPOT BUTTER DISH,-2,3/28/2011 10:02,4.95,14410,United Kingdom,-9.9
C563375,22193,RED DINER WALL CLOCK,-2,8/16/2011 10:27,8.5,14911,EIRE,-17
C571003,85159B,"WHITE TEA,COFFEE,SUGAR JARS",-1,10/13/2011 12:04,1.95,15801,United Kingdom,-1.95
C575872,D,Discount,-1,11/11/2011 12:52,97.14,13408,United Kingdom,-97.14
C578342,23312,VINTAGE CHRISTMAS GIFT SACK,-1,11/24/2011 9:15,4.15,15993,United Kingdom,-4.15
C574922,23161,REGENCY CAKE FORK,-12,11/7/2011 16:39,1.25,15502,United Kingdom,-15
C571196,23350,ROLL WRAP VINTAGE SPOT ,-12,10/14/2011 12:02,1.25,Guest,United Kingdom,-15
C560588,23089,GLASS BON BON JAR,-2,7/19/2011 15:49,1.65,13767,United Kingdom,-3.3
578839,22959,check,-175,11/25/2011 15:52,0,Guest,United Kingdom,0
C575608,23240,SET OF 4 KNICK KNACK TINS DOILY ,-2,11/10/2011 12:38,4.15,16133,United Kingdom,-8.3
C570290,23207,LUNCH BAG ALPHABET DESIGN,-10,10/10/2011 11:54,1.65,14665,United Kingdom,-16.5
C562648,M,Manual,-1,8/8/2011 12:56,3.25,14606,United Kingdom,-3.25
C536734,22780,LIGHT GARLAND BUTTERFILES PINK,-4,12/2/2010 12:50,4.25,16042,United Kingdom,-17
C542638,35004C,SET OF 3 COLOURED  FLYING DUCKS,-3,1/31/2011 11:15,5.45,13396,United Kingdom,-16.35
C578164,22109,FULL ENGLISH BREAKFAST PLATE,-1,11/23/2011 11:34,3.75,14032,United Kingdom,-3.75
536996,22712,Unknown,-20,12/3/2010 15:30,0,Guest,United Kingdom,0
C550177,20726,LUNCH BAG WOODLAND,-2,4/14/2011 17:17,1.65,13534,United Kingdom,-3.3
C574524,M,Manual,-1,11/4/2011 13:53,12.75,17841,United Kingdom,-12.75
558742,62043B,Unknown,-1,7/1/2011 15:56,0,Guest,United Kingdom,0
C559347,21671,RED SPOT CERAMIC DRAWER KNOB,-12,7/7/2011 17:22,1.25,18072,United Kingdom,-15
C562796,D,Discount,-1,8/9/2011 14:27,64,13694,United Kingdom,-64
C574894,23236,STORAGE TIN VINTAGE DOILY ,-1,11/7/2011 14:43,2.89,12597,Spain,-2.89
C551195,22423,REGENCY CAKESTAND 3 TIER,-2,4/27/2011 11:25,10.95,13113,United Kingdom,-21.9
C567365,22691,DOORMAT WELCOME SUNRISE,-1,9/19/2011 16:59,8.25,15443,United Kingdom,-8.25
C564956,21452,TOADSTOOL MONEY BOX,-2,8/31/2011 13:41,2.95,16303,United Kingdom,-5.9
C566758,22699,ROSES REGENCY TEACUP AND SAUCER ,-3,9/14/2011 16:05,2.95,14292,United Kingdom,-8.85
C557663,21832,CHOCOLATE CALCULATOR,-25,6/21/2011 17:59,1.65,Guest,EIRE,-41.25
C560409,82494L,WOODEN FRAME ANTIQUE WHITE ,-6,7/18/2011 14:24,2.95,16717,United Kingdom,-17.7
C554203,85132C,CHARLIE AND LOLA FIGURES TINS,-1,5/23/2011 12:14,1.95,14573,United Kingdom,-1.95
C578784,POST,POSTAGE,-1,11/25/2011 12:01,7.6,13081,United Kingdom,-7.6
C555532,22470,HEART OF WICKER LARGE,-2,6/5/2011 12:01,2.95,15722,United Kingdom,-5.9
C575662,22727,ALARM CLOCK BAKELIKE RED ,-1,11/10/2011 14:48,3.75,13767,United Kingdom,-3.75
C545677,21781,MA CAMPAGNE CUTLERY BOX,-7,3/6/2011 10:48,12.75,14543,United Kingdom,-89.25
C547905,POST,POSTAGE,-1,3/28/2011 12:10,18.66,Guest,United Kingdom,-18.66
C540164,85049A,TRADITIONAL CHRISTMAS RIBBONS,-12,1/5/2011 12:02,1.25,14911,EIRE,-15
C552841,22842,BISCUIT TIN VINTAGE RED,-2,5/11/2011 14:28,6.75,15827,United Kingdom,-13.5
C570290,22846,BREAD BIN DINER STYLE RED ,-1,10/10/2011 11:54,16.95,14665,United Kingdom,-16.95
568405,22893,Unknown,-42,9/27/2011 10:36,0,Guest,United Kingdom,0
C564281,37448,CERAMIC CAKE DESIGN SPOTTED MUG,-1,8/24/2011 10:54,1.49,14796,United Kingdom,-1.49
C565666,22188,BLACK HEART CARD HOLDER,-1,9/5/2011 17:46,3.95,15856,United Kingdom,-3.95
C553033,22995,TRAVEL CARD WALLET SUKI,-24,5/12/2011 19:50,0.42,13883,United Kingdom,-10.08
C570515,90201B,BLACK ENAMEL FLOWER RING,-6,10/11/2011 10:39,2.95,12719,France,-17.7
C560855,84452,METAL RABBIT LADDER EASTER ,-4,7/21/2011 13:00,0.85,14410,United Kingdom,-3.4
C563207,20781,GOLD EAR MUFF HEADPHONES,-1,8/14/2011 12:10,5.49,17613,United Kingdom,-5.49
C542094,21537,RED RETROSPOT PUDDING BOWL,-2,1/25/2011 12:47,4.25,13310,United Kingdom,-8.5
C555636,22683,FRENCH BLUE METAL DOOR SIGN 8,-10,6/6/2011 12:33,1.25,15073,United Kingdom,-12.5
C540788,20829,GLITTER HANGING BUTTERFLY STRING,-2,1/11/2011 11:46,2.1,13576,United Kingdom,-4.2
C579930,22720,SET OF 3 CAKE TINS PANTRY DESIGN ,-2,12/1/2011 9:36,4.95,15563,United Kingdom,-9.9
C570012,23431,NATURAL HANGING QUILTED HEARTS ,-2,10/7/2011 9:53,0.83,15344,United Kingdom,-1.66
C574658,22197,POPCORN HOLDER,-3,11/6/2011 11:44,0.85,15426,United Kingdom,-2.55
C557842,22891,TEA FOR ONE POLKADOT,-1,6/23/2011 10:42,4.25,14159,United Kingdom,-4.25
C554518,23168,CLASSIC CAFE SUGAR DISPENSER,-3,5/24/2011 16:58,1.25,16592,United Kingdom,-3.75
C541710,21210,SET OF 72 RETROSPOT PAPER  DOILIES,-12,1/21/2011 11:17,1.45,14320,United Kingdom,-17.4
C543353,22384,LUNCH BAG PINK POLKADOT,-1,2/7/2011 13:41,1.65,16033,United Kingdom,-1.65
C547208,84978,HANGING HEART JAR T-LIGHT HOLDER,-5,3/21/2011 14:39,1.06,15189,United Kingdom,-5.3
C569989,23343,JUMBO BAG VINTAGE CHRISTMAS ,-7,10/6/2011 20:08,2.08,16839,United Kingdom,-14.56
560923,22777,Unknown,-14,7/22/2011 8:54,0,Guest,United Kingdom,0
C548851,21314,SMALL GLASS HEART TRINKET POT,-10,4/4/2011 13:14,1.85,15311,United Kingdom,-18.5
C554867,21937,STRAWBERRY   PICNIC BAG,-1,5/27/2011 10:48,2.95,13050,United Kingdom,-2.95
C558059,82600,NO SINGING METAL SIGN,-2,6/24/2011 15:03,1.85,14194,United Kingdom,-3.7
C568649,23032,DRAWER KNOB CRACKLE GLAZE IVORY,-7,9/28/2011 11:51,1.65,16626,United Kingdom,-11.55
C564211,23110,PARISIENNE KEY CABINET ,-1,8/24/2011 9:11,5.75,17652,United Kingdom,-5.75
C575635,M,Manual,-1,11/10/2011 13:45,424.06,12473,Germany,-424.06
C576231,22633,HAND WARMER UNION JACK,-1,11/14/2011 13:24,2.1,14868,United Kingdom,-2.1
C577390,23401,RUSTIC MIRROR WITH LACE HEART,-1,11/18/2011 17:01,6.25,18276,United Kingdom,-6.25
C567345,23174,REGENCY SUGAR BOWL GREEN,-1,9/19/2011 15:53,4.15,14911,EIRE,-4.15
C542426,22654,DELUXE SEWING KIT ,-3,1/28/2011 9:32,5.95,14146,United Kingdom,-17.85
C537856,37370,RETRO COFFEE MUGS ASSORTED,-2,12/8/2010 15:59,1.25,14388,United Kingdom,-2.5
C542426,21340,CLASSIC METAL BIRDCAGE PLANT HOLDER,-8,1/28/2011 9:32,9.95,14146,United Kingdom,-79.6
548540,90035A,Unknown,-9,3/31/2011 17:51,0,Guest,United Kingdom,0
C571003,22061,LARGE CAKE STAND  HANGING STRAWBERY,-1,10/13/2011 12:04,9.95,15801,United Kingdom,-9.95
572919,72802C,check,-17,10/26/2011 16:49,0,Guest,United Kingdom,0
C555384,21929,JUMBO BAG PINK VINTAGE PAISLEY,-1,6/2/2011 15:20,2.08,13534,United Kingdom,-2.08
C559983,23301,GARDENERS KNEELING PAD KEEP CALM ,-6,7/14/2011 11:41,1.65,14562,United Kingdom,-9.9
C547889,85040B,SET/4 BLUE FLOWER CANDLES IN BOWL,-1,3/28/2011 10:02,1.65,14410,United Kingdom,-1.65
C579926,85099C,JUMBO  BAG BAROQUE BLACK WHITE,-1,12/1/2011 9:19,2.08,14389,United Kingdom,-2.08
C575572,22630,DOLLY GIRL LUNCH BOX,-1,11/10/2011 11:33,1.95,17528,United Kingdom,-1.95
C539667,21533,RETROSPOT LARGE MILK JUG,-1,12/21/2010 10:47,4.95,13148,United Kingdom,-4.95
C579554,21428,SET3 BOOK BOX GREEN GINGHAM FLOWER ,-1,11/30/2011 11:05,4.25,13924,United Kingdom,-4.25
C575531,22960,JAM MAKING SET WITH JARS,-4,11/10/2011 11:12,4.25,12544,Spain,-17
C555360,23169,CLASSIC GLASS COOKIE JAR,-6,6/2/2011 14:06,4.15,16133,United Kingdom,-24.9
C540171,D,Discount,-1,1/5/2011 12:26,22.97,14527,United Kingdom,-22.97
C570552,20712,JUMBO BAG WOODLAND ANIMALS,-200,10/11/2011 11:01,1.74,16029,United Kingdom,-348
C548355,22748,POPPY'S PLAYHOUSE KITCHEN,-6,3/30/2011 15:06,2.1,12921,United Kingdom,-12.6
C570828,90185C,BLACK DIAMANTE EXPANDABLE RING,-6,10/12/2011 13:15,4.25,14911,EIRE,-25.5
C556668,22720,SET OF 3 CAKE TINS PANTRY DESIGN ,-1,6/13/2011 16:26,4.95,15827,United Kingdom,-4.95
559398,21169,Unknown,-70,7/8/2011 10:48,0,Guest,United Kingdom,0
C560045,84692,BOX OF 24 COCKTAIL PARASOLS,-1,7/14/2011 14:51,0.42,16779,United Kingdom,-0.42
C543763,22770,MIRROR CORNICE,-1,2/11/2011 15:14,14.95,13050,United Kingdom,-14.95
C549786,22345,PARTY PIZZA DISH BLUE POLKADOT,-18,4/12/2011 11:58,0.85,14071,United Kingdom,-15.3
C569951,23002,TRAVEL CARD WALLET SKULLS,-18,10/6/2011 18:29,0.42,16394,United Kingdom,-7.56
C580686,22963,JAM JAR WITH GREEN LID,-6,12/5/2011 15:28,0.85,15984,United Kingdom,-5.1
C563107,21452,TOADSTOOL MONEY BOX,-1,8/12/2011 10:17,2.95,12709,Germany,-2.95
C540389,20752,BLUE POLKADOT WASHING UP GLOVES,-1,1/6/2011 18:00,2.1,14426,United Kingdom,-2.1
C548625,21463,MIRRORED DISCO BALL ,-2,4/1/2011 12:14,5.95,13078,United Kingdom,-11.9
C557154,23245,SET OF 3 REGENCY CAKE TINS,-2,6/17/2011 11:07,4.95,15296,United Kingdom,-9.9
C565848,22697,GREEN REGENCY TEACUP AND SAUCER,-2,9/7/2011 12:48,2.95,14606,United Kingdom,-5.9
C559664,22149,FELTCRAFT 6 FLOWER FRIENDS,-1,7/11/2011 13:34,2.1,18142,United Kingdom,-2.1
C561012,23283,DOORMAT VINTAGE LEAF,-1,7/22/2011 16:11,7.95,13098,United Kingdom,-7.95
565052,21179,Unknown,-60,8/31/2011 17:11,0,Guest,United Kingdom,0
C565140,20725,LUNCH BAG RED RETROSPOT,-1,9/1/2011 12:56,1.65,17841,United Kingdom,-1.65
C542138,16237,SLEEPING CAT ERASERS,-60,1/25/2011 17:21,0.21,17368,United Kingdom,-12.6
548069,20713,Unknown,-22,3/29/2011 12:10,0,Guest,United Kingdom,0
C560540,23167,SMALL CERAMIC TOP STORAGE JAR ,-1,7/19/2011 12:26,0.83,12415,Australia,-0.83
C548469,M,Manual,-1,3/31/2011 12:32,12.75,14543,United Kingdom,-12.75
C561621,22797,CHEST OF DRAWERS GINGHAM HEART ,-2,7/28/2011 13:41,16.95,12722,France,-33.9
C577151,22231,JIGSAW TREE WITH BIRDHOUSE,-15,11/18/2011 9:50,1.45,12781,Czech Republic,-21.75
C544397,37449,CERAMIC CAKE STAND + HANGING CAKES,-1,2/18/2011 12:21,9.95,12462,Spain,-9.95
C577819,23320,GIANT 50'S CHRISTMAS CRACKER,-1,11/22/2011 9:23,2.89,17313,United Kingdom,-2.89
C573268,M,Manual,-1,10/28/2011 12:50,907,12748,United Kingdom,-907
C540527,20772,GARDEN PATH JOURNAL,-1,1/9/2011 13:42,2.55,14606,United Kingdom,-2.55
C541689,22618,COOKING SET RETROSPOT,-17,1/20/2011 16:16,8.49,13090,United Kingdom,-144.33
556242,21700,sold as set on dotcom and amazon,-1206,6/9/2011 16:06,0,Guest,United Kingdom,0
C560855,21206,STRAWBERRY HONEYCOMB  GARLAND ,-2,7/21/2011 13:00,1.65,14410,United Kingdom,-3.3
C542604,21262,WHITE GOOSE FEATHER CHRISTMAS TREE ,-2,1/30/2011 12:35,16.95,13148,United Kingdom,-33.9
C542424,85123A,WHITE HANGING HEART T-LIGHT HOLDER,-3,1/28/2011 9:18,2.95,18075,United Kingdom,-8.85
548377,85016,Unknown,-46,3/30/2011 16:40,0,Guest,United Kingdom,0
C540843,22178,VICTORIAN GLASS HANGING T-LIGHT,-48,1/11/2011 16:21,1.25,15602,United Kingdom,-60
C542726,22701,PINK DOG BOWL,-2,1/31/2011 15:08,2.95,16191,United Kingdom,-5.9
C550174,20983,12 PENCILS TALL TUBE RED RETROSPOT,-2,4/14/2011 17:07,0.85,16394,United Kingdom,-1.7
C553516,22776,SWEETHEART CAKESTAND 3 TIER,-2,5/17/2011 14:07,9.95,14911,EIRE,-19.9
C577227,D,Discount,-1,11/18/2011 12:06,14.88,14527,United Kingdom,-14.88
C543469,21658,GLASS  BEURRE DISH,-2,2/8/2011 14:55,3.39,12709,Germany,-6.78
C540270,22667,RECIPE BOX RETROSPOT ,-1,1/6/2011 11:40,2.55,14680,United Kingdom,-2.55
C555254,23173,REGENCY TEAPOT ROSES ,-1,6/1/2011 15:17,9.95,14740,United Kingdom,-9.95
C569980,23342,MINT DINER WALL CLOCK,-1,10/6/2011 19:31,8.5,13767,United Kingdom,-8.5
C545891,M,Manual,-1,3/7/2011 16:40,16.05,12754,Japan,-16.05
C572455,M,Manual,-1,10/24/2011 12:41,265.7,Guest,United Kingdom,-265.7
578476,72807B,????missing,-124,11/24/2011 12:45,0,Guest,United Kingdom,0
C560855,22241,GARLAND WOODEN HAPPY EASTER,-2,7/21/2011 13:00,1.25,14410,United Kingdom,-2.5
C554849,22423,REGENCY CAKESTAND 3 TIER,-3,5/26/2011 19:58,10.95,17865,United Kingdom,-32.85
C548748,21931,JUMBO STORAGE BAG SUKI,-10,4/4/2011 12:28,2.08,15223,United Kingdom,-20.8
C559939,21507,"ELEPHANT, BIRTHDAY CARD, ",-12,7/14/2011 10:19,0.42,14426,United Kingdom,-5.04
C541964,84849D,HOT BATHS SOAP HOLDER,-21,1/24/2011 13:13,1.69,15291,United Kingdom,-35.49
C572428,M,Manual,-1,10/24/2011 12:03,464.9,17949,United Kingdom,-464.9
C578363,22804,PINK HANGING HEART T-LIGHT HOLDER,-160,11/24/2011 10:40,2.55,15482,United Kingdom,-408
C545825,22064,PINK DOUGHNUT TRINKET POT ,-2,3/7/2011 13:01,1.65,12839,United Kingdom,-3.3
C558112,22170,PICTURE FRAME WOOD TRIPLE PORTRAIT,-1,6/26/2011 16:08,6.75,17114,United Kingdom,-6.75
C567677,23167,SMALL CERAMIC TOP STORAGE JAR ,-2,9/21/2011 15:57,0.83,12409,Switzerland,-1.66
C537402,22847,BREAD BIN DINER STYLE IVORY,-4,12/6/2010 14:43,14.95,15502,United Kingdom,-59.8
C577737,20979,36 PENCILS TUBE RED RETROSPOT,-16,11/21/2011 13:25,1.25,15681,United Kingdom,-20
C550475,37450,CERAMIC CAKE BOWL + HANGING CAKES,-2,4/18/2011 13:59,2.55,13798,United Kingdom,-5.1
C566460,23245,SET OF 3 REGENCY CAKE TINS,-1,9/12/2011 17:19,4.95,18223,United Kingdom,-4.95
557036,20867,?,-271,6/16/2011 13:53,0,Guest,United Kingdom,0
C542991,85019C,CURIOUS  IMAGES NOTEBOOK SET,-12,2/2/2011 11:54,4.25,14460,United Kingdom,-51
C543817,22558,CLOTHES PEGS RETROSPOT PACK 24 ,-2,2/13/2011 15:28,1.49,17841,United Kingdom,-2.98
C551865,21039,RED RETROSPOT SHOPPING BAG,-6,5/4/2011 16:23,2.55,17644,United Kingdom,-15.3
572341,85036A,Unknown,-82,10/24/2011 10:36,0,Guest,United Kingdom,0
557417,84809B,damaged,-324,6/20/2011 11:51,0,Guest,United Kingdom,0
C569963,22634,CHILDS BREAKFAST SET SPACEBOY ,-1,10/6/2011 18:45,8.5,13131,United Kingdom,-8.5
C569989,22960,JAM MAKING SET WITH JARS,-10,10/6/2011 20:08,3.75,16839,United Kingdom,-37.5
C545443,22720,SET OF 3 CAKE TINS PANTRY DESIGN ,-1,3/2/2011 16:20,4.95,17442,United Kingdom,-4.95
C554690,22846,BREAD BIN DINER STYLE RED ,-2,5/25/2011 16:56,16.95,16871,United Kingdom,-33.9
C545444,22697,GREEN REGENCY TEACUP AND SAUCER,-1,3/2/2011 16:24,2.95,13767,United Kingdom,-2.95
C552335,22626,BLACK KITCHEN SCALES,-2,5/9/2011 11:25,8.5,12683,France,-17
C568799,M,Manual,-1,9/29/2011 10:34,2.88,17450,United Kingdom,-2.88
C580832,22466,FAIRY TALE COTTAGE NIGHT LIGHT,-17,12/6/2011 11:40,1.65,12753,Japan,-28.05
576843,10133,damaged,-82,11/16/2011 15:32,0,Guest,United Kingdom,0
C542346,22467,GUMBALL COAT RACK,-3,1/27/2011 12:00,2.1,12709,Germany,-6.3
C573147,23526,WALL ART DOG LICENCE ,-12,10/27/2011 19:00,5.95,15125,United Kingdom,-71.4
C581384,51008,AFGHAN SLIPPER SOCK PAIR,-2,12/8/2011 13:06,3.45,17673,United Kingdom,-6.9
571113,21407,Unknown,-19,10/13/2011 17:37,0,Guest,United Kingdom,0
C540164,22246,MAGIC GARDEN FELT GARLAND ,-12,1/5/2011 12:02,1.95,14911,EIRE,-23.4
569879,90012B,check,-5,10/6/2011 15:13,0,Guest,United Kingdom,0
C545446,22957,SET 3 PAPER VINTAGE CHICK PAPER EGG,-12,3/2/2011 16:33,2.55,12753,Japan,-30.6
C540367,POST,POSTAGE,-3,1/6/2011 16:17,18,12413,France,-54
C566263,22965,3 TRADITIONAl BISCUIT CUTTERS  SET,-1,9/11/2011 13:01,2.1,14606,United Kingdom,-2.1
C570727,23198,PANTRY MAGNETIC  SHOPPING LIST,-1,10/12/2011 11:32,1.45,12471,Germany,-1.45
C553748,22191,IVORY DINER WALL CLOCK,-1,5/19/2011 9:57,8.5,16676,United Kingdom,-8.5
C537232,84840,SWEETHEART CARRY-ALL BASKET,-2,12/6/2010 9:31,8.5,12586,Italy,-17
C579878,22467,GUMBALL COAT RACK,-5,11/30/2011 17:12,2.55,17340,United Kingdom,-12.75
C546906,82484,WOOD BLACK BOARD ANT WHITE FINISH,-1,3/17/2011 18:44,6.75,17675,United Kingdom,-6.75
C567359,22954,HEN PARTY CORDON BARRIER TAPE,-1,9/19/2011 16:33,1.25,15201,United Kingdom,-1.25
C561041,21380,WOODEN HAPPY BIRTHDAY GARLAND,-1,7/24/2011 12:10,2.95,15708,United Kingdom,-2.95
C565681,20749,ASSORTED COLOUR MINI CASES,-2,9/6/2011 10:42,7.95,15521,United Kingdom,-15.9
C562726,21559,STRAWBERRY LUNCH BOX WITH CUTLERY,-2,8/9/2011 9:05,2.55,16401,United Kingdom,-5.1
C577513,84086B,YELLOW/BLUE RETRO RADIO,-1,11/20/2011 12:59,2.95,18110,United Kingdom,-2.95
C538059,20914,SET/5 RED RETROSPOT LID GLASS BOWLS,-6,12/9/2010 13:38,2.95,14205,United Kingdom,-17.7
C546886,22423,REGENCY CAKESTAND 3 TIER,-2,3/17/2011 18:13,12.75,12520,Germany,-25.5
549531,21622,POSSIBLE DAMAGES OR LOST?,-750,4/8/2011 17:05,0,Guest,United Kingdom,0
C540117,AMAZONFEE,AMAZON FEE,-1,1/5/2011 9:55,16888.02,Guest,United Kingdom,-16888.02
C557944,22460,EMBOSSED GLASS TEALIGHT HOLDER,-2,6/23/2011 16:10,1.25,15669,United Kingdom,-2.5
C563109,21936,RED RETROSPOT PICNIC BAG,-4,8/12/2011 10:31,2.95,12656,France,-11.8
C539058,48129,DOORMAT TOPIARY,-10,12/15/2010 16:42,6.75,17633,United Kingdom,-67.5
C576324,22141,CHRISTMAS CRAFT TREE TOP ANGEL,-1,11/14/2011 15:10,2.1,16161,United Kingdom,-2.1
C541863,21231,SWEETHEART CERAMIC TRINKET BOX,-4,1/23/2011 16:08,1.06,13798,United Kingdom,-4.24
C569911,23236,STORAGE TIN VINTAGE DOILY ,-1,10/6/2011 16:47,2.89,16653,United Kingdom,-2.89
577305,22946,check,-21,11/18/2011 13:06,0,Guest,United Kingdom,0
C541710,21470,FLOWER VINE RAFFIA FOOD COVER,-4,1/21/2011 11:17,3.75,14320,United Kingdom,-15
C549905,22423,REGENCY CAKESTAND 3 TIER,-1,4/12/2011 16:21,12.75,17576,United Kingdom,-12.75
C540379,84279P,CHERRY BLOSSOM  DECORATIVE FLASK,-2,1/6/2011 17:34,3.75,15101,United Kingdom,-7.5
C579178,22941,CHRISTMAS LIGHTS 10 REINDEER,-2,11/28/2011 14:55,8.5,12362,Belgium,-17
C561232,22429,ENAMEL MEASURING JUG CREAM,-1,7/26/2011 10:21,4.25,16133,United Kingdom,-4.25
C581106,23403,LETTER HOLDER HOME SWEET HOME,-1,12/7/2011 12:14,3.75,13668,United Kingdom,-3.75
C542245,22383,LUNCH BAG SUKI  DESIGN ,-1,1/26/2011 15:06,1.65,13098,United Kingdom,-1.65
C539948,21888,BINGO SET,-4,12/23/2010 11:48,3.75,Guest,EIRE,-15
C569553,84947,ANTIQUE SILVER TEA GLASS ENGRAVED,-3,10/4/2011 17:48,1.25,16362,United Kingdom,-3.75
C569128,22726,ALARM CLOCK BAKELIKE GREEN,-2,9/30/2011 13:34,3.75,15034,United Kingdom,-7.5
C558357,22112,CHOCOLATE HOT WATER BOTTLE,-1,6/28/2011 15:04,4.37,15502,United Kingdom,-4.37
C579904,85066,CREAM SWEETHEART MINI CHEST,-2,12/1/2011 8:43,12.75,17049,United Kingdom,-25.5
545566,37477D,Unknown,-9,3/3/2011 16:14,0,Guest,United Kingdom,0
C571814,23200,JUMBO BAG PEARS,-1,10/19/2011 11:45,1.79,14477,United Kingdom,-1.79
C565615,23325,RUSTIC STRAWBERRY JAM POT SMALL,-7,9/5/2011 15:20,1.65,12683,France,-11.55
C571014,22654,DELUXE SEWING KIT ,-2,10/13/2011 12:16,5.95,17509,United Kingdom,-11.9
C565671,22890,NOVELTY BISCUITS CAKE STAND 3 TIER,-1,9/6/2011 9:30,9.95,14796,United Kingdom,-9.95
C547495,22384,LUNCH BAG PINK POLKADOT,-2,3/23/2011 12:11,1.65,15021,United Kingdom,-3.3
C555563,23146,TRIPLE HOOK ANTIQUE IVORY ROSE,-1,6/5/2011 14:48,3.29,17841,United Kingdom,-3.29
C542805,85054,FRENCH ENAMEL POT W LID,-1,2/1/2011 11:19,2.95,14606,United Kingdom,-2.95
C569655,21394,RED POLKADOT BEAKER ,-6,10/5/2011 12:58,0.39,14534,United Kingdom,-2.34
C544679,22628,PICNIC BOXES SET OF 3 RETROSPOT ,-3,2/22/2011 16:15,4.95,12616,France,-14.85
C551841,22719,GUMBALL MONOCHROME COAT RACK,-4,5/4/2011 13:40,1.06,15311,United Kingdom,-4.24
C566745,23245,SET OF 3 REGENCY CAKE TINS,-1,9/14/2011 15:15,4.95,16150,United Kingdom,-4.95
C552029,22294,HEART FILIGREE DOVE  SMALL,-2,5/5/2011 18:11,1.25,15622,United Kingdom,-2.5
C563606,22846,BREAD BIN DINER STYLE RED ,-1,8/18/2011 6:30,16.95,13925,United Kingdom,-16.95
C543603,21877,HOME SWEET HOME MUG,-2,2/10/2011 13:40,1.25,15570,United Kingdom,-2.5
C543756,22360,GLASS JAR ENGLISH CONFECTIONERY,-11,2/11/2011 14:50,2.55,13089,United Kingdom,-28.05
566573,22823,test,-22,9/13/2011 13:10,0,Guest,United Kingdom,0
C570122,82483,WOOD 2 DRAWER CABINET WHITE FINISH,-2,10/7/2011 12:58,4.95,15874,United Kingdom,-9.9
566766,21311,Unknown,-117,9/14/2011 17:51,0,Guest,United Kingdom,0
C562617,23243,SET OF TEA COFFEE SUGAR TINS PANTRY,-2,8/8/2011 12:31,4.95,Guest,EIRE,-9.9
C551508,23176,ABC TREASURE BOOK BOX ,-8,4/28/2011 18:16,2.25,13102,United Kingdom,-18
C578124,20749,ASSORTED COLOUR MINI CASES,-1,11/23/2011 10:30,7.95,14049,United Kingdom,-7.95
C559022,22465,HANGING METAL STAR LANTERN,-3,7/5/2011 13:18,1.65,13021,United Kingdom,-4.95
C573257,POST,POSTAGE,-1,10/28/2011 12:19,6.42,14297,United Kingdom,-6.42
C552858,22848,BREAD BIN DINER STYLE PINK,-1,5/11/2011 15:46,16.95,14180,United Kingdom,-16.95
C570867,22720,SET OF 3 CAKE TINS PANTRY DESIGN ,-3,10/12/2011 16:17,4.95,12607,USA,-14.85
C561594,23252,VINTAGE RED ENAMEL TRIM JUG ,-16,7/28/2011 11:22,3.75,17671,United Kingdom,-60
C579140,22993,SET OF 4 PANTRY JELLY MOULDS,-1,11/28/2011 13:05,1.25,16393,United Kingdom,-1.25
C545438,22427,ENAMEL FLOWER JUG CREAM,-3,3/2/2011 15:54,5.95,14231,United Kingdom,-17.85
C549051,22797,CHEST OF DRAWERS GINGHAM HEART ,-2,4/6/2011 10:17,16.95,14747,United Kingdom,-33.9
C541589,79323W,WHITE CHERRY LIGHTS,-8,1/19/2011 14:44,6.75,15831,United Kingdom,-54
C569964,23032,DRAWER KNOB CRACKLE GLAZE IVORY,-1,10/6/2011 18:46,1.65,16523,United Kingdom,-1.65
C569636,22997,TRAVEL CARD WALLET UNION JACK,-2,10/5/2011 12:14,0.42,12841,United Kingdom,-0.84
545600,85160A,Unknown,-21,3/4/2011 11:45,0,Guest,United Kingdom,0
C558361,23238,SET OF 4 KNICK KNACK TINS LONDON ,-1,6/28/2011 15:13,4.15,15128,United Kingdom,-4.15
C538632,22423,REGENCY CAKESTAND 3 TIER,-1,12/13/2010 13:28,12.75,14085,United Kingdom,-12.75
C576831,23057,BEADED CHANDELIER T-LIGHT HOLDER,-144,11/16/2011 14:56,1,12748,United Kingdom,-144
C541735,22960,JAM MAKING SET WITH JARS,-1,1/21/2011 11:35,4.25,12626,Germany,-4.25
C553780,21870,I CAN ONLY PLEASE ONE PERSON MUG,-2,5/19/2011 10:53,1.25,15730,United Kingdom,-2.5
C573750,23393,HOME SWEET HOME CUSHION COVER ,-1,11/1/2011 9:29,3.75,16150,United Kingdom,-3.75
C546256,20674,GREEN POLKADOT BOWL,-6,3/10/2011 14:56,1.25,15738,United Kingdom,-7.5
575716,72802C,check,-21,11/10/2011 18:00,0,Guest,United Kingdom,0
C548460,22193,RED DINER WALL CLOCK,-2,3/31/2011 11:58,8.5,16801,United Kingdom,-17
C560409,21749,LARGE RED RETROSPOT WINDMILL,-6,7/18/2011 14:24,2.1,16717,United Kingdom,-12.6
C578090,POST,POSTAGE,-2,11/22/2011 17:03,40,12483,Sweden,-80
C566185,21539,RED RETROSPOT BUTTER DISH,-2,9/9/2011 13:02,4.25,18167,United Kingdom,-8.5
C537132,22788,BROCANTE COAT RACK,-2,12/5/2010 12:29,8.5,15221,United Kingdom,-17
C538763,22107,PIZZA PLATE IN BOX,-8,12/14/2010 11:33,3.75,17722,United Kingdom,-30
C549019,22230,JIGSAW TREE WITH WATERING CAN,-2,4/5/2011 15:22,0.85,12474,Germany,-1.7
C563220,22469,HEART OF WICKER SMALL,-6,8/14/2011 14:22,1.65,16150,United Kingdom,-9.9
C544580,S,SAMPLES,-1,2/21/2011 14:25,19.5,Guest,United Kingdom,-19.5
C559670,22670,FRENCH WC SIGN BLUE METAL,-1,7/11/2011 13:51,1.25,16033,United Kingdom,-1.25
C543764,85232D,SET/3 DECOUPAGE STACKING TINS,-3,2/11/2011 15:16,4.95,17035,United Kingdom,-14.85
C537805,22571,ROCKING HORSE RED CHRISTMAS ,-1,12/8/2010 13:18,0.85,15311,United Kingdom,-0.85
C566457,21528,DAIRY MAID TRADITIONAL TEAPOT ,-1,9/12/2011 17:02,6.95,17696,United Kingdom,-6.95
C579886,22197,POPCORN HOLDER,-1,11/30/2011 17:39,0.85,15676,United Kingdom,-0.85
C580918,21218,RED SPOTTY BISCUIT TIN,-24,12/6/2011 14:01,3.25,16779,United Kingdom,-78
C537402,47580,TEA TIME DES TEA COSY,-6,12/6/2010 14:43,2.55,15502,United Kingdom,-15.3
C569953,21926,RED/CREAM STRIPE CUSHION COVER ,-2,10/6/2011 18:31,1.25,15841,United Kingdom,-2.5
C549452,D,Discount,-1,4/8/2011 14:17,1867.86,17940,United Kingdom,-1867.86
C581569,20979,36 PENCILS TUBE RED RETROSPOT,-5,12/9/2011 11:58,1.25,17315,United Kingdom,-6.25
C540366,20719,WOODLAND CHARLOTTE BAG,-30,1/6/2011 16:14,0.72,15061,United Kingdom,-21.6
C579876,23013,GLASS APOTHECARY BOTTLE TONIC,-1,11/30/2011 17:02,3.95,18059,United Kingdom,-3.95
C580263,84819,DANISH ROSE ROUND SEWING BOX,-3,12/2/2011 12:43,4.25,12536,France,-12.75
C547024,22962,JAM JAR WITH PINK LID,-2,3/18/2011 16:36,0.85,15065,United Kingdom,-1.7
C550356,22907,PACK OF 20 NAPKINS PANTRY DESIGN,-8,4/18/2011 10:34,0.85,13458,United Kingdom,-6.8
544396,62094B,Unknown,-92,2/18/2011 12:16,0,Guest,United Kingdom,0
561524,16020C,Unknown,-2,7/27/2011 17:39,0,Guest,United Kingdom,0
C573187,22627,MINT KITCHEN SCALES,-1,10/28/2011 11:38,8.5,12709,Germany,-8.5
C538341,22086,PAPER CHAIN KIT 50'S CHRISTMAS ,-1,12/10/2010 14:03,2.95,15514,United Kingdom,-2.95
C537805,40001,WHITE BAMBOO RIBS LAMPSHADE,-2,12/8/2010 13:18,0.64,15311,United Kingdom,-1.28
C540250,79321,CHILLI LIGHTS,-1,1/5/2011 16:02,4.25,17511,United Kingdom,-4.25
C573098,23092,LARGE ANTIQUE WHITE PHOTO FRAME,-1,10/27/2011 14:45,7.9,15088,United Kingdom,-7.9
C549019,22236,CAKE STAND 3 TIER MAGIC GARDEN,-1,4/5/2011 15:22,12.75,12474,Germany,-12.75
C571507,16169E,WRAP 50'S  CHRISTMAS,-25,10/17/2011 15:24,0.42,13919,Denmark,-10.5
C550494,40001,WHITE BAMBOO RIBS LAMPSHADE,-2,4/18/2011 14:54,0.64,15311,United Kingdom,-1.28
538054,85167B,Unknown,-24,12/9/2010 13:34,0,Guest,United Kingdom,0
C564813,85066,CREAM SWEETHEART MINI CHEST,-1,8/30/2011 11:46,10.95,17173,United Kingdom,-10.95
C569940,23084,RABBIT NIGHT LIGHT,-4,10/6/2011 18:00,1.79,15611,United Kingdom,-7.16
C570996,23376,PACK OF 12 VINTAGE CHRISTMAS TISSUE,-24,10/13/2011 12:02,0.39,14849,United Kingdom,-9.36
C574031,POST,POSTAGE,-1,11/2/2011 12:36,5.5,13394,United Kingdom,-5.5
C570552,21931,JUMBO STORAGE BAG SUKI,-100,10/11/2011 11:01,1.74,16029,United Kingdom,-174
C539031,22202,MILK PAN PINK POLKADOT,-1,12/15/2010 14:25,3.75,12647,Germany,-3.75
C543175,22168,ORGANISER WOOD ANTIQUE WHITE ,-2,2/4/2011 9:46,8.5,12712,Germany,-17
561496,17090D,Unknown,-10,7/27/2011 14:08,0,Guest,United Kingdom,0
C542138,22535,MAGIC DRAWING SLATE BUNNIES ,-48,1/25/2011 17:21,0.42,17368,United Kingdom,-20.16
C568559,20956,PORCELAIN T-LIGHT HOLDERS ASSORTED,-2,9/27/2011 16:37,1.25,14397,United Kingdom,-2.5
C552031,22364,GLASS JAR DIGESTIVE BISCUITS,-10,5/5/2011 18:14,2.55,13089,United Kingdom,-25.5
C543729,22698,PINK REGENCY TEACUP AND SAUCER,-1,2/11/2011 11:55,2.95,15796,United Kingdom,-2.95
C577362,23110,PARISIENNE KEY CABINET ,-2,11/18/2011 16:14,5.75,14073,United Kingdom,-11.5
C561069,23302,KNEELING MAT HOUSEWORK  DESIGN,-24,7/24/2011 14:50,1.65,16570,United Kingdom,-39.6
556312,22924,sold as set on dotcom,-30,6/10/2011 10:46,0,Guest,United Kingdom,0
C571066,22405,MONEY BOX POCKET MONEY DESIGN,-1,10/13/2011 15:05,1.06,12709,Germany,-1.06
C574753,22720,SET OF 3 CAKE TINS PANTRY DESIGN ,-2,11/7/2011 9:20,4.95,13924,United Kingdom,-9.9
C567940,22423,REGENCY CAKESTAND 3 TIER,-1,9/22/2011 18:21,12.75,16984,United Kingdom,-12.75
C539838,22198,LARGE POPCORN HOLDER ,-10,12/22/2010 13:59,1.65,13458,United Kingdom,-16.5
C579764,23486,ANTIQUE HEART SHELF UNIT,-1,11/30/2011 15:07,16.65,14936,Channel Islands,-16.65
548536,90010B,Unknown,-50,3/31/2011 17:34,0,Guest,United Kingdom,0
C558106,22433,WATERING CAN GREEN DINOSAUR,-1,6/26/2011 14:59,1.95,13668,United Kingdom,-1.95
C562952,23111,PARISIENNE SEWING BOX,-1,8/11/2011 10:10,12.5,12749,United Kingdom,-12.5
C580919,21833,CAMOUFLAGE LED TORCH,-1,12/6/2011 14:07,1.69,16571,United Kingdom,-1.69
C569490,15056N,EDWARDIAN PARASOL NATURAL,-33,10/4/2011 13:15,5.95,12457,Cyprus,-196.35
C565848,22659,LUNCH BOX I LOVE LONDON,-1,9/7/2011 12:48,1.95,14606,United Kingdom,-1.95
C571859,84976,RECTANGULAR SHAPED MIRROR,-12,10/19/2011 13:39,0.79,15159,United Kingdom,-9.48
C538091,35400,WOODEN BOX ADVENT CALENDAR ,-2,12/9/2010 14:48,8.95,16499,United Kingdom,-17.9
549374,20775,Unknown,-29,4/8/2011 11:29,0,Guest,United Kingdom,0
C539031,22847,BREAD BIN DINER STYLE IVORY,-1,12/15/2010 14:25,14.95,12647,Germany,-14.95
C545724,22423,REGENCY CAKESTAND 3 TIER,-8,3/7/2011 11:18,12.75,14051,United Kingdom,-102
C571196,22632,HAND WARMER RED RETROSPOT,-12,10/14/2011 12:02,2.1,Guest,United Kingdom,-25.2
C541710,22561,WOODEN SCHOOL COLOURING SET,-12,1/21/2011 11:17,1.65,14320,United Kingdom,-19.8
554679,35916A,Unknown,-21,5/25/2011 16:04,0,Guest,United Kingdom,0
C567187,22383,LUNCH BAG SUKI DESIGN ,-1,9/19/2011 8:40,1.65,12705,Germany,-1.65
C569985,16161U,WRAP SUKI AND FRIENDS,-25,10/6/2011 19:51,0.42,15365,United Kingdom,-10.5
C570867,47559B,TEA TIME OVEN GLOVE,-10,10/12/2011 16:17,1.25,12607,USA,-12.5
C553763,22487,WHITE WOOD GARDEN PLANT LADDER,-1,5/19/2011 10:39,9.95,15081,United Kingdom,-9.95
C579889,23245,SET OF 3 REGENCY CAKE TINS,-8,12/1/2011 8:12,4.15,13853,United Kingdom,-33.2
C571196,21212,PACK OF 72 RETROSPOT CAKE CASES,-24,10/14/2011 12:02,0.55,Guest,United Kingdom,-13.2
C562375,22980,PANTRY SCRUBBING BRUSH,-48,8/4/2011 14:46,1.45,14911,EIRE,-69.6
C546170,21713,CITRONELLA CANDLE FLOWERPOT,-5,3/10/2011 10:29,1.85,15034,United Kingdom,-9.25
